Copyright 1986-2021 Xilinx, Inc. All Rights Reserved.
-----------------------------------------------------------------------------------------------------------------------------------------------------------------------------------------------------------------------------
| Tool Version : Vivado v.2021.1 (win64) Build 3247384 Thu Jun 10 19:36:33 MDT 2021
| Date         : Thu Feb 26 16:19:55 2026
| Host         : DESKTOP-FAVD00F running 64-bit major release  (build 9200)
| Command      : report_timing_summary -max_paths 10 -file top_my_pwm_dcmotor_timing_summary_routed.rpt -pb top_my_pwm_dcmotor_timing_summary_routed.pb -rpx top_my_pwm_dcmotor_timing_summary_routed.rpx -warn_on_violation
| Design       : top_my_pwm_dcmotor
| Device       : 7a35t-cpg236
| Speed File   : -1  PRODUCTION 1.23 2018-06-13
-----------------------------------------------------------------------------------------------------------------------------------------------------------------------------------------------------------------------------

Timing Summary Report

------------------------------------------------------------------------------------------------
| Timer Settings
| --------------
------------------------------------------------------------------------------------------------

  Enable Multi Corner Analysis               :  Yes
  Enable Pessimism Removal                   :  Yes
  Pessimism Removal Resolution               :  Nearest Common Node
  Enable Input Delay Default Clock           :  No
  Enable Preset / Clear Arcs                 :  No
  Disable Flight Delays                      :  No
  Ignore I/O Paths                           :  No
  Timing Early Launch at Borrowing Latches   :  No
  Borrow Time for Max Delay Exceptions       :  Yes
  Merge Timing Exceptions                    :  Yes

  Corner  Analyze    Analyze    
  Name    Max Paths  Min Paths  
  ------  ---------  ---------  
  Slow    Yes        Yes        
  Fast    Yes        Yes        


------------------------------------------------------------------------------------------------
| Report Methodology
| ------------------
------------------------------------------------------------------------------------------------

Rule       Severity  Description                    Violations  
---------  --------  -----------------------------  ----------  
TIMING-18  Warning   Missing input or output delay  17          

Note: This report is based on the most recent report_methodology run and may not be up-to-date. Run report_methodology on the current design for the latest report.



check_timing report

Table of Contents
-----------------
1. checking no_clock (0)
2. checking constant_clock (0)
3. checking pulse_width_clock (0)
4. checking unconstrained_internal_endpoints (0)
5. checking no_input_delay (3)
6. checking no_output_delay (13)
7. checking multiple_clock (0)
8. checking generated_clocks (0)
9. checking loops (0)
10. checking partial_input_delay (0)
11. checking partial_output_delay (0)
12. checking latch_loops (0)

1. checking no_clock (0)
------------------------
 There are 0 register/latch pins with no clock.


2. checking constant_clock (0)
------------------------------
 There are 0 register/latch pins with constant_clock.


3. checking pulse_width_clock (0)
---------------------------------
 There are 0 register/latch pins which need pulse_width check


4. checking unconstrained_internal_endpoints (0)
------------------------------------------------
 There are 0 pins that are not constrained for maximum delay.

 There are 0 pins that are not constrained for maximum delay due to constant clock.


5. checking no_input_delay (3)
------------------------------
 There are 3 input ports with no input delay specified. (HIGH)

 There are 0 input ports with no input delay but user has a false path constraint.


6. checking no_output_delay (13)
--------------------------------
 There are 13 ports with no output delay specified. (HIGH)

 There are 0 ports with no output delay but user has a false path constraint

 There are 0 ports with no output delay but with a timing clock defined on it or propagating through it


7. checking multiple_clock (0)
------------------------------
 There are 0 register/latch pins with multiple clocks.


8. checking generated_clocks (0)
--------------------------------
 There are 0 generated clocks that are not connected to a clock source.


9. checking loops (0)
---------------------
 There are 0 combinational loops in the design.


10. checking partial_input_delay (0)
------------------------------------
 There are 0 input ports with partial input delay specified.


11. checking partial_output_delay (0)
-------------------------------------
 There are 0 ports with partial output delay specified.


12. checking latch_loops (0)
----------------------------
 There are 0 combinational latch loops in the design through latch input



------------------------------------------------------------------------------------------------
| Design Timing Summary
| ---------------------
------------------------------------------------------------------------------------------------

    WNS(ns)      TNS(ns)  TNS Failing Endpoints  TNS Total Endpoints      WHS(ns)      THS(ns)  THS Failing Endpoints  THS Total Endpoints     WPWS(ns)     TPWS(ns)  TPWS Failing Endpoints  TPWS Total Endpoints  
    -------      -------  ---------------------  -------------------      -------      -------  ---------------------  -------------------     --------     --------  ----------------------  --------------------  
      5.845        0.000                      0                   88        0.237        0.000                      0                   88        4.500        0.000                       0                    76  


All user specified timing constraints are met.


------------------------------------------------------------------------------------------------
| Clock Summary
| -------------
------------------------------------------------------------------------------------------------

Clock        Waveform(ns)       Period(ns)      Frequency(MHz)
-----        ------------       ----------      --------------
sys_clk_pin  {0.000 5.000}      10.000          100.000         


------------------------------------------------------------------------------------------------
| Intra Clock Table
| -----------------
------------------------------------------------------------------------------------------------

Clock             WNS(ns)      TNS(ns)  TNS Failing Endpoints  TNS Total Endpoints      WHS(ns)      THS(ns)  THS Failing Endpoints  THS Total Endpoints     WPWS(ns)     TPWS(ns)  TPWS Failing Endpoints  TPWS Total Endpoints  
-----             -------      -------  ---------------------  -------------------      -------      -------  ---------------------  -------------------     --------     --------  ----------------------  --------------------  
sys_clk_pin         5.845        0.000                      0                   88        0.237        0.000                      0                   88        4.500        0.000                       0                    76  


------------------------------------------------------------------------------------------------
| Inter Clock Table
| -----------------
------------------------------------------------------------------------------------------------

From Clock    To Clock          WNS(ns)      TNS(ns)  TNS Failing Endpoints  TNS Total Endpoints      WHS(ns)      THS(ns)  THS Failing Endpoints  THS Total Endpoints  
----------    --------          -------      -------  ---------------------  -------------------      -------      -------  ---------------------  -------------------  


------------------------------------------------------------------------------------------------
| Other Path Groups Table
| -----------------------
------------------------------------------------------------------------------------------------

Path Group    From Clock    To Clock          WNS(ns)      TNS(ns)  TNS Failing Endpoints  TNS Total Endpoints      WHS(ns)      THS(ns)  THS Failing Endpoints  THS Total Endpoints  
----------    ----------    --------          -------      -------  ---------------------  -------------------      -------      -------  ---------------------  -------------------  


------------------------------------------------------------------------------------------------
| Timing Details
| --------------
------------------------------------------------------------------------------------------------


---------------------------------------------------------------------------------------------------
From Clock:  sys_clk_pin
  To Clock:  sys_clk_pin

Setup :            0  Failing Endpoints,  Worst Slack        5.845ns,  Total Violation        0.000ns
Hold  :            0  Failing Endpoints,  Worst Slack        0.237ns,  Total Violation        0.000ns
PW    :            0  Failing Endpoints,  Worst Slack        4.500ns,  Total Violation        0.000ns
---------------------------------------------------------------------------------------------------


Max Delay Paths
--------------------------------------------------------------------------------------
Slack (MET) :             5.845ns  (required time - arrival time)
  Source:                 u_fnd_controller/u_fnd_digit_select/r_1ms_counter_reg[5]/C
                            (rising edge-triggered cell FDCE clocked by sys_clk_pin  {rise@0.000ns fall@5.000ns period=10.000ns})
  Destination:            u_fnd_controller/u_fnd_digit_select/r_1ms_counter_reg[16]/D
                            (rising edge-triggered cell FDCE clocked by sys_clk_pin  {rise@0.000ns fall@5.000ns period=10.000ns})
  Path Group:             sys_clk_pin
  Path Type:              Setup (Max at Slow Process Corner)
  Requirement:            10.000ns  (sys_clk_pin rise@10.000ns - sys_clk_pin rise@0.000ns)
  Data Path Delay:        4.145ns  (logic 1.925ns (46.439%)  route 2.220ns (53.561%))
  Logic Levels:           8  (CARRY4=5 LUT3=1 LUT6=2)
  Clock Path Skew:        -0.036ns (DCD - SCD + CPR)
    Destination Clock Delay (DCD):    4.845ns = ( 14.845 - 10.000 ) 
    Source Clock Delay      (SCD):    5.141ns
    Clock Pessimism Removal (CPR):    0.260ns
  Clock Uncertainty:      0.035ns  ((TSJ^2 + TIJ^2)^1/2 + DJ) / 2 + PE
    Total System Jitter     (TSJ):    0.071ns
    Total Input Jitter      (TIJ):    0.000ns
    Discrete Jitter          (DJ):    0.000ns
    Phase Error              (PE):    0.000ns

    Location             Delay type                Incr(ns)  Path(ns)    Netlist Resource(s)
  -------------------------------------------------------------------    -------------------
                         (clock sys_clk_pin rise edge)
                                                      0.000     0.000 r  
    W5                                                0.000     0.000 r  clk (IN)
                         net (fo=0)                   0.000     0.000    clk
    W5                   IBUF (Prop_ibuf_I_O)         1.458     1.458 r  clk_IBUF_inst/O
                         net (fo=1, routed)           1.967     3.425    clk_IBUF
    BUFGCTRL_X0Y0        BUFG (Prop_bufg_I_O)         0.096     3.521 r  clk_IBUF_BUFG_inst/O
                         net (fo=75, routed)          1.620     5.141    u_fnd_controller/u_fnd_digit_select/CLK
    SLICE_X63Y23         FDCE                                         r  u_fnd_controller/u_fnd_digit_select/r_1ms_counter_reg[5]/C
  -------------------------------------------------------------------    -------------------
    SLICE_X63Y23         FDCE (Prop_fdce_C_Q)         0.456     5.597 f  u_fnd_controller/u_fnd_digit_select/r_1ms_counter_reg[5]/Q
                         net (fo=2, routed)           0.821     6.418    u_fnd_controller/u_fnd_digit_select/r_1ms_counter_reg[5]
    SLICE_X62Y24         LUT6 (Prop_lut6_I1_O)        0.124     6.542 r  u_fnd_controller/u_fnd_digit_select/sel[1]_i_3/O
                         net (fo=1, routed)           0.327     6.869    u_fnd_controller/u_fnd_digit_select/sel[1]_i_3_n_0
    SLICE_X62Y25         LUT6 (Prop_lut6_I1_O)        0.124     6.993 r  u_fnd_controller/u_fnd_digit_select/sel[1]_i_2/O
                         net (fo=21, routed)          1.063     8.056    u_fnd_controller/u_fnd_digit_select/sel[1]_i_2_n_0
    SLICE_X63Y22         LUT3 (Prop_lut3_I1_O)        0.124     8.180 r  u_fnd_controller/u_fnd_digit_select/r_1ms_counter[0]_i_6/O
                         net (fo=1, routed)           0.000     8.180    u_fnd_controller/u_fnd_digit_select/r_1ms_counter[0]_i_6_n_0
    SLICE_X63Y22         CARRY4 (Prop_carry4_S[0]_CO[3])
                                                      0.532     8.712 r  u_fnd_controller/u_fnd_digit_select/r_1ms_counter_reg[0]_i_1/CO[3]
                         net (fo=1, routed)           0.000     8.712    u_fnd_controller/u_fnd_digit_select/r_1ms_counter_reg[0]_i_1_n_0
    SLICE_X63Y23         CARRY4 (Prop_carry4_CI_CO[3])
                                                      0.114     8.826 r  u_fnd_controller/u_fnd_digit_select/r_1ms_counter_reg[4]_i_1/CO[3]
                         net (fo=1, routed)           0.000     8.826    u_fnd_controller/u_fnd_digit_select/r_1ms_counter_reg[4]_i_1_n_0
    SLICE_X63Y24         CARRY4 (Prop_carry4_CI_CO[3])
                                                      0.114     8.940 r  u_fnd_controller/u_fnd_digit_select/r_1ms_counter_reg[8]_i_1/CO[3]
                         net (fo=1, routed)           0.009     8.949    u_fnd_controller/u_fnd_digit_select/r_1ms_counter_reg[8]_i_1_n_0
    SLICE_X63Y25         CARRY4 (Prop_carry4_CI_CO[3])
                                                      0.114     9.063 r  u_fnd_controller/u_fnd_digit_select/r_1ms_counter_reg[12]_i_1/CO[3]
                         net (fo=1, routed)           0.000     9.063    u_fnd_controller/u_fnd_digit_select/r_1ms_counter_reg[12]_i_1_n_0
    SLICE_X63Y26         CARRY4 (Prop_carry4_CI_O[0])
                                                      0.223     9.286 r  u_fnd_controller/u_fnd_digit_select/r_1ms_counter_reg[16]_i_1/O[0]
                         net (fo=1, routed)           0.000     9.286    u_fnd_controller/u_fnd_digit_select/r_1ms_counter_reg[16]_i_1_n_7
    SLICE_X63Y26         FDCE                                         r  u_fnd_controller/u_fnd_digit_select/r_1ms_counter_reg[16]/D
  -------------------------------------------------------------------    -------------------

                         (clock sys_clk_pin rise edge)
                                                     10.000    10.000 r  
    W5                                                0.000    10.000 r  clk (IN)
                         net (fo=0)                   0.000    10.000    clk
    W5                   IBUF (Prop_ibuf_I_O)         1.388    11.388 r  clk_IBUF_inst/O
                         net (fo=1, routed)           1.862    13.250    clk_IBUF
    BUFGCTRL_X0Y0        BUFG (Prop_bufg_I_O)         0.091    13.341 r  clk_IBUF_BUFG_inst/O
                         net (fo=75, routed)          1.504    14.845    u_fnd_controller/u_fnd_digit_select/CLK
    SLICE_X63Y26         FDCE                                         r  u_fnd_controller/u_fnd_digit_select/r_1ms_counter_reg[16]/C
                         clock pessimism              0.260    15.105    
                         clock uncertainty           -0.035    15.070    
    SLICE_X63Y26         FDCE (Setup_fdce_C_D)        0.062    15.132    u_fnd_controller/u_fnd_digit_select/r_1ms_counter_reg[16]
  -------------------------------------------------------------------
                         required time                         15.132    
                         arrival time                          -9.286    
  -------------------------------------------------------------------
                         slack                                  5.845    

Slack (MET) :             5.846ns  (required time - arrival time)
  Source:                 u_fnd_controller/u_fnd_digit_select/r_1ms_counter_reg[5]/C
                            (rising edge-triggered cell FDCE clocked by sys_clk_pin  {rise@0.000ns fall@5.000ns period=10.000ns})
  Destination:            u_fnd_controller/u_fnd_digit_select/r_1ms_counter_reg[13]/D
                            (rising edge-triggered cell FDCE clocked by sys_clk_pin  {rise@0.000ns fall@5.000ns period=10.000ns})
  Path Group:             sys_clk_pin
  Path Type:              Setup (Max at Slow Process Corner)
  Requirement:            10.000ns  (sys_clk_pin rise@10.000ns - sys_clk_pin rise@0.000ns)
  Data Path Delay:        4.142ns  (logic 1.922ns (46.400%)  route 2.220ns (53.600%))
  Logic Levels:           7  (CARRY4=4 LUT3=1 LUT6=2)
  Clock Path Skew:        -0.038ns (DCD - SCD + CPR)
    Destination Clock Delay (DCD):    4.843ns = ( 14.843 - 10.000 ) 
    Source Clock Delay      (SCD):    5.141ns
    Clock Pessimism Removal (CPR):    0.260ns
  Clock Uncertainty:      0.035ns  ((TSJ^2 + TIJ^2)^1/2 + DJ) / 2 + PE
    Total System Jitter     (TSJ):    0.071ns
    Total Input Jitter      (TIJ):    0.000ns
    Discrete Jitter          (DJ):    0.000ns
    Phase Error              (PE):    0.000ns

    Location             Delay type                Incr(ns)  Path(ns)    Netlist Resource(s)
  -------------------------------------------------------------------    -------------------
                         (clock sys_clk_pin rise edge)
                                                      0.000     0.000 r  
    W5                                                0.000     0.000 r  clk (IN)
                         net (fo=0)                   0.000     0.000    clk
    W5                   IBUF (Prop_ibuf_I_O)         1.458     1.458 r  clk_IBUF_inst/O
                         net (fo=1, routed)           1.967     3.425    clk_IBUF
    BUFGCTRL_X0Y0        BUFG (Prop_bufg_I_O)         0.096     3.521 r  clk_IBUF_BUFG_inst/O
                         net (fo=75, routed)          1.620     5.141    u_fnd_controller/u_fnd_digit_select/CLK
    SLICE_X63Y23         FDCE                                         r  u_fnd_controller/u_fnd_digit_select/r_1ms_counter_reg[5]/C
  -------------------------------------------------------------------    -------------------
    SLICE_X63Y23         FDCE (Prop_fdce_C_Q)         0.456     5.597 f  u_fnd_controller/u_fnd_digit_select/r_1ms_counter_reg[5]/Q
                         net (fo=2, routed)           0.821     6.418    u_fnd_controller/u_fnd_digit_select/r_1ms_counter_reg[5]
    SLICE_X62Y24         LUT6 (Prop_lut6_I1_O)        0.124     6.542 r  u_fnd_controller/u_fnd_digit_select/sel[1]_i_3/O
                         net (fo=1, routed)           0.327     6.869    u_fnd_controller/u_fnd_digit_select/sel[1]_i_3_n_0
    SLICE_X62Y25         LUT6 (Prop_lut6_I1_O)        0.124     6.993 r  u_fnd_controller/u_fnd_digit_select/sel[1]_i_2/O
                         net (fo=21, routed)          1.063     8.056    u_fnd_controller/u_fnd_digit_select/sel[1]_i_2_n_0
    SLICE_X63Y22         LUT3 (Prop_lut3_I1_O)        0.124     8.180 r  u_fnd_controller/u_fnd_digit_select/r_1ms_counter[0]_i_6/O
                         net (fo=1, routed)           0.000     8.180    u_fnd_controller/u_fnd_digit_select/r_1ms_counter[0]_i_6_n_0
    SLICE_X63Y22         CARRY4 (Prop_carry4_S[0]_CO[3])
                                                      0.532     8.712 r  u_fnd_controller/u_fnd_digit_select/r_1ms_counter_reg[0]_i_1/CO[3]
                         net (fo=1, routed)           0.000     8.712    u_fnd_controller/u_fnd_digit_select/r_1ms_counter_reg[0]_i_1_n_0
    SLICE_X63Y23         CARRY4 (Prop_carry4_CI_CO[3])
                                                      0.114     8.826 r  u_fnd_controller/u_fnd_digit_select/r_1ms_counter_reg[4]_i_1/CO[3]
                         net (fo=1, routed)           0.000     8.826    u_fnd_controller/u_fnd_digit_select/r_1ms_counter_reg[4]_i_1_n_0
    SLICE_X63Y24         CARRY4 (Prop_carry4_CI_CO[3])
                                                      0.114     8.940 r  u_fnd_controller/u_fnd_digit_select/r_1ms_counter_reg[8]_i_1/CO[3]
                         net (fo=1, routed)           0.009     8.949    u_fnd_controller/u_fnd_digit_select/r_1ms_counter_reg[8]_i_1_n_0
    SLICE_X63Y25         CARRY4 (Prop_carry4_CI_O[1])
                                                      0.334     9.283 r  u_fnd_controller/u_fnd_digit_select/r_1ms_counter_reg[12]_i_1/O[1]
                         net (fo=1, routed)           0.000     9.283    u_fnd_controller/u_fnd_digit_select/r_1ms_counter_reg[12]_i_1_n_6
    SLICE_X63Y25         FDCE                                         r  u_fnd_controller/u_fnd_digit_select/r_1ms_counter_reg[13]/D
  -------------------------------------------------------------------    -------------------

                         (clock sys_clk_pin rise edge)
                                                     10.000    10.000 r  
    W5                                                0.000    10.000 r  clk (IN)
                         net (fo=0)                   0.000    10.000    clk
    W5                   IBUF (Prop_ibuf_I_O)         1.388    11.388 r  clk_IBUF_inst/O
                         net (fo=1, routed)           1.862    13.250    clk_IBUF
    BUFGCTRL_X0Y0        BUFG (Prop_bufg_I_O)         0.091    13.341 r  clk_IBUF_BUFG_inst/O
                         net (fo=75, routed)          1.502    14.843    u_fnd_controller/u_fnd_digit_select/CLK
    SLICE_X63Y25         FDCE                                         r  u_fnd_controller/u_fnd_digit_select/r_1ms_counter_reg[13]/C
                         clock pessimism              0.260    15.103    
                         clock uncertainty           -0.035    15.068    
    SLICE_X63Y25         FDCE (Setup_fdce_C_D)        0.062    15.130    u_fnd_controller/u_fnd_digit_select/r_1ms_counter_reg[13]
  -------------------------------------------------------------------
                         required time                         15.130    
                         arrival time                          -9.283    
  -------------------------------------------------------------------
                         slack                                  5.846    

Slack (MET) :             5.867ns  (required time - arrival time)
  Source:                 u_fnd_controller/u_fnd_digit_select/r_1ms_counter_reg[5]/C
                            (rising edge-triggered cell FDCE clocked by sys_clk_pin  {rise@0.000ns fall@5.000ns period=10.000ns})
  Destination:            u_fnd_controller/u_fnd_digit_select/r_1ms_counter_reg[15]/D
                            (rising edge-triggered cell FDCE clocked by sys_clk_pin  {rise@0.000ns fall@5.000ns period=10.000ns})
  Path Group:             sys_clk_pin
  Path Type:              Setup (Max at Slow Process Corner)
  Requirement:            10.000ns  (sys_clk_pin rise@10.000ns - sys_clk_pin rise@0.000ns)
  Data Path Delay:        4.121ns  (logic 1.901ns (46.127%)  route 2.220ns (53.873%))
  Logic Levels:           7  (CARRY4=4 LUT3=1 LUT6=2)
  Clock Path Skew:        -0.038ns (DCD - SCD + CPR)
    Destination Clock Delay (DCD):    4.843ns = ( 14.843 - 10.000 ) 
    Source Clock Delay      (SCD):    5.141ns
    Clock Pessimism Removal (CPR):    0.260ns
  Clock Uncertainty:      0.035ns  ((TSJ^2 + TIJ^2)^1/2 + DJ) / 2 + PE
    Total System Jitter     (TSJ):    0.071ns
    Total Input Jitter      (TIJ):    0.000ns
    Discrete Jitter          (DJ):    0.000ns
    Phase Error              (PE):    0.000ns

    Location             Delay type                Incr(ns)  Path(ns)    Netlist Resource(s)
  -------------------------------------------------------------------    -------------------
                         (clock sys_clk_pin rise edge)
                                                      0.000     0.000 r  
    W5                                                0.000     0.000 r  clk (IN)
                         net (fo=0)                   0.000     0.000    clk
    W5                   IBUF (Prop_ibuf_I_O)         1.458     1.458 r  clk_IBUF_inst/O
                         net (fo=1, routed)           1.967     3.425    clk_IBUF
    BUFGCTRL_X0Y0        BUFG (Prop_bufg_I_O)         0.096     3.521 r  clk_IBUF_BUFG_inst/O
                         net (fo=75, routed)          1.620     5.141    u_fnd_controller/u_fnd_digit_select/CLK
    SLICE_X63Y23         FDCE                                         r  u_fnd_controller/u_fnd_digit_select/r_1ms_counter_reg[5]/C
  -------------------------------------------------------------------    -------------------
    SLICE_X63Y23         FDCE (Prop_fdce_C_Q)         0.456     5.597 f  u_fnd_controller/u_fnd_digit_select/r_1ms_counter_reg[5]/Q
                         net (fo=2, routed)           0.821     6.418    u_fnd_controller/u_fnd_digit_select/r_1ms_counter_reg[5]
    SLICE_X62Y24         LUT6 (Prop_lut6_I1_O)        0.124     6.542 r  u_fnd_controller/u_fnd_digit_select/sel[1]_i_3/O
                         net (fo=1, routed)           0.327     6.869    u_fnd_controller/u_fnd_digit_select/sel[1]_i_3_n_0
    SLICE_X62Y25         LUT6 (Prop_lut6_I1_O)        0.124     6.993 r  u_fnd_controller/u_fnd_digit_select/sel[1]_i_2/O
                         net (fo=21, routed)          1.063     8.056    u_fnd_controller/u_fnd_digit_select/sel[1]_i_2_n_0
    SLICE_X63Y22         LUT3 (Prop_lut3_I1_O)        0.124     8.180 r  u_fnd_controller/u_fnd_digit_select/r_1ms_counter[0]_i_6/O
                         net (fo=1, routed)           0.000     8.180    u_fnd_controller/u_fnd_digit_select/r_1ms_counter[0]_i_6_n_0
    SLICE_X63Y22         CARRY4 (Prop_carry4_S[0]_CO[3])
                                                      0.532     8.712 r  u_fnd_controller/u_fnd_digit_select/r_1ms_counter_reg[0]_i_1/CO[3]
                         net (fo=1, routed)           0.000     8.712    u_fnd_controller/u_fnd_digit_select/r_1ms_counter_reg[0]_i_1_n_0
    SLICE_X63Y23         CARRY4 (Prop_carry4_CI_CO[3])
                                                      0.114     8.826 r  u_fnd_controller/u_fnd_digit_select/r_1ms_counter_reg[4]_i_1/CO[3]
                         net (fo=1, routed)           0.000     8.826    u_fnd_controller/u_fnd_digit_select/r_1ms_counter_reg[4]_i_1_n_0
    SLICE_X63Y24         CARRY4 (Prop_carry4_CI_CO[3])
                                                      0.114     8.940 r  u_fnd_controller/u_fnd_digit_select/r_1ms_counter_reg[8]_i_1/CO[3]
                         net (fo=1, routed)           0.009     8.949    u_fnd_controller/u_fnd_digit_select/r_1ms_counter_reg[8]_i_1_n_0
    SLICE_X63Y25         CARRY4 (Prop_carry4_CI_O[3])
                                                      0.313     9.262 r  u_fnd_controller/u_fnd_digit_select/r_1ms_counter_reg[12]_i_1/O[3]
                         net (fo=1, routed)           0.000     9.262    u_fnd_controller/u_fnd_digit_select/r_1ms_counter_reg[12]_i_1_n_4
    SLICE_X63Y25         FDCE                                         r  u_fnd_controller/u_fnd_digit_select/r_1ms_counter_reg[15]/D
  -------------------------------------------------------------------    -------------------

                         (clock sys_clk_pin rise edge)
                                                     10.000    10.000 r  
    W5                                                0.000    10.000 r  clk (IN)
                         net (fo=0)                   0.000    10.000    clk
    W5                   IBUF (Prop_ibuf_I_O)         1.388    11.388 r  clk_IBUF_inst/O
                         net (fo=1, routed)           1.862    13.250    clk_IBUF
    BUFGCTRL_X0Y0        BUFG (Prop_bufg_I_O)         0.091    13.341 r  clk_IBUF_BUFG_inst/O
                         net (fo=75, routed)          1.502    14.843    u_fnd_controller/u_fnd_digit_select/CLK
    SLICE_X63Y25         FDCE                                         r  u_fnd_controller/u_fnd_digit_select/r_1ms_counter_reg[15]/C
                         clock pessimism              0.260    15.103    
                         clock uncertainty           -0.035    15.068    
    SLICE_X63Y25         FDCE (Setup_fdce_C_D)        0.062    15.130    u_fnd_controller/u_fnd_digit_select/r_1ms_counter_reg[15]
  -------------------------------------------------------------------
                         required time                         15.130    
                         arrival time                          -9.262    
  -------------------------------------------------------------------
                         slack                                  5.867    

Slack (MET) :             5.941ns  (required time - arrival time)
  Source:                 u_fnd_controller/u_fnd_digit_select/r_1ms_counter_reg[5]/C
                            (rising edge-triggered cell FDCE clocked by sys_clk_pin  {rise@0.000ns fall@5.000ns period=10.000ns})
  Destination:            u_fnd_controller/u_fnd_digit_select/r_1ms_counter_reg[14]/D
                            (rising edge-triggered cell FDCE clocked by sys_clk_pin  {rise@0.000ns fall@5.000ns period=10.000ns})
  Path Group:             sys_clk_pin
  Path Type:              Setup (Max at Slow Process Corner)
  Requirement:            10.000ns  (sys_clk_pin rise@10.000ns - sys_clk_pin rise@0.000ns)
  Data Path Delay:        4.047ns  (logic 1.827ns (45.142%)  route 2.220ns (54.858%))
  Logic Levels:           7  (CARRY4=4 LUT3=1 LUT6=2)
  Clock Path Skew:        -0.038ns (DCD - SCD + CPR)
    Destination Clock Delay (DCD):    4.843ns = ( 14.843 - 10.000 ) 
    Source Clock Delay      (SCD):    5.141ns
    Clock Pessimism Removal (CPR):    0.260ns
  Clock Uncertainty:      0.035ns  ((TSJ^2 + TIJ^2)^1/2 + DJ) / 2 + PE
    Total System Jitter     (TSJ):    0.071ns
    Total Input Jitter      (TIJ):    0.000ns
    Discrete Jitter          (DJ):    0.000ns
    Phase Error              (PE):    0.000ns

    Location             Delay type                Incr(ns)  Path(ns)    Netlist Resource(s)
  -------------------------------------------------------------------    -------------------
                         (clock sys_clk_pin rise edge)
                                                      0.000     0.000 r  
    W5                                                0.000     0.000 r  clk (IN)
                         net (fo=0)                   0.000     0.000    clk
    W5                   IBUF (Prop_ibuf_I_O)         1.458     1.458 r  clk_IBUF_inst/O
                         net (fo=1, routed)           1.967     3.425    clk_IBUF
    BUFGCTRL_X0Y0        BUFG (Prop_bufg_I_O)         0.096     3.521 r  clk_IBUF_BUFG_inst/O
                         net (fo=75, routed)          1.620     5.141    u_fnd_controller/u_fnd_digit_select/CLK
    SLICE_X63Y23         FDCE                                         r  u_fnd_controller/u_fnd_digit_select/r_1ms_counter_reg[5]/C
  -------------------------------------------------------------------    -------------------
    SLICE_X63Y23         FDCE (Prop_fdce_C_Q)         0.456     5.597 f  u_fnd_controller/u_fnd_digit_select/r_1ms_counter_reg[5]/Q
                         net (fo=2, routed)           0.821     6.418    u_fnd_controller/u_fnd_digit_select/r_1ms_counter_reg[5]
    SLICE_X62Y24         LUT6 (Prop_lut6_I1_O)        0.124     6.542 r  u_fnd_controller/u_fnd_digit_select/sel[1]_i_3/O
                         net (fo=1, routed)           0.327     6.869    u_fnd_controller/u_fnd_digit_select/sel[1]_i_3_n_0
    SLICE_X62Y25         LUT6 (Prop_lut6_I1_O)        0.124     6.993 r  u_fnd_controller/u_fnd_digit_select/sel[1]_i_2/O
                         net (fo=21, routed)          1.063     8.056    u_fnd_controller/u_fnd_digit_select/sel[1]_i_2_n_0
    SLICE_X63Y22         LUT3 (Prop_lut3_I1_O)        0.124     8.180 r  u_fnd_controller/u_fnd_digit_select/r_1ms_counter[0]_i_6/O
                         net (fo=1, routed)           0.000     8.180    u_fnd_controller/u_fnd_digit_select/r_1ms_counter[0]_i_6_n_0
    SLICE_X63Y22         CARRY4 (Prop_carry4_S[0]_CO[3])
                                                      0.532     8.712 r  u_fnd_controller/u_fnd_digit_select/r_1ms_counter_reg[0]_i_1/CO[3]
                         net (fo=1, routed)           0.000     8.712    u_fnd_controller/u_fnd_digit_select/r_1ms_counter_reg[0]_i_1_n_0
    SLICE_X63Y23         CARRY4 (Prop_carry4_CI_CO[3])
                                                      0.114     8.826 r  u_fnd_controller/u_fnd_digit_select/r_1ms_counter_reg[4]_i_1/CO[3]
                         net (fo=1, routed)           0.000     8.826    u_fnd_controller/u_fnd_digit_select/r_1ms_counter_reg[4]_i_1_n_0
    SLICE_X63Y24         CARRY4 (Prop_carry4_CI_CO[3])
                                                      0.114     8.940 r  u_fnd_controller/u_fnd_digit_select/r_1ms_counter_reg[8]_i_1/CO[3]
                         net (fo=1, routed)           0.009     8.949    u_fnd_controller/u_fnd_digit_select/r_1ms_counter_reg[8]_i_1_n_0
    SLICE_X63Y25         CARRY4 (Prop_carry4_CI_O[2])
                                                      0.239     9.188 r  u_fnd_controller/u_fnd_digit_select/r_1ms_counter_reg[12]_i_1/O[2]
                         net (fo=1, routed)           0.000     9.188    u_fnd_controller/u_fnd_digit_select/r_1ms_counter_reg[12]_i_1_n_5
    SLICE_X63Y25         FDCE                                         r  u_fnd_controller/u_fnd_digit_select/r_1ms_counter_reg[14]/D
  -------------------------------------------------------------------    -------------------

                         (clock sys_clk_pin rise edge)
                                                     10.000    10.000 r  
    W5                                                0.000    10.000 r  clk (IN)
                         net (fo=0)                   0.000    10.000    clk
    W5                   IBUF (Prop_ibuf_I_O)         1.388    11.388 r  clk_IBUF_inst/O
                         net (fo=1, routed)           1.862    13.250    clk_IBUF
    BUFGCTRL_X0Y0        BUFG (Prop_bufg_I_O)         0.091    13.341 r  clk_IBUF_BUFG_inst/O
                         net (fo=75, routed)          1.502    14.843    u_fnd_controller/u_fnd_digit_select/CLK
    SLICE_X63Y25         FDCE                                         r  u_fnd_controller/u_fnd_digit_select/r_1ms_counter_reg[14]/C
                         clock pessimism              0.260    15.103    
                         clock uncertainty           -0.035    15.068    
    SLICE_X63Y25         FDCE (Setup_fdce_C_D)        0.062    15.130    u_fnd_controller/u_fnd_digit_select/r_1ms_counter_reg[14]
  -------------------------------------------------------------------
                         required time                         15.130    
                         arrival time                          -9.188    
  -------------------------------------------------------------------
                         slack                                  5.941    

Slack (MET) :             5.957ns  (required time - arrival time)
  Source:                 u_fnd_controller/u_fnd_digit_select/r_1ms_counter_reg[5]/C
                            (rising edge-triggered cell FDCE clocked by sys_clk_pin  {rise@0.000ns fall@5.000ns period=10.000ns})
  Destination:            u_fnd_controller/u_fnd_digit_select/r_1ms_counter_reg[12]/D
                            (rising edge-triggered cell FDCE clocked by sys_clk_pin  {rise@0.000ns fall@5.000ns period=10.000ns})
  Path Group:             sys_clk_pin
  Path Type:              Setup (Max at Slow Process Corner)
  Requirement:            10.000ns  (sys_clk_pin rise@10.000ns - sys_clk_pin rise@0.000ns)
  Data Path Delay:        4.031ns  (logic 1.811ns (44.924%)  route 2.220ns (55.076%))
  Logic Levels:           7  (CARRY4=4 LUT3=1 LUT6=2)
  Clock Path Skew:        -0.038ns (DCD - SCD + CPR)
    Destination Clock Delay (DCD):    4.843ns = ( 14.843 - 10.000 ) 
    Source Clock Delay      (SCD):    5.141ns
    Clock Pessimism Removal (CPR):    0.260ns
  Clock Uncertainty:      0.035ns  ((TSJ^2 + TIJ^2)^1/2 + DJ) / 2 + PE
    Total System Jitter     (TSJ):    0.071ns
    Total Input Jitter      (TIJ):    0.000ns
    Discrete Jitter          (DJ):    0.000ns
    Phase Error              (PE):    0.000ns

    Location             Delay type                Incr(ns)  Path(ns)    Netlist Resource(s)
  -------------------------------------------------------------------    -------------------
                         (clock sys_clk_pin rise edge)
                                                      0.000     0.000 r  
    W5                                                0.000     0.000 r  clk (IN)
                         net (fo=0)                   0.000     0.000    clk
    W5                   IBUF (Prop_ibuf_I_O)         1.458     1.458 r  clk_IBUF_inst/O
                         net (fo=1, routed)           1.967     3.425    clk_IBUF
    BUFGCTRL_X0Y0        BUFG (Prop_bufg_I_O)         0.096     3.521 r  clk_IBUF_BUFG_inst/O
                         net (fo=75, routed)          1.620     5.141    u_fnd_controller/u_fnd_digit_select/CLK
    SLICE_X63Y23         FDCE                                         r  u_fnd_controller/u_fnd_digit_select/r_1ms_counter_reg[5]/C
  -------------------------------------------------------------------    -------------------
    SLICE_X63Y23         FDCE (Prop_fdce_C_Q)         0.456     5.597 f  u_fnd_controller/u_fnd_digit_select/r_1ms_counter_reg[5]/Q
                         net (fo=2, routed)           0.821     6.418    u_fnd_controller/u_fnd_digit_select/r_1ms_counter_reg[5]
    SLICE_X62Y24         LUT6 (Prop_lut6_I1_O)        0.124     6.542 r  u_fnd_controller/u_fnd_digit_select/sel[1]_i_3/O
                         net (fo=1, routed)           0.327     6.869    u_fnd_controller/u_fnd_digit_select/sel[1]_i_3_n_0
    SLICE_X62Y25         LUT6 (Prop_lut6_I1_O)        0.124     6.993 r  u_fnd_controller/u_fnd_digit_select/sel[1]_i_2/O
                         net (fo=21, routed)          1.063     8.056    u_fnd_controller/u_fnd_digit_select/sel[1]_i_2_n_0
    SLICE_X63Y22         LUT3 (Prop_lut3_I1_O)        0.124     8.180 r  u_fnd_controller/u_fnd_digit_select/r_1ms_counter[0]_i_6/O
                         net (fo=1, routed)           0.000     8.180    u_fnd_controller/u_fnd_digit_select/r_1ms_counter[0]_i_6_n_0
    SLICE_X63Y22         CARRY4 (Prop_carry4_S[0]_CO[3])
                                                      0.532     8.712 r  u_fnd_controller/u_fnd_digit_select/r_1ms_counter_reg[0]_i_1/CO[3]
                         net (fo=1, routed)           0.000     8.712    u_fnd_controller/u_fnd_digit_select/r_1ms_counter_reg[0]_i_1_n_0
    SLICE_X63Y23         CARRY4 (Prop_carry4_CI_CO[3])
                                                      0.114     8.826 r  u_fnd_controller/u_fnd_digit_select/r_1ms_counter_reg[4]_i_1/CO[3]
                         net (fo=1, routed)           0.000     8.826    u_fnd_controller/u_fnd_digit_select/r_1ms_counter_reg[4]_i_1_n_0
    SLICE_X63Y24         CARRY4 (Prop_carry4_CI_CO[3])
                                                      0.114     8.940 r  u_fnd_controller/u_fnd_digit_select/r_1ms_counter_reg[8]_i_1/CO[3]
                         net (fo=1, routed)           0.009     8.949    u_fnd_controller/u_fnd_digit_select/r_1ms_counter_reg[8]_i_1_n_0
    SLICE_X63Y25         CARRY4 (Prop_carry4_CI_O[0])
                                                      0.223     9.172 r  u_fnd_controller/u_fnd_digit_select/r_1ms_counter_reg[12]_i_1/O[0]
                         net (fo=1, routed)           0.000     9.172    u_fnd_controller/u_fnd_digit_select/r_1ms_counter_reg[12]_i_1_n_7
    SLICE_X63Y25         FDCE                                         r  u_fnd_controller/u_fnd_digit_select/r_1ms_counter_reg[12]/D
  -------------------------------------------------------------------    -------------------

                         (clock sys_clk_pin rise edge)
                                                     10.000    10.000 r  
    W5                                                0.000    10.000 r  clk (IN)
                         net (fo=0)                   0.000    10.000    clk
    W5                   IBUF (Prop_ibuf_I_O)         1.388    11.388 r  clk_IBUF_inst/O
                         net (fo=1, routed)           1.862    13.250    clk_IBUF
    BUFGCTRL_X0Y0        BUFG (Prop_bufg_I_O)         0.091    13.341 r  clk_IBUF_BUFG_inst/O
                         net (fo=75, routed)          1.502    14.843    u_fnd_controller/u_fnd_digit_select/CLK
    SLICE_X63Y25         FDCE                                         r  u_fnd_controller/u_fnd_digit_select/r_1ms_counter_reg[12]/C
                         clock pessimism              0.260    15.103    
                         clock uncertainty           -0.035    15.068    
    SLICE_X63Y25         FDCE (Setup_fdce_C_D)        0.062    15.130    u_fnd_controller/u_fnd_digit_select/r_1ms_counter_reg[12]
  -------------------------------------------------------------------
                         required time                         15.130    
                         arrival time                          -9.172    
  -------------------------------------------------------------------
                         slack                                  5.957    

Slack (MET) :             5.983ns  (required time - arrival time)
  Source:                 u_fnd_controller/u_fnd_digit_select/r_1ms_counter_reg[5]/C
                            (rising edge-triggered cell FDCE clocked by sys_clk_pin  {rise@0.000ns fall@5.000ns period=10.000ns})
  Destination:            u_fnd_controller/u_fnd_digit_select/r_1ms_counter_reg[9]/D
                            (rising edge-triggered cell FDCE clocked by sys_clk_pin  {rise@0.000ns fall@5.000ns period=10.000ns})
  Path Group:             sys_clk_pin
  Path Type:              Setup (Max at Slow Process Corner)
  Requirement:            10.000ns  (sys_clk_pin rise@10.000ns - sys_clk_pin rise@0.000ns)
  Data Path Delay:        4.019ns  (logic 1.808ns (44.984%)  route 2.211ns (55.016%))
  Logic Levels:           6  (CARRY4=3 LUT3=1 LUT6=2)
  Clock Path Skew:        -0.024ns (DCD - SCD + CPR)
    Destination Clock Delay (DCD):    4.843ns = ( 14.843 - 10.000 ) 
    Source Clock Delay      (SCD):    5.141ns
    Clock Pessimism Removal (CPR):    0.274ns
  Clock Uncertainty:      0.035ns  ((TSJ^2 + TIJ^2)^1/2 + DJ) / 2 + PE
    Total System Jitter     (TSJ):    0.071ns
    Total Input Jitter      (TIJ):    0.000ns
    Discrete Jitter          (DJ):    0.000ns
    Phase Error              (PE):    0.000ns

    Location             Delay type                Incr(ns)  Path(ns)    Netlist Resource(s)
  -------------------------------------------------------------------    -------------------
                         (clock sys_clk_pin rise edge)
                                                      0.000     0.000 r  
    W5                                                0.000     0.000 r  clk (IN)
                         net (fo=0)                   0.000     0.000    clk
    W5                   IBUF (Prop_ibuf_I_O)         1.458     1.458 r  clk_IBUF_inst/O
                         net (fo=1, routed)           1.967     3.425    clk_IBUF
    BUFGCTRL_X0Y0        BUFG (Prop_bufg_I_O)         0.096     3.521 r  clk_IBUF_BUFG_inst/O
                         net (fo=75, routed)          1.620     5.141    u_fnd_controller/u_fnd_digit_select/CLK
    SLICE_X63Y23         FDCE                                         r  u_fnd_controller/u_fnd_digit_select/r_1ms_counter_reg[5]/C
  -------------------------------------------------------------------    -------------------
    SLICE_X63Y23         FDCE (Prop_fdce_C_Q)         0.456     5.597 f  u_fnd_controller/u_fnd_digit_select/r_1ms_counter_reg[5]/Q
                         net (fo=2, routed)           0.821     6.418    u_fnd_controller/u_fnd_digit_select/r_1ms_counter_reg[5]
    SLICE_X62Y24         LUT6 (Prop_lut6_I1_O)        0.124     6.542 r  u_fnd_controller/u_fnd_digit_select/sel[1]_i_3/O
                         net (fo=1, routed)           0.327     6.869    u_fnd_controller/u_fnd_digit_select/sel[1]_i_3_n_0
    SLICE_X62Y25         LUT6 (Prop_lut6_I1_O)        0.124     6.993 r  u_fnd_controller/u_fnd_digit_select/sel[1]_i_2/O
                         net (fo=21, routed)          1.063     8.056    u_fnd_controller/u_fnd_digit_select/sel[1]_i_2_n_0
    SLICE_X63Y22         LUT3 (Prop_lut3_I1_O)        0.124     8.180 r  u_fnd_controller/u_fnd_digit_select/r_1ms_counter[0]_i_6/O
                         net (fo=1, routed)           0.000     8.180    u_fnd_controller/u_fnd_digit_select/r_1ms_counter[0]_i_6_n_0
    SLICE_X63Y22         CARRY4 (Prop_carry4_S[0]_CO[3])
                                                      0.532     8.712 r  u_fnd_controller/u_fnd_digit_select/r_1ms_counter_reg[0]_i_1/CO[3]
                         net (fo=1, routed)           0.000     8.712    u_fnd_controller/u_fnd_digit_select/r_1ms_counter_reg[0]_i_1_n_0
    SLICE_X63Y23         CARRY4 (Prop_carry4_CI_CO[3])
                                                      0.114     8.826 r  u_fnd_controller/u_fnd_digit_select/r_1ms_counter_reg[4]_i_1/CO[3]
                         net (fo=1, routed)           0.000     8.826    u_fnd_controller/u_fnd_digit_select/r_1ms_counter_reg[4]_i_1_n_0
    SLICE_X63Y24         CARRY4 (Prop_carry4_CI_O[1])
                                                      0.334     9.160 r  u_fnd_controller/u_fnd_digit_select/r_1ms_counter_reg[8]_i_1/O[1]
                         net (fo=1, routed)           0.000     9.160    u_fnd_controller/u_fnd_digit_select/r_1ms_counter_reg[8]_i_1_n_6
    SLICE_X63Y24         FDCE                                         r  u_fnd_controller/u_fnd_digit_select/r_1ms_counter_reg[9]/D
  -------------------------------------------------------------------    -------------------

                         (clock sys_clk_pin rise edge)
                                                     10.000    10.000 r  
    W5                                                0.000    10.000 r  clk (IN)
                         net (fo=0)                   0.000    10.000    clk
    W5                   IBUF (Prop_ibuf_I_O)         1.388    11.388 r  clk_IBUF_inst/O
                         net (fo=1, routed)           1.862    13.250    clk_IBUF
    BUFGCTRL_X0Y0        BUFG (Prop_bufg_I_O)         0.091    13.341 r  clk_IBUF_BUFG_inst/O
                         net (fo=75, routed)          1.502    14.843    u_fnd_controller/u_fnd_digit_select/CLK
    SLICE_X63Y24         FDCE                                         r  u_fnd_controller/u_fnd_digit_select/r_1ms_counter_reg[9]/C
                         clock pessimism              0.274    15.117    
                         clock uncertainty           -0.035    15.082    
    SLICE_X63Y24         FDCE (Setup_fdce_C_D)        0.062    15.144    u_fnd_controller/u_fnd_digit_select/r_1ms_counter_reg[9]
  -------------------------------------------------------------------
                         required time                         15.144    
                         arrival time                          -9.160    
  -------------------------------------------------------------------
                         slack                                  5.983    

Slack (MET) :             6.004ns  (required time - arrival time)
  Source:                 u_fnd_controller/u_fnd_digit_select/r_1ms_counter_reg[5]/C
                            (rising edge-triggered cell FDCE clocked by sys_clk_pin  {rise@0.000ns fall@5.000ns period=10.000ns})
  Destination:            u_fnd_controller/u_fnd_digit_select/r_1ms_counter_reg[11]/D
                            (rising edge-triggered cell FDCE clocked by sys_clk_pin  {rise@0.000ns fall@5.000ns period=10.000ns})
  Path Group:             sys_clk_pin
  Path Type:              Setup (Max at Slow Process Corner)
  Requirement:            10.000ns  (sys_clk_pin rise@10.000ns - sys_clk_pin rise@0.000ns)
  Data Path Delay:        3.998ns  (logic 1.787ns (44.695%)  route 2.211ns (55.305%))
  Logic Levels:           6  (CARRY4=3 LUT3=1 LUT6=2)
  Clock Path Skew:        -0.024ns (DCD - SCD + CPR)
    Destination Clock Delay (DCD):    4.843ns = ( 14.843 - 10.000 ) 
    Source Clock Delay      (SCD):    5.141ns
    Clock Pessimism Removal (CPR):    0.274ns
  Clock Uncertainty:      0.035ns  ((TSJ^2 + TIJ^2)^1/2 + DJ) / 2 + PE
    Total System Jitter     (TSJ):    0.071ns
    Total Input Jitter      (TIJ):    0.000ns
    Discrete Jitter          (DJ):    0.000ns
    Phase Error              (PE):    0.000ns

    Location             Delay type                Incr(ns)  Path(ns)    Netlist Resource(s)
  -------------------------------------------------------------------    -------------------
                         (clock sys_clk_pin rise edge)
                                                      0.000     0.000 r  
    W5                                                0.000     0.000 r  clk (IN)
                         net (fo=0)                   0.000     0.000    clk
    W5                   IBUF (Prop_ibuf_I_O)         1.458     1.458 r  clk_IBUF_inst/O
                         net (fo=1, routed)           1.967     3.425    clk_IBUF
    BUFGCTRL_X0Y0        BUFG (Prop_bufg_I_O)         0.096     3.521 r  clk_IBUF_BUFG_inst/O
                         net (fo=75, routed)          1.620     5.141    u_fnd_controller/u_fnd_digit_select/CLK
    SLICE_X63Y23         FDCE                                         r  u_fnd_controller/u_fnd_digit_select/r_1ms_counter_reg[5]/C
  -------------------------------------------------------------------    -------------------
    SLICE_X63Y23         FDCE (Prop_fdce_C_Q)         0.456     5.597 f  u_fnd_controller/u_fnd_digit_select/r_1ms_counter_reg[5]/Q
                         net (fo=2, routed)           0.821     6.418    u_fnd_controller/u_fnd_digit_select/r_1ms_counter_reg[5]
    SLICE_X62Y24         LUT6 (Prop_lut6_I1_O)        0.124     6.542 r  u_fnd_controller/u_fnd_digit_select/sel[1]_i_3/O
                         net (fo=1, routed)           0.327     6.869    u_fnd_controller/u_fnd_digit_select/sel[1]_i_3_n_0
    SLICE_X62Y25         LUT6 (Prop_lut6_I1_O)        0.124     6.993 r  u_fnd_controller/u_fnd_digit_select/sel[1]_i_2/O
                         net (fo=21, routed)          1.063     8.056    u_fnd_controller/u_fnd_digit_select/sel[1]_i_2_n_0
    SLICE_X63Y22         LUT3 (Prop_lut3_I1_O)        0.124     8.180 r  u_fnd_controller/u_fnd_digit_select/r_1ms_counter[0]_i_6/O
                         net (fo=1, routed)           0.000     8.180    u_fnd_controller/u_fnd_digit_select/r_1ms_counter[0]_i_6_n_0
    SLICE_X63Y22         CARRY4 (Prop_carry4_S[0]_CO[3])
                                                      0.532     8.712 r  u_fnd_controller/u_fnd_digit_select/r_1ms_counter_reg[0]_i_1/CO[3]
                         net (fo=1, routed)           0.000     8.712    u_fnd_controller/u_fnd_digit_select/r_1ms_counter_reg[0]_i_1_n_0
    SLICE_X63Y23         CARRY4 (Prop_carry4_CI_CO[3])
                                                      0.114     8.826 r  u_fnd_controller/u_fnd_digit_select/r_1ms_counter_reg[4]_i_1/CO[3]
                         net (fo=1, routed)           0.000     8.826    u_fnd_controller/u_fnd_digit_select/r_1ms_counter_reg[4]_i_1_n_0
    SLICE_X63Y24         CARRY4 (Prop_carry4_CI_O[3])
                                                      0.313     9.139 r  u_fnd_controller/u_fnd_digit_select/r_1ms_counter_reg[8]_i_1/O[3]
                         net (fo=1, routed)           0.000     9.139    u_fnd_controller/u_fnd_digit_select/r_1ms_counter_reg[8]_i_1_n_4
    SLICE_X63Y24         FDCE                                         r  u_fnd_controller/u_fnd_digit_select/r_1ms_counter_reg[11]/D
  -------------------------------------------------------------------    -------------------

                         (clock sys_clk_pin rise edge)
                                                     10.000    10.000 r  
    W5                                                0.000    10.000 r  clk (IN)
                         net (fo=0)                   0.000    10.000    clk
    W5                   IBUF (Prop_ibuf_I_O)         1.388    11.388 r  clk_IBUF_inst/O
                         net (fo=1, routed)           1.862    13.250    clk_IBUF
    BUFGCTRL_X0Y0        BUFG (Prop_bufg_I_O)         0.091    13.341 r  clk_IBUF_BUFG_inst/O
                         net (fo=75, routed)          1.502    14.843    u_fnd_controller/u_fnd_digit_select/CLK
    SLICE_X63Y24         FDCE                                         r  u_fnd_controller/u_fnd_digit_select/r_1ms_counter_reg[11]/C
                         clock pessimism              0.274    15.117    
                         clock uncertainty           -0.035    15.082    
    SLICE_X63Y24         FDCE (Setup_fdce_C_D)        0.062    15.144    u_fnd_controller/u_fnd_digit_select/r_1ms_counter_reg[11]
  -------------------------------------------------------------------
                         required time                         15.144    
                         arrival time                          -9.139    
  -------------------------------------------------------------------
                         slack                                  6.004    

Slack (MET) :             6.078ns  (required time - arrival time)
  Source:                 u_fnd_controller/u_fnd_digit_select/r_1ms_counter_reg[5]/C
                            (rising edge-triggered cell FDCE clocked by sys_clk_pin  {rise@0.000ns fall@5.000ns period=10.000ns})
  Destination:            u_fnd_controller/u_fnd_digit_select/r_1ms_counter_reg[10]/D
                            (rising edge-triggered cell FDCE clocked by sys_clk_pin  {rise@0.000ns fall@5.000ns period=10.000ns})
  Path Group:             sys_clk_pin
  Path Type:              Setup (Max at Slow Process Corner)
  Requirement:            10.000ns  (sys_clk_pin rise@10.000ns - sys_clk_pin rise@0.000ns)
  Data Path Delay:        3.924ns  (logic 1.713ns (43.652%)  route 2.211ns (56.348%))
  Logic Levels:           6  (CARRY4=3 LUT3=1 LUT6=2)
  Clock Path Skew:        -0.024ns (DCD - SCD + CPR)
    Destination Clock Delay (DCD):    4.843ns = ( 14.843 - 10.000 ) 
    Source Clock Delay      (SCD):    5.141ns
    Clock Pessimism Removal (CPR):    0.274ns
  Clock Uncertainty:      0.035ns  ((TSJ^2 + TIJ^2)^1/2 + DJ) / 2 + PE
    Total System Jitter     (TSJ):    0.071ns
    Total Input Jitter      (TIJ):    0.000ns
    Discrete Jitter          (DJ):    0.000ns
    Phase Error              (PE):    0.000ns

    Location             Delay type                Incr(ns)  Path(ns)    Netlist Resource(s)
  -------------------------------------------------------------------    -------------------
                         (clock sys_clk_pin rise edge)
                                                      0.000     0.000 r  
    W5                                                0.000     0.000 r  clk (IN)
                         net (fo=0)                   0.000     0.000    clk
    W5                   IBUF (Prop_ibuf_I_O)         1.458     1.458 r  clk_IBUF_inst/O
                         net (fo=1, routed)           1.967     3.425    clk_IBUF
    BUFGCTRL_X0Y0        BUFG (Prop_bufg_I_O)         0.096     3.521 r  clk_IBUF_BUFG_inst/O
                         net (fo=75, routed)          1.620     5.141    u_fnd_controller/u_fnd_digit_select/CLK
    SLICE_X63Y23         FDCE                                         r  u_fnd_controller/u_fnd_digit_select/r_1ms_counter_reg[5]/C
  -------------------------------------------------------------------    -------------------
    SLICE_X63Y23         FDCE (Prop_fdce_C_Q)         0.456     5.597 f  u_fnd_controller/u_fnd_digit_select/r_1ms_counter_reg[5]/Q
                         net (fo=2, routed)           0.821     6.418    u_fnd_controller/u_fnd_digit_select/r_1ms_counter_reg[5]
    SLICE_X62Y24         LUT6 (Prop_lut6_I1_O)        0.124     6.542 r  u_fnd_controller/u_fnd_digit_select/sel[1]_i_3/O
                         net (fo=1, routed)           0.327     6.869    u_fnd_controller/u_fnd_digit_select/sel[1]_i_3_n_0
    SLICE_X62Y25         LUT6 (Prop_lut6_I1_O)        0.124     6.993 r  u_fnd_controller/u_fnd_digit_select/sel[1]_i_2/O
                         net (fo=21, routed)          1.063     8.056    u_fnd_controller/u_fnd_digit_select/sel[1]_i_2_n_0
    SLICE_X63Y22         LUT3 (Prop_lut3_I1_O)        0.124     8.180 r  u_fnd_controller/u_fnd_digit_select/r_1ms_counter[0]_i_6/O
                         net (fo=1, routed)           0.000     8.180    u_fnd_controller/u_fnd_digit_select/r_1ms_counter[0]_i_6_n_0
    SLICE_X63Y22         CARRY4 (Prop_carry4_S[0]_CO[3])
                                                      0.532     8.712 r  u_fnd_controller/u_fnd_digit_select/r_1ms_counter_reg[0]_i_1/CO[3]
                         net (fo=1, routed)           0.000     8.712    u_fnd_controller/u_fnd_digit_select/r_1ms_counter_reg[0]_i_1_n_0
    SLICE_X63Y23         CARRY4 (Prop_carry4_CI_CO[3])
                                                      0.114     8.826 r  u_fnd_controller/u_fnd_digit_select/r_1ms_counter_reg[4]_i_1/CO[3]
                         net (fo=1, routed)           0.000     8.826    u_fnd_controller/u_fnd_digit_select/r_1ms_counter_reg[4]_i_1_n_0
    SLICE_X63Y24         CARRY4 (Prop_carry4_CI_O[2])
                                                      0.239     9.065 r  u_fnd_controller/u_fnd_digit_select/r_1ms_counter_reg[8]_i_1/O[2]
                         net (fo=1, routed)           0.000     9.065    u_fnd_controller/u_fnd_digit_select/r_1ms_counter_reg[8]_i_1_n_5
    SLICE_X63Y24         FDCE                                         r  u_fnd_controller/u_fnd_digit_select/r_1ms_counter_reg[10]/D
  -------------------------------------------------------------------    -------------------

                         (clock sys_clk_pin rise edge)
                                                     10.000    10.000 r  
    W5                                                0.000    10.000 r  clk (IN)
                         net (fo=0)                   0.000    10.000    clk
    W5                   IBUF (Prop_ibuf_I_O)         1.388    11.388 r  clk_IBUF_inst/O
                         net (fo=1, routed)           1.862    13.250    clk_IBUF
    BUFGCTRL_X0Y0        BUFG (Prop_bufg_I_O)         0.091    13.341 r  clk_IBUF_BUFG_inst/O
                         net (fo=75, routed)          1.502    14.843    u_fnd_controller/u_fnd_digit_select/CLK
    SLICE_X63Y24         FDCE                                         r  u_fnd_controller/u_fnd_digit_select/r_1ms_counter_reg[10]/C
                         clock pessimism              0.274    15.117    
                         clock uncertainty           -0.035    15.082    
    SLICE_X63Y24         FDCE (Setup_fdce_C_D)        0.062    15.144    u_fnd_controller/u_fnd_digit_select/r_1ms_counter_reg[10]
  -------------------------------------------------------------------
                         required time                         15.144    
                         arrival time                          -9.065    
  -------------------------------------------------------------------
                         slack                                  6.078    

Slack (MET) :             6.094ns  (required time - arrival time)
  Source:                 u_fnd_controller/u_fnd_digit_select/r_1ms_counter_reg[5]/C
                            (rising edge-triggered cell FDCE clocked by sys_clk_pin  {rise@0.000ns fall@5.000ns period=10.000ns})
  Destination:            u_fnd_controller/u_fnd_digit_select/r_1ms_counter_reg[8]/D
                            (rising edge-triggered cell FDCE clocked by sys_clk_pin  {rise@0.000ns fall@5.000ns period=10.000ns})
  Path Group:             sys_clk_pin
  Path Type:              Setup (Max at Slow Process Corner)
  Requirement:            10.000ns  (sys_clk_pin rise@10.000ns - sys_clk_pin rise@0.000ns)
  Data Path Delay:        3.908ns  (logic 1.697ns (43.421%)  route 2.211ns (56.579%))
  Logic Levels:           6  (CARRY4=3 LUT3=1 LUT6=2)
  Clock Path Skew:        -0.024ns (DCD - SCD + CPR)
    Destination Clock Delay (DCD):    4.843ns = ( 14.843 - 10.000 ) 
    Source Clock Delay      (SCD):    5.141ns
    Clock Pessimism Removal (CPR):    0.274ns
  Clock Uncertainty:      0.035ns  ((TSJ^2 + TIJ^2)^1/2 + DJ) / 2 + PE
    Total System Jitter     (TSJ):    0.071ns
    Total Input Jitter      (TIJ):    0.000ns
    Discrete Jitter          (DJ):    0.000ns
    Phase Error              (PE):    0.000ns

    Location             Delay type                Incr(ns)  Path(ns)    Netlist Resource(s)
  -------------------------------------------------------------------    -------------------
                         (clock sys_clk_pin rise edge)
                                                      0.000     0.000 r  
    W5                                                0.000     0.000 r  clk (IN)
                         net (fo=0)                   0.000     0.000    clk
    W5                   IBUF (Prop_ibuf_I_O)         1.458     1.458 r  clk_IBUF_inst/O
                         net (fo=1, routed)           1.967     3.425    clk_IBUF
    BUFGCTRL_X0Y0        BUFG (Prop_bufg_I_O)         0.096     3.521 r  clk_IBUF_BUFG_inst/O
                         net (fo=75, routed)          1.620     5.141    u_fnd_controller/u_fnd_digit_select/CLK
    SLICE_X63Y23         FDCE                                         r  u_fnd_controller/u_fnd_digit_select/r_1ms_counter_reg[5]/C
  -------------------------------------------------------------------    -------------------
    SLICE_X63Y23         FDCE (Prop_fdce_C_Q)         0.456     5.597 f  u_fnd_controller/u_fnd_digit_select/r_1ms_counter_reg[5]/Q
                         net (fo=2, routed)           0.821     6.418    u_fnd_controller/u_fnd_digit_select/r_1ms_counter_reg[5]
    SLICE_X62Y24         LUT6 (Prop_lut6_I1_O)        0.124     6.542 r  u_fnd_controller/u_fnd_digit_select/sel[1]_i_3/O
                         net (fo=1, routed)           0.327     6.869    u_fnd_controller/u_fnd_digit_select/sel[1]_i_3_n_0
    SLICE_X62Y25         LUT6 (Prop_lut6_I1_O)        0.124     6.993 r  u_fnd_controller/u_fnd_digit_select/sel[1]_i_2/O
                         net (fo=21, routed)          1.063     8.056    u_fnd_controller/u_fnd_digit_select/sel[1]_i_2_n_0
    SLICE_X63Y22         LUT3 (Prop_lut3_I1_O)        0.124     8.180 r  u_fnd_controller/u_fnd_digit_select/r_1ms_counter[0]_i_6/O
                         net (fo=1, routed)           0.000     8.180    u_fnd_controller/u_fnd_digit_select/r_1ms_counter[0]_i_6_n_0
    SLICE_X63Y22         CARRY4 (Prop_carry4_S[0]_CO[3])
                                                      0.532     8.712 r  u_fnd_controller/u_fnd_digit_select/r_1ms_counter_reg[0]_i_1/CO[3]
                         net (fo=1, routed)           0.000     8.712    u_fnd_controller/u_fnd_digit_select/r_1ms_counter_reg[0]_i_1_n_0
    SLICE_X63Y23         CARRY4 (Prop_carry4_CI_CO[3])
                                                      0.114     8.826 r  u_fnd_controller/u_fnd_digit_select/r_1ms_counter_reg[4]_i_1/CO[3]
                         net (fo=1, routed)           0.000     8.826    u_fnd_controller/u_fnd_digit_select/r_1ms_counter_reg[4]_i_1_n_0
    SLICE_X63Y24         CARRY4 (Prop_carry4_CI_O[0])
                                                      0.223     9.049 r  u_fnd_controller/u_fnd_digit_select/r_1ms_counter_reg[8]_i_1/O[0]
                         net (fo=1, routed)           0.000     9.049    u_fnd_controller/u_fnd_digit_select/r_1ms_counter_reg[8]_i_1_n_7
    SLICE_X63Y24         FDCE                                         r  u_fnd_controller/u_fnd_digit_select/r_1ms_counter_reg[8]/D
  -------------------------------------------------------------------    -------------------

                         (clock sys_clk_pin rise edge)
                                                     10.000    10.000 r  
    W5                                                0.000    10.000 r  clk (IN)
                         net (fo=0)                   0.000    10.000    clk
    W5                   IBUF (Prop_ibuf_I_O)         1.388    11.388 r  clk_IBUF_inst/O
                         net (fo=1, routed)           1.862    13.250    clk_IBUF
    BUFGCTRL_X0Y0        BUFG (Prop_bufg_I_O)         0.091    13.341 r  clk_IBUF_BUFG_inst/O
                         net (fo=75, routed)          1.502    14.843    u_fnd_controller/u_fnd_digit_select/CLK
    SLICE_X63Y24         FDCE                                         r  u_fnd_controller/u_fnd_digit_select/r_1ms_counter_reg[8]/C
                         clock pessimism              0.274    15.117    
                         clock uncertainty           -0.035    15.082    
    SLICE_X63Y24         FDCE (Setup_fdce_C_D)        0.062    15.144    u_fnd_controller/u_fnd_digit_select/r_1ms_counter_reg[8]
  -------------------------------------------------------------------
                         required time                         15.144    
                         arrival time                          -9.049    
  -------------------------------------------------------------------
                         slack                                  6.094    

Slack (MET) :             6.097ns  (required time - arrival time)
  Source:                 u_decrease_duty_btn/r_counter_reg[14]/C
                            (rising edge-triggered cell FDCE clocked by sys_clk_pin  {rise@0.000ns fall@5.000ns period=10.000ns})
  Destination:            u_decrease_duty_btn/r_clean_btn_reg/CE
                            (rising edge-triggered cell FDCE clocked by sys_clk_pin  {rise@0.000ns fall@5.000ns period=10.000ns})
  Path Group:             sys_clk_pin
  Path Type:              Setup (Max at Slow Process Corner)
  Requirement:            10.000ns  (sys_clk_pin rise@10.000ns - sys_clk_pin rise@0.000ns)
  Data Path Delay:        3.626ns  (logic 0.766ns (21.123%)  route 2.860ns (78.877%))
  Logic Levels:           2  (LUT4=1 LUT6=1)
  Clock Path Skew:        -0.036ns (DCD - SCD + CPR)
    Destination Clock Delay (DCD):    4.844ns = ( 14.844 - 10.000 ) 
    Source Clock Delay      (SCD):    5.140ns
    Clock Pessimism Removal (CPR):    0.260ns
  Clock Uncertainty:      0.035ns  ((TSJ^2 + TIJ^2)^1/2 + DJ) / 2 + PE
    Total System Jitter     (TSJ):    0.071ns
    Total Input Jitter      (TIJ):    0.000ns
    Discrete Jitter          (DJ):    0.000ns
    Phase Error              (PE):    0.000ns

    Location             Delay type                Incr(ns)  Path(ns)    Netlist Resource(s)
  -------------------------------------------------------------------    -------------------
                         (clock sys_clk_pin rise edge)
                                                      0.000     0.000 r  
    W5                                                0.000     0.000 r  clk (IN)
                         net (fo=0)                   0.000     0.000    clk
    W5                   IBUF (Prop_ibuf_I_O)         1.458     1.458 r  clk_IBUF_inst/O
                         net (fo=1, routed)           1.967     3.425    clk_IBUF
    BUFGCTRL_X0Y0        BUFG (Prop_bufg_I_O)         0.096     3.521 r  clk_IBUF_BUFG_inst/O
                         net (fo=75, routed)          1.619     5.140    u_decrease_duty_btn/clk_IBUF_BUFG
    SLICE_X60Y26         FDCE                                         r  u_decrease_duty_btn/r_counter_reg[14]/C
  -------------------------------------------------------------------    -------------------
    SLICE_X60Y26         FDCE (Prop_fdce_C_Q)         0.518     5.658 r  u_decrease_duty_btn/r_counter_reg[14]/Q
                         net (fo=2, routed)           1.010     6.668    u_decrease_duty_btn/r_counter_reg_n_0_[14]
    SLICE_X60Y26         LUT4 (Prop_lut4_I3_O)        0.124     6.792 r  u_decrease_duty_btn/r_clean_btn_i_3__0/O
                         net (fo=18, routed)          1.471     8.264    u_decrease_duty_btn/r_clean_btn_i_3__0_n_0
    SLICE_X59Y23         LUT6 (Prop_lut6_I5_O)        0.124     8.388 r  u_decrease_duty_btn/r_clean_btn_i_1__0/O
                         net (fo=1, routed)           0.379     8.767    u_decrease_duty_btn/r_clean_btn
    SLICE_X58Y23         FDCE                                         r  u_decrease_duty_btn/r_clean_btn_reg/CE
  -------------------------------------------------------------------    -------------------

                         (clock sys_clk_pin rise edge)
                                                     10.000    10.000 r  
    W5                                                0.000    10.000 r  clk (IN)
                         net (fo=0)                   0.000    10.000    clk
    W5                   IBUF (Prop_ibuf_I_O)         1.388    11.388 r  clk_IBUF_inst/O
                         net (fo=1, routed)           1.862    13.250    clk_IBUF
    BUFGCTRL_X0Y0        BUFG (Prop_bufg_I_O)         0.091    13.341 r  clk_IBUF_BUFG_inst/O
                         net (fo=75, routed)          1.503    14.844    u_decrease_duty_btn/clk_IBUF_BUFG
    SLICE_X58Y23         FDCE                                         r  u_decrease_duty_btn/r_clean_btn_reg/C
                         clock pessimism              0.260    15.104    
                         clock uncertainty           -0.035    15.069    
    SLICE_X58Y23         FDCE (Setup_fdce_C_CE)      -0.205    14.864    u_decrease_duty_btn/r_clean_btn_reg
  -------------------------------------------------------------------
                         required time                         14.864    
                         arrival time                          -8.767    
  -------------------------------------------------------------------
                         slack                                  6.097    





Min Delay Paths
--------------------------------------------------------------------------------------
Slack (MET) :             0.237ns  (arrival time - required time)
  Source:                 u_fnd_controller/u_fnd_digit_select/r_500ms_counter_reg[4]/C
                            (rising edge-triggered cell FDCE clocked by sys_clk_pin  {rise@0.000ns fall@5.000ns period=10.000ns})
  Destination:            u_fnd_controller/u_fnd_digit_select/r_500ms_counter_reg[4]/D
                            (rising edge-triggered cell FDCE clocked by sys_clk_pin  {rise@0.000ns fall@5.000ns period=10.000ns})
  Path Group:             sys_clk_pin
  Path Type:              Hold (Min at Fast Process Corner)
  Requirement:            0.000ns  (sys_clk_pin rise@0.000ns - sys_clk_pin rise@0.000ns)
  Data Path Delay:        0.358ns  (logic 0.209ns (58.341%)  route 0.149ns (41.659%))
  Logic Levels:           1  (LUT6=1)
  Clock Path Skew:        0.000ns (DCD - SCD - CPR)
    Destination Clock Delay (DCD):    1.981ns
    Source Clock Delay      (SCD):    1.468ns
    Clock Pessimism Removal (CPR):    0.513ns

    Location             Delay type                Incr(ns)  Path(ns)    Netlist Resource(s)
  -------------------------------------------------------------------    -------------------
                         (clock sys_clk_pin rise edge)
                                                      0.000     0.000 r  
    W5                                                0.000     0.000 r  clk (IN)
                         net (fo=0)                   0.000     0.000    clk
    W5                   IBUF (Prop_ibuf_I_O)         0.226     0.226 r  clk_IBUF_inst/O
                         net (fo=1, routed)           0.631     0.858    clk_IBUF
    BUFGCTRL_X0Y0        BUFG (Prop_bufg_I_O)         0.026     0.884 r  clk_IBUF_BUFG_inst/O
                         net (fo=75, routed)          0.585     1.468    u_fnd_controller/u_fnd_digit_select/CLK
    SLICE_X64Y28         FDCE                                         r  u_fnd_controller/u_fnd_digit_select/r_500ms_counter_reg[4]/C
  -------------------------------------------------------------------    -------------------
    SLICE_X64Y28         FDCE (Prop_fdce_C_Q)         0.164     1.632 r  u_fnd_controller/u_fnd_digit_select/r_500ms_counter_reg[4]/Q
                         net (fo=5, routed)           0.149     1.781    u_fnd_controller/u_fnd_digit_select/r_500ms_counter_reg[4]
    SLICE_X64Y28         LUT6 (Prop_lut6_I5_O)        0.045     1.826 r  u_fnd_controller/u_fnd_digit_select/r_500ms_counter[4]_i_1/O
                         net (fo=1, routed)           0.000     1.826    u_fnd_controller/u_fnd_digit_select/r_500ms_counter[4]_i_1_n_0
    SLICE_X64Y28         FDCE                                         r  u_fnd_controller/u_fnd_digit_select/r_500ms_counter_reg[4]/D
  -------------------------------------------------------------------    -------------------

                         (clock sys_clk_pin rise edge)
                                                      0.000     0.000 r  
    W5                                                0.000     0.000 r  clk (IN)
                         net (fo=0)                   0.000     0.000    clk
    W5                   IBUF (Prop_ibuf_I_O)         0.414     0.414 r  clk_IBUF_inst/O
                         net (fo=1, routed)           0.685     1.099    clk_IBUF
    BUFGCTRL_X0Y0        BUFG (Prop_bufg_I_O)         0.029     1.128 r  clk_IBUF_BUFG_inst/O
                         net (fo=75, routed)          0.854     1.981    u_fnd_controller/u_fnd_digit_select/CLK
    SLICE_X64Y28         FDCE                                         r  u_fnd_controller/u_fnd_digit_select/r_500ms_counter_reg[4]/C
                         clock pessimism             -0.513     1.468    
    SLICE_X64Y28         FDCE (Hold_fdce_C_D)         0.121     1.589    u_fnd_controller/u_fnd_digit_select/r_500ms_counter_reg[4]
  -------------------------------------------------------------------
                         required time                         -1.589    
                         arrival time                           1.826    
  -------------------------------------------------------------------
                         slack                                  0.237    

Slack (MET) :             0.240ns  (arrival time - required time)
  Source:                 u_pwm_duty_control/r_duty_cycle_reg[3]/C
                            (rising edge-triggered cell FDCE clocked by sys_clk_pin  {rise@0.000ns fall@5.000ns period=10.000ns})
  Destination:            u_pwm_duty_control/r_duty_cycle_reg[2]/D
                            (rising edge-triggered cell FDPE clocked by sys_clk_pin  {rise@0.000ns fall@5.000ns period=10.000ns})
  Path Group:             sys_clk_pin
  Path Type:              Hold (Min at Fast Process Corner)
  Requirement:            0.000ns  (sys_clk_pin rise@0.000ns - sys_clk_pin rise@0.000ns)
  Data Path Delay:        0.373ns  (logic 0.209ns (56.100%)  route 0.164ns (43.900%))
  Logic Levels:           1  (LUT6=1)
  Clock Path Skew:        0.012ns (DCD - SCD - CPR)
    Destination Clock Delay (DCD):    1.978ns
    Source Clock Delay      (SCD):    1.468ns
    Clock Pessimism Removal (CPR):    0.498ns

    Location             Delay type                Incr(ns)  Path(ns)    Netlist Resource(s)
  -------------------------------------------------------------------    -------------------
                         (clock sys_clk_pin rise edge)
                                                      0.000     0.000 r  
    W5                                                0.000     0.000 r  clk (IN)
                         net (fo=0)                   0.000     0.000    clk
    W5                   IBUF (Prop_ibuf_I_O)         0.226     0.226 r  clk_IBUF_inst/O
                         net (fo=1, routed)           0.631     0.858    clk_IBUF
    BUFGCTRL_X0Y0        BUFG (Prop_bufg_I_O)         0.026     0.884 r  clk_IBUF_BUFG_inst/O
                         net (fo=75, routed)          0.585     1.468    u_pwm_duty_control/CLK
    SLICE_X60Y29         FDCE                                         r  u_pwm_duty_control/r_duty_cycle_reg[3]/C
  -------------------------------------------------------------------    -------------------
    SLICE_X60Y29         FDCE (Prop_fdce_C_Q)         0.164     1.632 r  u_pwm_duty_control/r_duty_cycle_reg[3]/Q
                         net (fo=9, routed)           0.164     1.796    u_pwm_duty_control/Q[0]
    SLICE_X60Y27         LUT6 (Prop_lut6_I4_O)        0.045     1.841 r  u_pwm_duty_control/r_duty_cycle[2]_i_1/O
                         net (fo=1, routed)           0.000     1.841    u_pwm_duty_control/r_duty_cycle[2]_i_1_n_0
    SLICE_X60Y27         FDPE                                         r  u_pwm_duty_control/r_duty_cycle_reg[2]/D
  -------------------------------------------------------------------    -------------------

                         (clock sys_clk_pin rise edge)
                                                      0.000     0.000 r  
    W5                                                0.000     0.000 r  clk (IN)
                         net (fo=0)                   0.000     0.000    clk
    W5                   IBUF (Prop_ibuf_I_O)         0.414     0.414 r  clk_IBUF_inst/O
                         net (fo=1, routed)           0.685     1.099    clk_IBUF
    BUFGCTRL_X0Y0        BUFG (Prop_bufg_I_O)         0.029     1.128 r  clk_IBUF_BUFG_inst/O
                         net (fo=75, routed)          0.851     1.978    u_pwm_duty_control/CLK
    SLICE_X60Y27         FDPE                                         r  u_pwm_duty_control/r_duty_cycle_reg[2]/C
                         clock pessimism             -0.498     1.480    
    SLICE_X60Y27         FDPE (Hold_fdpe_C_D)         0.121     1.601    u_pwm_duty_control/r_duty_cycle_reg[2]
  -------------------------------------------------------------------
                         required time                         -1.601    
                         arrival time                           1.841    
  -------------------------------------------------------------------
                         slack                                  0.240    

Slack (MET) :             0.246ns  (arrival time - required time)
  Source:                 u_increase_duty_btn/r_counter_reg[16]/C
                            (rising edge-triggered cell FDCE clocked by sys_clk_pin  {rise@0.000ns fall@5.000ns period=10.000ns})
  Destination:            u_increase_duty_btn/r_counter_reg[14]/D
                            (rising edge-triggered cell FDCE clocked by sys_clk_pin  {rise@0.000ns fall@5.000ns period=10.000ns})
  Path Group:             sys_clk_pin
  Path Type:              Hold (Min at Fast Process Corner)
  Requirement:            0.000ns  (sys_clk_pin rise@0.000ns - sys_clk_pin rise@0.000ns)
  Data Path Delay:        0.352ns  (logic 0.209ns (59.354%)  route 0.143ns (40.646%))
  Logic Levels:           1  (LUT6=1)
  Clock Path Skew:        0.014ns (DCD - SCD - CPR)
    Destination Clock Delay (DCD):    1.979ns
    Source Clock Delay      (SCD):    1.467ns
    Clock Pessimism Removal (CPR):    0.498ns

    Location             Delay type                Incr(ns)  Path(ns)    Netlist Resource(s)
  -------------------------------------------------------------------    -------------------
                         (clock sys_clk_pin rise edge)
                                                      0.000     0.000 r  
    W5                                                0.000     0.000 r  clk (IN)
                         net (fo=0)                   0.000     0.000    clk
    W5                   IBUF (Prop_ibuf_I_O)         0.226     0.226 r  clk_IBUF_inst/O
                         net (fo=1, routed)           0.631     0.858    clk_IBUF
    BUFGCTRL_X0Y0        BUFG (Prop_bufg_I_O)         0.026     0.884 r  clk_IBUF_BUFG_inst/O
                         net (fo=75, routed)          0.584     1.467    u_increase_duty_btn/CLK
    SLICE_X60Y28         FDCE                                         r  u_increase_duty_btn/r_counter_reg[16]/C
  -------------------------------------------------------------------    -------------------
    SLICE_X60Y28         FDCE (Prop_fdce_C_Q)         0.164     1.631 f  u_increase_duty_btn/r_counter_reg[16]/Q
                         net (fo=19, routed)          0.143     1.774    u_increase_duty_btn/r_counter[16]
    SLICE_X59Y28         LUT6 (Prop_lut6_I1_O)        0.045     1.819 r  u_increase_duty_btn/r_counter[14]_i_1/O
                         net (fo=1, routed)           0.000     1.819    u_increase_duty_btn/p_0_in[14]
    SLICE_X59Y28         FDCE                                         r  u_increase_duty_btn/r_counter_reg[14]/D
  -------------------------------------------------------------------    -------------------

                         (clock sys_clk_pin rise edge)
                                                      0.000     0.000 r  
    W5                                                0.000     0.000 r  clk (IN)
                         net (fo=0)                   0.000     0.000    clk
    W5                   IBUF (Prop_ibuf_I_O)         0.414     0.414 r  clk_IBUF_inst/O
                         net (fo=1, routed)           0.685     1.099    clk_IBUF
    BUFGCTRL_X0Y0        BUFG (Prop_bufg_I_O)         0.029     1.128 r  clk_IBUF_BUFG_inst/O
                         net (fo=75, routed)          0.852     1.979    u_increase_duty_btn/CLK
    SLICE_X59Y28         FDCE                                         r  u_increase_duty_btn/r_counter_reg[14]/C
                         clock pessimism             -0.498     1.481    
    SLICE_X59Y28         FDCE (Hold_fdce_C_D)         0.092     1.573    u_increase_duty_btn/r_counter_reg[14]
  -------------------------------------------------------------------
                         required time                         -1.573    
                         arrival time                           1.819    
  -------------------------------------------------------------------
                         slack                                  0.246    

Slack (MET) :             0.247ns  (arrival time - required time)
  Source:                 u_decrease_duty_btn/r_counter_reg[15]/C
                            (rising edge-triggered cell FDCE clocked by sys_clk_pin  {rise@0.000ns fall@5.000ns period=10.000ns})
  Destination:            u_decrease_duty_btn/r_counter_reg[11]/D
                            (rising edge-triggered cell FDCE clocked by sys_clk_pin  {rise@0.000ns fall@5.000ns period=10.000ns})
  Path Group:             sys_clk_pin
  Path Type:              Hold (Min at Fast Process Corner)
  Requirement:            0.000ns  (sys_clk_pin rise@0.000ns - sys_clk_pin rise@0.000ns)
  Data Path Delay:        0.380ns  (logic 0.209ns (54.978%)  route 0.171ns (45.022%))
  Logic Levels:           1  (LUT6=1)
  Clock Path Skew:        0.012ns (DCD - SCD - CPR)
    Destination Clock Delay (DCD):    1.975ns
    Source Clock Delay      (SCD):    1.465ns
    Clock Pessimism Removal (CPR):    0.498ns

    Location             Delay type                Incr(ns)  Path(ns)    Netlist Resource(s)
  -------------------------------------------------------------------    -------------------
                         (clock sys_clk_pin rise edge)
                                                      0.000     0.000 r  
    W5                                                0.000     0.000 r  clk (IN)
                         net (fo=0)                   0.000     0.000    clk
    W5                   IBUF (Prop_ibuf_I_O)         0.226     0.226 r  clk_IBUF_inst/O
                         net (fo=1, routed)           0.631     0.858    clk_IBUF
    BUFGCTRL_X0Y0        BUFG (Prop_bufg_I_O)         0.026     0.884 r  clk_IBUF_BUFG_inst/O
                         net (fo=75, routed)          0.582     1.465    u_decrease_duty_btn/clk_IBUF_BUFG
    SLICE_X60Y26         FDCE                                         r  u_decrease_duty_btn/r_counter_reg[15]/C
  -------------------------------------------------------------------    -------------------
    SLICE_X60Y26         FDCE (Prop_fdce_C_Q)         0.164     1.629 f  u_decrease_duty_btn/r_counter_reg[15]/Q
                         net (fo=19, routed)          0.171     1.800    u_decrease_duty_btn/r_counter_reg_n_0_[15]
    SLICE_X60Y25         LUT6 (Prop_lut6_I0_O)        0.045     1.845 r  u_decrease_duty_btn/r_counter[11]_i_1__0/O
                         net (fo=1, routed)           0.000     1.845    u_decrease_duty_btn/r_counter[11]_i_1__0_n_0
    SLICE_X60Y25         FDCE                                         r  u_decrease_duty_btn/r_counter_reg[11]/D
  -------------------------------------------------------------------    -------------------

                         (clock sys_clk_pin rise edge)
                                                      0.000     0.000 r  
    W5                                                0.000     0.000 r  clk (IN)
                         net (fo=0)                   0.000     0.000    clk
    W5                   IBUF (Prop_ibuf_I_O)         0.414     0.414 r  clk_IBUF_inst/O
                         net (fo=1, routed)           0.685     1.099    clk_IBUF
    BUFGCTRL_X0Y0        BUFG (Prop_bufg_I_O)         0.029     1.128 r  clk_IBUF_BUFG_inst/O
                         net (fo=75, routed)          0.848     1.975    u_decrease_duty_btn/clk_IBUF_BUFG
    SLICE_X60Y25         FDCE                                         r  u_decrease_duty_btn/r_counter_reg[11]/C
                         clock pessimism             -0.498     1.477    
    SLICE_X60Y25         FDCE (Hold_fdce_C_D)         0.121     1.598    u_decrease_duty_btn/r_counter_reg[11]
  -------------------------------------------------------------------
                         required time                         -1.598    
                         arrival time                           1.845    
  -------------------------------------------------------------------
                         slack                                  0.247    

Slack (MET) :             0.248ns  (arrival time - required time)
  Source:                 u_decrease_duty_btn/r_prev_clean_btn_reg/C
                            (rising edge-triggered cell FDCE clocked by sys_clk_pin  {rise@0.000ns fall@5.000ns period=10.000ns})
  Destination:            u_pwm_duty_control/r_duty_cycle_reg[1]/D
                            (rising edge-triggered cell FDCE clocked by sys_clk_pin  {rise@0.000ns fall@5.000ns period=10.000ns})
  Path Group:             sys_clk_pin
  Path Type:              Hold (Min at Fast Process Corner)
  Requirement:            0.000ns  (sys_clk_pin rise@0.000ns - sys_clk_pin rise@0.000ns)
  Data Path Delay:        0.384ns  (logic 0.246ns (64.023%)  route 0.138ns (35.977%))
  Logic Levels:           1  (LUT6=1)
  Clock Path Skew:        0.015ns (DCD - SCD - CPR)
    Destination Clock Delay (DCD):    1.980ns
    Source Clock Delay      (SCD):    1.467ns
    Clock Pessimism Removal (CPR):    0.498ns

    Location             Delay type                Incr(ns)  Path(ns)    Netlist Resource(s)
  -------------------------------------------------------------------    -------------------
                         (clock sys_clk_pin rise edge)
                                                      0.000     0.000 r  
    W5                                                0.000     0.000 r  clk (IN)
                         net (fo=0)                   0.000     0.000    clk
    W5                   IBUF (Prop_ibuf_I_O)         0.226     0.226 r  clk_IBUF_inst/O
                         net (fo=1, routed)           0.631     0.858    clk_IBUF
    BUFGCTRL_X0Y0        BUFG (Prop_bufg_I_O)         0.026     0.884 r  clk_IBUF_BUFG_inst/O
                         net (fo=75, routed)          0.584     1.467    u_decrease_duty_btn/clk_IBUF_BUFG
    SLICE_X60Y28         FDCE                                         r  u_decrease_duty_btn/r_prev_clean_btn_reg/C
  -------------------------------------------------------------------    -------------------
    SLICE_X60Y28         FDCE (Prop_fdce_C_Q)         0.148     1.615 r  u_decrease_duty_btn/r_prev_clean_btn_reg/Q
                         net (fo=4, routed)           0.138     1.753    u_pwm_duty_control/r_prev_clean_btn
    SLICE_X60Y29         LUT6 (Prop_lut6_I3_O)        0.098     1.851 r  u_pwm_duty_control/r_duty_cycle[1]_i_1/O
                         net (fo=1, routed)           0.000     1.851    u_pwm_duty_control/r_duty_cycle[1]_i_1_n_0
    SLICE_X60Y29         FDCE                                         r  u_pwm_duty_control/r_duty_cycle_reg[1]/D
  -------------------------------------------------------------------    -------------------

                         (clock sys_clk_pin rise edge)
                                                      0.000     0.000 r  
    W5                                                0.000     0.000 r  clk (IN)
                         net (fo=0)                   0.000     0.000    clk
    W5                   IBUF (Prop_ibuf_I_O)         0.414     0.414 r  clk_IBUF_inst/O
                         net (fo=1, routed)           0.685     1.099    clk_IBUF
    BUFGCTRL_X0Y0        BUFG (Prop_bufg_I_O)         0.029     1.128 r  clk_IBUF_BUFG_inst/O
                         net (fo=75, routed)          0.853     1.980    u_pwm_duty_control/CLK
    SLICE_X60Y29         FDCE                                         r  u_pwm_duty_control/r_duty_cycle_reg[1]/C
                         clock pessimism             -0.498     1.482    
    SLICE_X60Y29         FDCE (Hold_fdce_C_D)         0.121     1.603    u_pwm_duty_control/r_duty_cycle_reg[1]
  -------------------------------------------------------------------
                         required time                         -1.603    
                         arrival time                           1.851    
  -------------------------------------------------------------------
                         slack                                  0.248    

Slack (MET) :             0.251ns  (arrival time - required time)
  Source:                 u_pwm_duty_control/r_counter_pwm_reg[0]/C
                            (rising edge-triggered cell FDCE clocked by sys_clk_pin  {rise@0.000ns fall@5.000ns period=10.000ns})
  Destination:            u_pwm_duty_control/r_counter_pwm_reg[3]/D
                            (rising edge-triggered cell FDCE clocked by sys_clk_pin  {rise@0.000ns fall@5.000ns period=10.000ns})
  Path Group:             sys_clk_pin
  Path Type:              Hold (Min at Fast Process Corner)
  Requirement:            0.000ns  (sys_clk_pin rise@0.000ns - sys_clk_pin rise@0.000ns)
  Data Path Delay:        0.358ns  (logic 0.184ns (51.423%)  route 0.174ns (48.577%))
  Logic Levels:           1  (LUT4=1)
  Clock Path Skew:        0.000ns (DCD - SCD - CPR)
    Destination Clock Delay (DCD):    1.980ns
    Source Clock Delay      (SCD):    1.468ns
    Clock Pessimism Removal (CPR):    0.512ns

    Location             Delay type                Incr(ns)  Path(ns)    Netlist Resource(s)
  -------------------------------------------------------------------    -------------------
                         (clock sys_clk_pin rise edge)
                                                      0.000     0.000 r  
    W5                                                0.000     0.000 r  clk (IN)
                         net (fo=0)                   0.000     0.000    clk
    W5                   IBUF (Prop_ibuf_I_O)         0.226     0.226 r  clk_IBUF_inst/O
                         net (fo=1, routed)           0.631     0.858    clk_IBUF
    BUFGCTRL_X0Y0        BUFG (Prop_bufg_I_O)         0.026     0.884 r  clk_IBUF_BUFG_inst/O
                         net (fo=75, routed)          0.585     1.468    u_pwm_duty_control/CLK
    SLICE_X62Y27         FDCE                                         r  u_pwm_duty_control/r_counter_pwm_reg[0]/C
  -------------------------------------------------------------------    -------------------
    SLICE_X62Y27         FDCE (Prop_fdce_C_Q)         0.141     1.609 r  u_pwm_duty_control/r_counter_pwm_reg[0]/Q
                         net (fo=5, routed)           0.174     1.783    u_pwm_duty_control/r_counter_pwm_reg[0]
    SLICE_X62Y27         LUT4 (Prop_lut4_I2_O)        0.043     1.826 r  u_pwm_duty_control/r_counter_pwm[3]_i_1/O
                         net (fo=1, routed)           0.000     1.826    u_pwm_duty_control/p_0_in__0[3]
    SLICE_X62Y27         FDCE                                         r  u_pwm_duty_control/r_counter_pwm_reg[3]/D
  -------------------------------------------------------------------    -------------------

                         (clock sys_clk_pin rise edge)
                                                      0.000     0.000 r  
    W5                                                0.000     0.000 r  clk (IN)
                         net (fo=0)                   0.000     0.000    clk
    W5                   IBUF (Prop_ibuf_I_O)         0.414     0.414 r  clk_IBUF_inst/O
                         net (fo=1, routed)           0.685     1.099    clk_IBUF
    BUFGCTRL_X0Y0        BUFG (Prop_bufg_I_O)         0.029     1.128 r  clk_IBUF_BUFG_inst/O
                         net (fo=75, routed)          0.853     1.980    u_pwm_duty_control/CLK
    SLICE_X62Y27         FDCE                                         r  u_pwm_duty_control/r_counter_pwm_reg[3]/C
                         clock pessimism             -0.512     1.468    
    SLICE_X62Y27         FDCE (Hold_fdce_C_D)         0.107     1.575    u_pwm_duty_control/r_counter_pwm_reg[3]
  -------------------------------------------------------------------
                         required time                         -1.575    
                         arrival time                           1.826    
  -------------------------------------------------------------------
                         slack                                  0.251    

Slack (MET) :             0.251ns  (arrival time - required time)
  Source:                 u_decrease_duty_btn/r_prev_clean_btn_reg/C
                            (rising edge-triggered cell FDCE clocked by sys_clk_pin  {rise@0.000ns fall@5.000ns period=10.000ns})
  Destination:            u_pwm_duty_control/r_duty_cycle_reg[3]/D
                            (rising edge-triggered cell FDCE clocked by sys_clk_pin  {rise@0.000ns fall@5.000ns period=10.000ns})
  Path Group:             sys_clk_pin
  Path Type:              Hold (Min at Fast Process Corner)
  Requirement:            0.000ns  (sys_clk_pin rise@0.000ns - sys_clk_pin rise@0.000ns)
  Data Path Delay:        0.386ns  (logic 0.246ns (63.692%)  route 0.140ns (36.308%))
  Logic Levels:           1  (LUT6=1)
  Clock Path Skew:        0.015ns (DCD - SCD - CPR)
    Destination Clock Delay (DCD):    1.980ns
    Source Clock Delay      (SCD):    1.467ns
    Clock Pessimism Removal (CPR):    0.498ns

    Location             Delay type                Incr(ns)  Path(ns)    Netlist Resource(s)
  -------------------------------------------------------------------    -------------------
                         (clock sys_clk_pin rise edge)
                                                      0.000     0.000 r  
    W5                                                0.000     0.000 r  clk (IN)
                         net (fo=0)                   0.000     0.000    clk
    W5                   IBUF (Prop_ibuf_I_O)         0.226     0.226 r  clk_IBUF_inst/O
                         net (fo=1, routed)           0.631     0.858    clk_IBUF
    BUFGCTRL_X0Y0        BUFG (Prop_bufg_I_O)         0.026     0.884 r  clk_IBUF_BUFG_inst/O
                         net (fo=75, routed)          0.584     1.467    u_decrease_duty_btn/clk_IBUF_BUFG
    SLICE_X60Y28         FDCE                                         r  u_decrease_duty_btn/r_prev_clean_btn_reg/C
  -------------------------------------------------------------------    -------------------
    SLICE_X60Y28         FDCE (Prop_fdce_C_Q)         0.148     1.615 r  u_decrease_duty_btn/r_prev_clean_btn_reg/Q
                         net (fo=4, routed)           0.140     1.755    u_pwm_duty_control/r_prev_clean_btn
    SLICE_X60Y29         LUT6 (Prop_lut6_I5_O)        0.098     1.853 r  u_pwm_duty_control/r_duty_cycle[3]_i_2/O
                         net (fo=1, routed)           0.000     1.853    u_pwm_duty_control/r_duty_cycle[3]_i_2_n_0
    SLICE_X60Y29         FDCE                                         r  u_pwm_duty_control/r_duty_cycle_reg[3]/D
  -------------------------------------------------------------------    -------------------

                         (clock sys_clk_pin rise edge)
                                                      0.000     0.000 r  
    W5                                                0.000     0.000 r  clk (IN)
                         net (fo=0)                   0.000     0.000    clk
    W5                   IBUF (Prop_ibuf_I_O)         0.414     0.414 r  clk_IBUF_inst/O
                         net (fo=1, routed)           0.685     1.099    clk_IBUF
    BUFGCTRL_X0Y0        BUFG (Prop_bufg_I_O)         0.029     1.128 r  clk_IBUF_BUFG_inst/O
                         net (fo=75, routed)          0.853     1.980    u_pwm_duty_control/CLK
    SLICE_X60Y29         FDCE                                         r  u_pwm_duty_control/r_duty_cycle_reg[3]/C
                         clock pessimism             -0.498     1.482    
    SLICE_X60Y29         FDCE (Hold_fdce_C_D)         0.120     1.602    u_pwm_duty_control/r_duty_cycle_reg[3]
  -------------------------------------------------------------------
                         required time                         -1.602    
                         arrival time                           1.853    
  -------------------------------------------------------------------
                         slack                                  0.251    

Slack (MET) :             0.253ns  (arrival time - required time)
  Source:                 u_increase_duty_btn/r_counter_reg[15]/C
                            (rising edge-triggered cell FDCE clocked by sys_clk_pin  {rise@0.000ns fall@5.000ns period=10.000ns})
  Destination:            u_increase_duty_btn/r_counter_reg[13]/D
                            (rising edge-triggered cell FDCE clocked by sys_clk_pin  {rise@0.000ns fall@5.000ns period=10.000ns})
  Path Group:             sys_clk_pin
  Path Type:              Hold (Min at Fast Process Corner)
  Requirement:            0.000ns  (sys_clk_pin rise@0.000ns - sys_clk_pin rise@0.000ns)
  Data Path Delay:        0.359ns  (logic 0.209ns (58.274%)  route 0.150ns (41.726%))
  Logic Levels:           1  (LUT6=1)
  Clock Path Skew:        0.014ns (DCD - SCD - CPR)
    Destination Clock Delay (DCD):    1.979ns
    Source Clock Delay      (SCD):    1.467ns
    Clock Pessimism Removal (CPR):    0.498ns

    Location             Delay type                Incr(ns)  Path(ns)    Netlist Resource(s)
  -------------------------------------------------------------------    -------------------
                         (clock sys_clk_pin rise edge)
                                                      0.000     0.000 r  
    W5                                                0.000     0.000 r  clk (IN)
                         net (fo=0)                   0.000     0.000    clk
    W5                   IBUF (Prop_ibuf_I_O)         0.226     0.226 r  clk_IBUF_inst/O
                         net (fo=1, routed)           0.631     0.858    clk_IBUF
    BUFGCTRL_X0Y0        BUFG (Prop_bufg_I_O)         0.026     0.884 r  clk_IBUF_BUFG_inst/O
                         net (fo=75, routed)          0.584     1.467    u_increase_duty_btn/CLK
    SLICE_X60Y28         FDCE                                         r  u_increase_duty_btn/r_counter_reg[15]/C
  -------------------------------------------------------------------    -------------------
    SLICE_X60Y28         FDCE (Prop_fdce_C_Q)         0.164     1.631 f  u_increase_duty_btn/r_counter_reg[15]/Q
                         net (fo=19, routed)          0.150     1.781    u_increase_duty_btn/r_counter[15]
    SLICE_X59Y28         LUT6 (Prop_lut6_I0_O)        0.045     1.826 r  u_increase_duty_btn/r_counter[13]_i_1/O
                         net (fo=1, routed)           0.000     1.826    u_increase_duty_btn/p_0_in[13]
    SLICE_X59Y28         FDCE                                         r  u_increase_duty_btn/r_counter_reg[13]/D
  -------------------------------------------------------------------    -------------------

                         (clock sys_clk_pin rise edge)
                                                      0.000     0.000 r  
    W5                                                0.000     0.000 r  clk (IN)
                         net (fo=0)                   0.000     0.000    clk
    W5                   IBUF (Prop_ibuf_I_O)         0.414     0.414 r  clk_IBUF_inst/O
                         net (fo=1, routed)           0.685     1.099    clk_IBUF
    BUFGCTRL_X0Y0        BUFG (Prop_bufg_I_O)         0.029     1.128 r  clk_IBUF_BUFG_inst/O
                         net (fo=75, routed)          0.852     1.979    u_increase_duty_btn/CLK
    SLICE_X59Y28         FDCE                                         r  u_increase_duty_btn/r_counter_reg[13]/C
                         clock pessimism             -0.498     1.481    
    SLICE_X59Y28         FDCE (Hold_fdce_C_D)         0.092     1.573    u_increase_duty_btn/r_counter_reg[13]
  -------------------------------------------------------------------
                         required time                         -1.573    
                         arrival time                           1.826    
  -------------------------------------------------------------------
                         slack                                  0.253    

Slack (MET) :             0.262ns  (arrival time - required time)
  Source:                 u_fnd_controller/u_fnd_digit_select/r_500ms_counter_reg[5]/C
                            (rising edge-triggered cell FDCE clocked by sys_clk_pin  {rise@0.000ns fall@5.000ns period=10.000ns})
  Destination:            u_fnd_controller/u_fnd_digit_select/r_500ms_counter_reg[6]/D
                            (rising edge-triggered cell FDCE clocked by sys_clk_pin  {rise@0.000ns fall@5.000ns period=10.000ns})
  Path Group:             sys_clk_pin
  Path Type:              Hold (Min at Fast Process Corner)
  Requirement:            0.000ns  (sys_clk_pin rise@0.000ns - sys_clk_pin rise@0.000ns)
  Data Path Delay:        0.393ns  (logic 0.207ns (52.626%)  route 0.186ns (47.374%))
  Logic Levels:           1  (LUT5=1)
  Clock Path Skew:        0.000ns (DCD - SCD - CPR)
    Destination Clock Delay (DCD):    1.980ns
    Source Clock Delay      (SCD):    1.468ns
    Clock Pessimism Removal (CPR):    0.512ns

    Location             Delay type                Incr(ns)  Path(ns)    Netlist Resource(s)
  -------------------------------------------------------------------    -------------------
                         (clock sys_clk_pin rise edge)
                                                      0.000     0.000 r  
    W5                                                0.000     0.000 r  clk (IN)
                         net (fo=0)                   0.000     0.000    clk
    W5                   IBUF (Prop_ibuf_I_O)         0.226     0.226 r  clk_IBUF_inst/O
                         net (fo=1, routed)           0.631     0.858    clk_IBUF
    BUFGCTRL_X0Y0        BUFG (Prop_bufg_I_O)         0.026     0.884 r  clk_IBUF_BUFG_inst/O
                         net (fo=75, routed)          0.585     1.468    u_fnd_controller/u_fnd_digit_select/CLK
    SLICE_X64Y27         FDCE                                         r  u_fnd_controller/u_fnd_digit_select/r_500ms_counter_reg[5]/C
  -------------------------------------------------------------------    -------------------
    SLICE_X64Y27         FDCE (Prop_fdce_C_Q)         0.164     1.632 r  u_fnd_controller/u_fnd_digit_select/r_500ms_counter_reg[5]/Q
                         net (fo=4, routed)           0.186     1.818    u_fnd_controller/u_fnd_digit_select/r_500ms_counter_reg[5]
    SLICE_X64Y27         LUT5 (Prop_lut5_I2_O)        0.043     1.861 r  u_fnd_controller/u_fnd_digit_select/r_500ms_counter[6]_i_1/O
                         net (fo=1, routed)           0.000     1.861    u_fnd_controller/u_fnd_digit_select/p_0_in__1[6]
    SLICE_X64Y27         FDCE                                         r  u_fnd_controller/u_fnd_digit_select/r_500ms_counter_reg[6]/D
  -------------------------------------------------------------------    -------------------

                         (clock sys_clk_pin rise edge)
                                                      0.000     0.000 r  
    W5                                                0.000     0.000 r  clk (IN)
                         net (fo=0)                   0.000     0.000    clk
    W5                   IBUF (Prop_ibuf_I_O)         0.414     0.414 r  clk_IBUF_inst/O
                         net (fo=1, routed)           0.685     1.099    clk_IBUF
    BUFGCTRL_X0Y0        BUFG (Prop_bufg_I_O)         0.029     1.128 r  clk_IBUF_BUFG_inst/O
                         net (fo=75, routed)          0.853     1.980    u_fnd_controller/u_fnd_digit_select/CLK
    SLICE_X64Y27         FDCE                                         r  u_fnd_controller/u_fnd_digit_select/r_500ms_counter_reg[6]/C
                         clock pessimism             -0.512     1.468    
    SLICE_X64Y27         FDCE (Hold_fdce_C_D)         0.131     1.599    u_fnd_controller/u_fnd_digit_select/r_500ms_counter_reg[6]
  -------------------------------------------------------------------
                         required time                         -1.599    
                         arrival time                           1.861    
  -------------------------------------------------------------------
                         slack                                  0.262    

Slack (MET) :             0.263ns  (arrival time - required time)
  Source:                 u_increase_duty_btn/r_counter_reg[0]/C
                            (rising edge-triggered cell FDCE clocked by sys_clk_pin  {rise@0.000ns fall@5.000ns period=10.000ns})
  Destination:            u_increase_duty_btn/r_counter_reg[0]/D
                            (rising edge-triggered cell FDCE clocked by sys_clk_pin  {rise@0.000ns fall@5.000ns period=10.000ns})
  Path Group:             sys_clk_pin
  Path Type:              Hold (Min at Fast Process Corner)
  Requirement:            0.000ns  (sys_clk_pin rise@0.000ns - sys_clk_pin rise@0.000ns)
  Data Path Delay:        0.354ns  (logic 0.186ns (52.507%)  route 0.168ns (47.493%))
  Logic Levels:           1  (LUT6=1)
  Clock Path Skew:        0.000ns (DCD - SCD - CPR)
    Destination Clock Delay (DCD):    1.975ns
    Source Clock Delay      (SCD):    1.464ns
    Clock Pessimism Removal (CPR):    0.511ns

    Location             Delay type                Incr(ns)  Path(ns)    Netlist Resource(s)
  -------------------------------------------------------------------    -------------------
                         (clock sys_clk_pin rise edge)
                                                      0.000     0.000 r  
    W5                                                0.000     0.000 r  clk (IN)
                         net (fo=0)                   0.000     0.000    clk
    W5                   IBUF (Prop_ibuf_I_O)         0.226     0.226 r  clk_IBUF_inst/O
                         net (fo=1, routed)           0.631     0.858    clk_IBUF
    BUFGCTRL_X0Y0        BUFG (Prop_bufg_I_O)         0.026     0.884 r  clk_IBUF_BUFG_inst/O
                         net (fo=75, routed)          0.581     1.464    u_increase_duty_btn/CLK
    SLICE_X59Y24         FDCE                                         r  u_increase_duty_btn/r_counter_reg[0]/C
  -------------------------------------------------------------------    -------------------
    SLICE_X59Y24         FDCE (Prop_fdce_C_Q)         0.141     1.605 f  u_increase_duty_btn/r_counter_reg[0]/Q
                         net (fo=3, routed)           0.168     1.773    u_increase_duty_btn/r_counter[0]
    SLICE_X59Y24         LUT6 (Prop_lut6_I5_O)        0.045     1.818 r  u_increase_duty_btn/r_counter[0]_i_1/O
                         net (fo=1, routed)           0.000     1.818    u_increase_duty_btn/p_0_in[0]
    SLICE_X59Y24         FDCE                                         r  u_increase_duty_btn/r_counter_reg[0]/D
  -------------------------------------------------------------------    -------------------

                         (clock sys_clk_pin rise edge)
                                                      0.000     0.000 r  
    W5                                                0.000     0.000 r  clk (IN)
                         net (fo=0)                   0.000     0.000    clk
    W5                   IBUF (Prop_ibuf_I_O)         0.414     0.414 r  clk_IBUF_inst/O
                         net (fo=1, routed)           0.685     1.099    clk_IBUF
    BUFGCTRL_X0Y0        BUFG (Prop_bufg_I_O)         0.029     1.128 r  clk_IBUF_BUFG_inst/O
                         net (fo=75, routed)          0.848     1.975    u_increase_duty_btn/CLK
    SLICE_X59Y24         FDCE                                         r  u_increase_duty_btn/r_counter_reg[0]/C
                         clock pessimism             -0.511     1.464    
    SLICE_X59Y24         FDCE (Hold_fdce_C_D)         0.091     1.555    u_increase_duty_btn/r_counter_reg[0]
  -------------------------------------------------------------------
                         required time                         -1.555    
                         arrival time                           1.818    
  -------------------------------------------------------------------
                         slack                                  0.263    





Pulse Width Checks
--------------------------------------------------------------------------------------
Clock Name:         sys_clk_pin
Waveform(ns):       { 0.000 5.000 }
Period(ns):         10.000
Sources:            { clk }

Check Type        Corner  Lib Pin  Reference Pin  Required(ns)  Actual(ns)  Slack(ns)  Location       Pin
Min Period        n/a     BUFG/I   n/a            2.155         10.000      7.845      BUFGCTRL_X0Y0  clk_IBUF_BUFG_inst/I
Min Period        n/a     FDCE/C   n/a            1.000         10.000      9.000      SLICE_X58Y23   u_decrease_duty_btn/r_clean_btn_reg/C
Min Period        n/a     FDCE/C   n/a            1.000         10.000      9.000      SLICE_X59Y23   u_decrease_duty_btn/r_counter_reg[0]/C
Min Period        n/a     FDCE/C   n/a            1.000         10.000      9.000      SLICE_X60Y25   u_decrease_duty_btn/r_counter_reg[10]/C
Min Period        n/a     FDCE/C   n/a            1.000         10.000      9.000      SLICE_X60Y25   u_decrease_duty_btn/r_counter_reg[11]/C
Min Period        n/a     FDCE/C   n/a            1.000         10.000      9.000      SLICE_X60Y25   u_decrease_duty_btn/r_counter_reg[12]/C
Min Period        n/a     FDCE/C   n/a            1.000         10.000      9.000      SLICE_X60Y26   u_decrease_duty_btn/r_counter_reg[13]/C
Min Period        n/a     FDCE/C   n/a            1.000         10.000      9.000      SLICE_X60Y26   u_decrease_duty_btn/r_counter_reg[14]/C
Min Period        n/a     FDCE/C   n/a            1.000         10.000      9.000      SLICE_X60Y26   u_decrease_duty_btn/r_counter_reg[15]/C
Min Period        n/a     FDCE/C   n/a            1.000         10.000      9.000      SLICE_X62Y26   u_decrease_duty_btn/r_counter_reg[16]/C
Low Pulse Width   Slow    FDCE/C   n/a            0.500         5.000       4.500      SLICE_X58Y23   u_decrease_duty_btn/r_clean_btn_reg/C
Low Pulse Width   Fast    FDCE/C   n/a            0.500         5.000       4.500      SLICE_X58Y23   u_decrease_duty_btn/r_clean_btn_reg/C
Low Pulse Width   Slow    FDCE/C   n/a            0.500         5.000       4.500      SLICE_X59Y23   u_decrease_duty_btn/r_counter_reg[0]/C
Low Pulse Width   Fast    FDCE/C   n/a            0.500         5.000       4.500      SLICE_X59Y23   u_decrease_duty_btn/r_counter_reg[0]/C
Low Pulse Width   Slow    FDCE/C   n/a            0.500         5.000       4.500      SLICE_X60Y25   u_decrease_duty_btn/r_counter_reg[10]/C
Low Pulse Width   Fast    FDCE/C   n/a            0.500         5.000       4.500      SLICE_X60Y25   u_decrease_duty_btn/r_counter_reg[10]/C
Low Pulse Width   Slow    FDCE/C   n/a            0.500         5.000       4.500      SLICE_X60Y25   u_decrease_duty_btn/r_counter_reg[11]/C
Low Pulse Width   Fast    FDCE/C   n/a            0.500         5.000       4.500      SLICE_X60Y25   u_decrease_duty_btn/r_counter_reg[11]/C
Low Pulse Width   Slow    FDCE/C   n/a            0.500         5.000       4.500      SLICE_X60Y25   u_decrease_duty_btn/r_counter_reg[12]/C
Low Pulse Width   Fast    FDCE/C   n/a            0.500         5.000       4.500      SLICE_X60Y25   u_decrease_duty_btn/r_counter_reg[12]/C
High Pulse Width  Slow    FDCE/C   n/a            0.500         5.000       4.500      SLICE_X58Y23   u_decrease_duty_btn/r_clean_btn_reg/C
High Pulse Width  Fast    FDCE/C   n/a            0.500         5.000       4.500      SLICE_X58Y23   u_decrease_duty_btn/r_clean_btn_reg/C
High Pulse Width  Slow    FDCE/C   n/a            0.500         5.000       4.500      SLICE_X59Y23   u_decrease_duty_btn/r_counter_reg[0]/C
High Pulse Width  Fast    FDCE/C   n/a            0.500         5.000       4.500      SLICE_X59Y23   u_decrease_duty_btn/r_counter_reg[0]/C
High Pulse Width  Slow    FDCE/C   n/a            0.500         5.000       4.500      SLICE_X60Y25   u_decrease_duty_btn/r_counter_reg[10]/C
High Pulse Width  Fast    FDCE/C   n/a            0.500         5.000       4.500      SLICE_X60Y25   u_decrease_duty_btn/r_counter_reg[10]/C
High Pulse Width  Slow    FDCE/C   n/a            0.500         5.000       4.500      SLICE_X60Y25   u_decrease_duty_btn/r_counter_reg[11]/C
High Pulse Width  Fast    FDCE/C   n/a            0.500         5.000       4.500      SLICE_X60Y25   u_decrease_duty_btn/r_counter_reg[11]/C
High Pulse Width  Slow    FDCE/C   n/a            0.500         5.000       4.500      SLICE_X60Y25   u_decrease_duty_btn/r_counter_reg[12]/C
High Pulse Width  Fast    FDCE/C   n/a            0.500         5.000       4.500      SLICE_X60Y25   u_decrease_duty_btn/r_counter_reg[12]/C



