Copyright 1986-2021 Xilinx, Inc. All Rights Reserved.
--------------------------------------------------------------------------------------------------------------------------------------------------------------------------------
| Tool Version : Vivado v.2021.1 (win64) Build 3247384 Thu Jun 10 19:36:33 MDT 2021
| Date         : Wed Mar  4 16:53:42 2026
| Host         : DESKTOP-FAVD00F running 64-bit major release  (build 9200)
| Command      : report_timing_summary -max_paths 10 -file top_timing_summary_routed.rpt -pb top_timing_summary_routed.pb -rpx top_timing_summary_routed.rpx -warn_on_violation
| Design       : top
| Device       : 7a35t-cpg236
| Speed File   : -1  PRODUCTION 1.23 2018-06-13
--------------------------------------------------------------------------------------------------------------------------------------------------------------------------------

Timing Summary Report

------------------------------------------------------------------------------------------------
| Timer Settings
| --------------
------------------------------------------------------------------------------------------------

  Enable Multi Corner Analysis               :  Yes
  Enable Pessimism Removal                   :  Yes
  Pessimism Removal Resolution               :  Nearest Common Node
  Enable Input Delay Default Clock           :  No
  Enable Preset / Clear Arcs                 :  No
  Disable Flight Delays                      :  No
  Ignore I/O Paths                           :  No
  Timing Early Launch at Borrowing Latches   :  No
  Borrow Time for Max Delay Exceptions       :  Yes
  Merge Timing Exceptions                    :  Yes

  Corner  Analyze    Analyze    
  Name    Max Paths  Min Paths  
  ------  ---------  ---------  
  Slow    Yes        Yes        
  Fast    Yes        Yes        


------------------------------------------------------------------------------------------------
| Report Methodology
| ------------------
------------------------------------------------------------------------------------------------

Rule       Severity  Description                    Violations  
---------  --------  -----------------------------  ----------  
TIMING-18  Warning   Missing input or output delay  3           

Note: This report is based on the most recent report_methodology run and may not be up-to-date. Run report_methodology on the current design for the latest report.



check_timing report

Table of Contents
-----------------
1. checking no_clock (0)
2. checking constant_clock (0)
3. checking pulse_width_clock (0)
4. checking unconstrained_internal_endpoints (0)
5. checking no_input_delay (1)
6. checking no_output_delay (2)
7. checking multiple_clock (0)
8. checking generated_clocks (0)
9. checking loops (0)
10. checking partial_input_delay (0)
11. checking partial_output_delay (0)
12. checking latch_loops (0)

1. checking no_clock (0)
------------------------
 There are 0 register/latch pins with no clock.


2. checking constant_clock (0)
------------------------------
 There are 0 register/latch pins with constant_clock.


3. checking pulse_width_clock (0)
---------------------------------
 There are 0 register/latch pins which need pulse_width check


4. checking unconstrained_internal_endpoints (0)
------------------------------------------------
 There are 0 pins that are not constrained for maximum delay.

 There are 0 pins that are not constrained for maximum delay due to constant clock.


5. checking no_input_delay (1)
------------------------------
 There is 1 input port with no input delay specified. (HIGH)

 There are 0 input ports with no input delay but user has a false path constraint.


6. checking no_output_delay (2)
-------------------------------
 There are 2 ports with no output delay specified. (HIGH)

 There are 0 ports with no output delay but user has a false path constraint

 There are 0 ports with no output delay but with a timing clock defined on it or propagating through it


7. checking multiple_clock (0)
------------------------------
 There are 0 register/latch pins with multiple clocks.


8. checking generated_clocks (0)
--------------------------------
 There are 0 generated clocks that are not connected to a clock source.


9. checking loops (0)
---------------------
 There are 0 combinational loops in the design.


10. checking partial_input_delay (0)
------------------------------------
 There are 0 input ports with partial input delay specified.


11. checking partial_output_delay (0)
-------------------------------------
 There are 0 ports with partial output delay specified.


12. checking latch_loops (0)
----------------------------
 There are 0 combinational latch loops in the design through latch input



------------------------------------------------------------------------------------------------
| Design Timing Summary
| ---------------------
------------------------------------------------------------------------------------------------

    WNS(ns)      TNS(ns)  TNS Failing Endpoints  TNS Total Endpoints      WHS(ns)      THS(ns)  THS Failing Endpoints  THS Total Endpoints     WPWS(ns)     TPWS(ns)  TPWS Failing Endpoints  TPWS Total Endpoints  
    -------      -------  ---------------------  -------------------      -------      -------  ---------------------  -------------------     --------     --------  ----------------------  --------------------  
      5.345        0.000                      0                   89        0.197        0.000                      0                   89        4.500        0.000                       0                    68  


All user specified timing constraints are met.


------------------------------------------------------------------------------------------------
| Clock Summary
| -------------
------------------------------------------------------------------------------------------------

Clock        Waveform(ns)       Period(ns)      Frequency(MHz)
-----        ------------       ----------      --------------
sys_clk_pin  {0.000 5.000}      10.000          100.000         


------------------------------------------------------------------------------------------------
| Intra Clock Table
| -----------------
------------------------------------------------------------------------------------------------

Clock             WNS(ns)      TNS(ns)  TNS Failing Endpoints  TNS Total Endpoints      WHS(ns)      THS(ns)  THS Failing Endpoints  THS Total Endpoints     WPWS(ns)     TPWS(ns)  TPWS Failing Endpoints  TPWS Total Endpoints  
-----             -------      -------  ---------------------  -------------------      -------      -------  ---------------------  -------------------     --------     --------  ----------------------  --------------------  
sys_clk_pin         5.345        0.000                      0                   89        0.197        0.000                      0                   89        4.500        0.000                       0                    68  


------------------------------------------------------------------------------------------------
| Inter Clock Table
| -----------------
------------------------------------------------------------------------------------------------

From Clock    To Clock          WNS(ns)      TNS(ns)  TNS Failing Endpoints  TNS Total Endpoints      WHS(ns)      THS(ns)  THS Failing Endpoints  THS Total Endpoints  
----------    --------          -------      -------  ---------------------  -------------------      -------      -------  ---------------------  -------------------  


------------------------------------------------------------------------------------------------
| Other Path Groups Table
| -----------------------
------------------------------------------------------------------------------------------------

Path Group    From Clock    To Clock          WNS(ns)      TNS(ns)  TNS Failing Endpoints  TNS Total Endpoints      WHS(ns)      THS(ns)  THS Failing Endpoints  THS Total Endpoints  
----------    ----------    --------          -------      -------  ---------------------  -------------------      -------      -------  ---------------------  -------------------  


------------------------------------------------------------------------------------------------
| Timing Details
| --------------
------------------------------------------------------------------------------------------------


---------------------------------------------------------------------------------------------------
From Clock:  sys_clk_pin
  To Clock:  sys_clk_pin

Setup :            0  Failing Endpoints,  Worst Slack        5.345ns,  Total Violation        0.000ns
Hold  :            0  Failing Endpoints,  Worst Slack        0.197ns,  Total Violation        0.000ns
PW    :            0  Failing Endpoints,  Worst Slack        4.500ns,  Total Violation        0.000ns
---------------------------------------------------------------------------------------------------


Max Delay Paths
--------------------------------------------------------------------------------------
Slack (MET) :             5.345ns  (required time - arrival time)
  Source:                 u_uart_controller/u_tick/r_counter_reg[15]/C
                            (rising edge-triggered cell FDCE clocked by sys_clk_pin  {rise@0.000ns fall@5.000ns period=10.000ns})
  Destination:            u_uart_controller/u_tick/r_counter_reg[25]/D
                            (rising edge-triggered cell FDCE clocked by sys_clk_pin  {rise@0.000ns fall@5.000ns period=10.000ns})
  Path Group:             sys_clk_pin
  Path Type:              Setup (Max at Slow Process Corner)
  Requirement:            10.000ns  (sys_clk_pin rise@10.000ns - sys_clk_pin rise@0.000ns)
  Data Path Delay:        4.705ns  (logic 2.348ns (49.907%)  route 2.357ns (50.093%))
  Logic Levels:           10  (CARRY4=7 LUT4=1 LUT6=2)
  Clock Path Skew:        -0.024ns (DCD - SCD + CPR)
    Destination Clock Delay (DCD):    4.851ns = ( 14.851 - 10.000 ) 
    Source Clock Delay      (SCD):    5.147ns
    Clock Pessimism Removal (CPR):    0.272ns
  Clock Uncertainty:      0.035ns  ((TSJ^2 + TIJ^2)^1/2 + DJ) / 2 + PE
    Total System Jitter     (TSJ):    0.071ns
    Total Input Jitter      (TIJ):    0.000ns
    Discrete Jitter          (DJ):    0.000ns
    Phase Error              (PE):    0.000ns

    Location             Delay type                Incr(ns)  Path(ns)    Netlist Resource(s)
  -------------------------------------------------------------------    -------------------
                         (clock sys_clk_pin rise edge)
                                                      0.000     0.000 r  
    W5                                                0.000     0.000 r  clk (IN)
                         net (fo=0)                   0.000     0.000    clk
    W5                   IBUF (Prop_ibuf_I_O)         1.458     1.458 r  clk_IBUF_inst/O
                         net (fo=1, routed)           1.967     3.425    clk_IBUF
    BUFGCTRL_X0Y0        BUFG (Prop_bufg_I_O)         0.096     3.521 r  clk_IBUF_BUFG_inst/O
                         net (fo=67, routed)          1.626     5.147    u_uart_controller/u_tick/clk_IBUF_BUFG
    SLICE_X2Y96          FDCE                                         r  u_uart_controller/u_tick/r_counter_reg[15]/C
  -------------------------------------------------------------------    -------------------
    SLICE_X2Y96          FDCE (Prop_fdce_C_Q)         0.518     5.665 f  u_uart_controller/u_tick/r_counter_reg[15]/Q
                         net (fo=2, routed)           0.678     6.343    u_uart_controller/u_tick/r_counter_reg[15]
    SLICE_X3Y96          LUT4 (Prop_lut4_I1_O)        0.124     6.467 r  u_uart_controller/u_tick/r_tick_i_4/O
                         net (fo=1, routed)           0.877     7.344    u_uart_controller/u_tick/r_tick_i_4_n_0
    SLICE_X3Y96          LUT6 (Prop_lut6_I2_O)        0.124     7.468 f  u_uart_controller/u_tick/r_tick_i_3/O
                         net (fo=27, routed)          0.613     8.081    u_uart_controller/u_tick/r_tick_i_3_n_0
    SLICE_X3Y93          LUT6 (Prop_lut6_I2_O)        0.124     8.205 r  u_uart_controller/u_tick/r_counter[0]_i_2/O
                         net (fo=1, routed)           0.189     8.394    u_uart_controller/u_tick/r_counter[0]_i_2_n_0
    SLICE_X2Y93          CARRY4 (Prop_carry4_DI[0]_CO[3])
                                                      0.550     8.944 r  u_uart_controller/u_tick/r_counter_reg[0]_i_1/CO[3]
                         net (fo=1, routed)           0.000     8.944    u_uart_controller/u_tick/r_counter_reg[0]_i_1_n_0
    SLICE_X2Y94          CARRY4 (Prop_carry4_CI_CO[3])
                                                      0.117     9.061 r  u_uart_controller/u_tick/r_counter_reg[4]_i_1/CO[3]
                         net (fo=1, routed)           0.000     9.061    u_uart_controller/u_tick/r_counter_reg[4]_i_1_n_0
    SLICE_X2Y95          CARRY4 (Prop_carry4_CI_CO[3])
                                                      0.117     9.178 r  u_uart_controller/u_tick/r_counter_reg[8]_i_1/CO[3]
                         net (fo=1, routed)           0.000     9.178    u_uart_controller/u_tick/r_counter_reg[8]_i_1_n_0
    SLICE_X2Y96          CARRY4 (Prop_carry4_CI_CO[3])
                                                      0.117     9.295 r  u_uart_controller/u_tick/r_counter_reg[12]_i_1/CO[3]
                         net (fo=1, routed)           0.000     9.295    u_uart_controller/u_tick/r_counter_reg[12]_i_1_n_0
    SLICE_X2Y97          CARRY4 (Prop_carry4_CI_CO[3])
                                                      0.117     9.412 r  u_uart_controller/u_tick/r_counter_reg[16]_i_1/CO[3]
                         net (fo=1, routed)           0.000     9.412    u_uart_controller/u_tick/r_counter_reg[16]_i_1_n_0
    SLICE_X2Y98          CARRY4 (Prop_carry4_CI_CO[3])
                                                      0.117     9.529 r  u_uart_controller/u_tick/r_counter_reg[20]_i_1/CO[3]
                         net (fo=1, routed)           0.000     9.529    u_uart_controller/u_tick/r_counter_reg[20]_i_1_n_0
    SLICE_X2Y99          CARRY4 (Prop_carry4_CI_O[1])
                                                      0.323     9.852 r  u_uart_controller/u_tick/r_counter_reg[24]_i_1/O[1]
                         net (fo=1, routed)           0.000     9.852    u_uart_controller/u_tick/r_counter_reg[24]_i_1_n_6
    SLICE_X2Y99          FDCE                                         r  u_uart_controller/u_tick/r_counter_reg[25]/D
  -------------------------------------------------------------------    -------------------

                         (clock sys_clk_pin rise edge)
                                                     10.000    10.000 r  
    W5                                                0.000    10.000 r  clk (IN)
                         net (fo=0)                   0.000    10.000    clk
    W5                   IBUF (Prop_ibuf_I_O)         1.388    11.388 r  clk_IBUF_inst/O
                         net (fo=1, routed)           1.862    13.250    clk_IBUF
    BUFGCTRL_X0Y0        BUFG (Prop_bufg_I_O)         0.091    13.341 r  clk_IBUF_BUFG_inst/O
                         net (fo=67, routed)          1.510    14.851    u_uart_controller/u_tick/clk_IBUF_BUFG
    SLICE_X2Y99          FDCE                                         r  u_uart_controller/u_tick/r_counter_reg[25]/C
                         clock pessimism              0.272    15.123    
                         clock uncertainty           -0.035    15.088    
    SLICE_X2Y99          FDCE (Setup_fdce_C_D)        0.109    15.197    u_uart_controller/u_tick/r_counter_reg[25]
  -------------------------------------------------------------------
                         required time                         15.197    
                         arrival time                          -9.852    
  -------------------------------------------------------------------
                         slack                                  5.345    

Slack (MET) :             5.429ns  (required time - arrival time)
  Source:                 u_uart_controller/u_tick/r_counter_reg[15]/C
                            (rising edge-triggered cell FDCE clocked by sys_clk_pin  {rise@0.000ns fall@5.000ns period=10.000ns})
  Destination:            u_uart_controller/u_tick/r_counter_reg[26]/D
                            (rising edge-triggered cell FDCE clocked by sys_clk_pin  {rise@0.000ns fall@5.000ns period=10.000ns})
  Path Group:             sys_clk_pin
  Path Type:              Setup (Max at Slow Process Corner)
  Requirement:            10.000ns  (sys_clk_pin rise@10.000ns - sys_clk_pin rise@0.000ns)
  Data Path Delay:        4.621ns  (logic 2.264ns (48.996%)  route 2.357ns (51.004%))
  Logic Levels:           10  (CARRY4=7 LUT4=1 LUT6=2)
  Clock Path Skew:        -0.024ns (DCD - SCD + CPR)
    Destination Clock Delay (DCD):    4.851ns = ( 14.851 - 10.000 ) 
    Source Clock Delay      (SCD):    5.147ns
    Clock Pessimism Removal (CPR):    0.272ns
  Clock Uncertainty:      0.035ns  ((TSJ^2 + TIJ^2)^1/2 + DJ) / 2 + PE
    Total System Jitter     (TSJ):    0.071ns
    Total Input Jitter      (TIJ):    0.000ns
    Discrete Jitter          (DJ):    0.000ns
    Phase Error              (PE):    0.000ns

    Location             Delay type                Incr(ns)  Path(ns)    Netlist Resource(s)
  -------------------------------------------------------------------    -------------------
                         (clock sys_clk_pin rise edge)
                                                      0.000     0.000 r  
    W5                                                0.000     0.000 r  clk (IN)
                         net (fo=0)                   0.000     0.000    clk
    W5                   IBUF (Prop_ibuf_I_O)         1.458     1.458 r  clk_IBUF_inst/O
                         net (fo=1, routed)           1.967     3.425    clk_IBUF
    BUFGCTRL_X0Y0        BUFG (Prop_bufg_I_O)         0.096     3.521 r  clk_IBUF_BUFG_inst/O
                         net (fo=67, routed)          1.626     5.147    u_uart_controller/u_tick/clk_IBUF_BUFG
    SLICE_X2Y96          FDCE                                         r  u_uart_controller/u_tick/r_counter_reg[15]/C
  -------------------------------------------------------------------    -------------------
    SLICE_X2Y96          FDCE (Prop_fdce_C_Q)         0.518     5.665 f  u_uart_controller/u_tick/r_counter_reg[15]/Q
                         net (fo=2, routed)           0.678     6.343    u_uart_controller/u_tick/r_counter_reg[15]
    SLICE_X3Y96          LUT4 (Prop_lut4_I1_O)        0.124     6.467 r  u_uart_controller/u_tick/r_tick_i_4/O
                         net (fo=1, routed)           0.877     7.344    u_uart_controller/u_tick/r_tick_i_4_n_0
    SLICE_X3Y96          LUT6 (Prop_lut6_I2_O)        0.124     7.468 f  u_uart_controller/u_tick/r_tick_i_3/O
                         net (fo=27, routed)          0.613     8.081    u_uart_controller/u_tick/r_tick_i_3_n_0
    SLICE_X3Y93          LUT6 (Prop_lut6_I2_O)        0.124     8.205 r  u_uart_controller/u_tick/r_counter[0]_i_2/O
                         net (fo=1, routed)           0.189     8.394    u_uart_controller/u_tick/r_counter[0]_i_2_n_0
    SLICE_X2Y93          CARRY4 (Prop_carry4_DI[0]_CO[3])
                                                      0.550     8.944 r  u_uart_controller/u_tick/r_counter_reg[0]_i_1/CO[3]
                         net (fo=1, routed)           0.000     8.944    u_uart_controller/u_tick/r_counter_reg[0]_i_1_n_0
    SLICE_X2Y94          CARRY4 (Prop_carry4_CI_CO[3])
                                                      0.117     9.061 r  u_uart_controller/u_tick/r_counter_reg[4]_i_1/CO[3]
                         net (fo=1, routed)           0.000     9.061    u_uart_controller/u_tick/r_counter_reg[4]_i_1_n_0
    SLICE_X2Y95          CARRY4 (Prop_carry4_CI_CO[3])
                                                      0.117     9.178 r  u_uart_controller/u_tick/r_counter_reg[8]_i_1/CO[3]
                         net (fo=1, routed)           0.000     9.178    u_uart_controller/u_tick/r_counter_reg[8]_i_1_n_0
    SLICE_X2Y96          CARRY4 (Prop_carry4_CI_CO[3])
                                                      0.117     9.295 r  u_uart_controller/u_tick/r_counter_reg[12]_i_1/CO[3]
                         net (fo=1, routed)           0.000     9.295    u_uart_controller/u_tick/r_counter_reg[12]_i_1_n_0
    SLICE_X2Y97          CARRY4 (Prop_carry4_CI_CO[3])
                                                      0.117     9.412 r  u_uart_controller/u_tick/r_counter_reg[16]_i_1/CO[3]
                         net (fo=1, routed)           0.000     9.412    u_uart_controller/u_tick/r_counter_reg[16]_i_1_n_0
    SLICE_X2Y98          CARRY4 (Prop_carry4_CI_CO[3])
                                                      0.117     9.529 r  u_uart_controller/u_tick/r_counter_reg[20]_i_1/CO[3]
                         net (fo=1, routed)           0.000     9.529    u_uart_controller/u_tick/r_counter_reg[20]_i_1_n_0
    SLICE_X2Y99          CARRY4 (Prop_carry4_CI_O[2])
                                                      0.239     9.768 r  u_uart_controller/u_tick/r_counter_reg[24]_i_1/O[2]
                         net (fo=1, routed)           0.000     9.768    u_uart_controller/u_tick/r_counter_reg[24]_i_1_n_5
    SLICE_X2Y99          FDCE                                         r  u_uart_controller/u_tick/r_counter_reg[26]/D
  -------------------------------------------------------------------    -------------------

                         (clock sys_clk_pin rise edge)
                                                     10.000    10.000 r  
    W5                                                0.000    10.000 r  clk (IN)
                         net (fo=0)                   0.000    10.000    clk
    W5                   IBUF (Prop_ibuf_I_O)         1.388    11.388 r  clk_IBUF_inst/O
                         net (fo=1, routed)           1.862    13.250    clk_IBUF
    BUFGCTRL_X0Y0        BUFG (Prop_bufg_I_O)         0.091    13.341 r  clk_IBUF_BUFG_inst/O
                         net (fo=67, routed)          1.510    14.851    u_uart_controller/u_tick/clk_IBUF_BUFG
    SLICE_X2Y99          FDCE                                         r  u_uart_controller/u_tick/r_counter_reg[26]/C
                         clock pessimism              0.272    15.123    
                         clock uncertainty           -0.035    15.088    
    SLICE_X2Y99          FDCE (Setup_fdce_C_D)        0.109    15.197    u_uart_controller/u_tick/r_counter_reg[26]
  -------------------------------------------------------------------
                         required time                         15.197    
                         arrival time                          -9.768    
  -------------------------------------------------------------------
                         slack                                  5.429    

Slack (MET) :             5.449ns  (required time - arrival time)
  Source:                 u_uart_controller/u_tick/r_counter_reg[15]/C
                            (rising edge-triggered cell FDCE clocked by sys_clk_pin  {rise@0.000ns fall@5.000ns period=10.000ns})
  Destination:            u_uart_controller/u_tick/r_counter_reg[24]/D
                            (rising edge-triggered cell FDCE clocked by sys_clk_pin  {rise@0.000ns fall@5.000ns period=10.000ns})
  Path Group:             sys_clk_pin
  Path Type:              Setup (Max at Slow Process Corner)
  Requirement:            10.000ns  (sys_clk_pin rise@10.000ns - sys_clk_pin rise@0.000ns)
  Data Path Delay:        4.601ns  (logic 2.244ns (48.774%)  route 2.357ns (51.226%))
  Logic Levels:           10  (CARRY4=7 LUT4=1 LUT6=2)
  Clock Path Skew:        -0.024ns (DCD - SCD + CPR)
    Destination Clock Delay (DCD):    4.851ns = ( 14.851 - 10.000 ) 
    Source Clock Delay      (SCD):    5.147ns
    Clock Pessimism Removal (CPR):    0.272ns
  Clock Uncertainty:      0.035ns  ((TSJ^2 + TIJ^2)^1/2 + DJ) / 2 + PE
    Total System Jitter     (TSJ):    0.071ns
    Total Input Jitter      (TIJ):    0.000ns
    Discrete Jitter          (DJ):    0.000ns
    Phase Error              (PE):    0.000ns

    Location             Delay type                Incr(ns)  Path(ns)    Netlist Resource(s)
  -------------------------------------------------------------------    -------------------
                         (clock sys_clk_pin rise edge)
                                                      0.000     0.000 r  
    W5                                                0.000     0.000 r  clk (IN)
                         net (fo=0)                   0.000     0.000    clk
    W5                   IBUF (Prop_ibuf_I_O)         1.458     1.458 r  clk_IBUF_inst/O
                         net (fo=1, routed)           1.967     3.425    clk_IBUF
    BUFGCTRL_X0Y0        BUFG (Prop_bufg_I_O)         0.096     3.521 r  clk_IBUF_BUFG_inst/O
                         net (fo=67, routed)          1.626     5.147    u_uart_controller/u_tick/clk_IBUF_BUFG
    SLICE_X2Y96          FDCE                                         r  u_uart_controller/u_tick/r_counter_reg[15]/C
  -------------------------------------------------------------------    -------------------
    SLICE_X2Y96          FDCE (Prop_fdce_C_Q)         0.518     5.665 f  u_uart_controller/u_tick/r_counter_reg[15]/Q
                         net (fo=2, routed)           0.678     6.343    u_uart_controller/u_tick/r_counter_reg[15]
    SLICE_X3Y96          LUT4 (Prop_lut4_I1_O)        0.124     6.467 r  u_uart_controller/u_tick/r_tick_i_4/O
                         net (fo=1, routed)           0.877     7.344    u_uart_controller/u_tick/r_tick_i_4_n_0
    SLICE_X3Y96          LUT6 (Prop_lut6_I2_O)        0.124     7.468 f  u_uart_controller/u_tick/r_tick_i_3/O
                         net (fo=27, routed)          0.613     8.081    u_uart_controller/u_tick/r_tick_i_3_n_0
    SLICE_X3Y93          LUT6 (Prop_lut6_I2_O)        0.124     8.205 r  u_uart_controller/u_tick/r_counter[0]_i_2/O
                         net (fo=1, routed)           0.189     8.394    u_uart_controller/u_tick/r_counter[0]_i_2_n_0
    SLICE_X2Y93          CARRY4 (Prop_carry4_DI[0]_CO[3])
                                                      0.550     8.944 r  u_uart_controller/u_tick/r_counter_reg[0]_i_1/CO[3]
                         net (fo=1, routed)           0.000     8.944    u_uart_controller/u_tick/r_counter_reg[0]_i_1_n_0
    SLICE_X2Y94          CARRY4 (Prop_carry4_CI_CO[3])
                                                      0.117     9.061 r  u_uart_controller/u_tick/r_counter_reg[4]_i_1/CO[3]
                         net (fo=1, routed)           0.000     9.061    u_uart_controller/u_tick/r_counter_reg[4]_i_1_n_0
    SLICE_X2Y95          CARRY4 (Prop_carry4_CI_CO[3])
                                                      0.117     9.178 r  u_uart_controller/u_tick/r_counter_reg[8]_i_1/CO[3]
                         net (fo=1, routed)           0.000     9.178    u_uart_controller/u_tick/r_counter_reg[8]_i_1_n_0
    SLICE_X2Y96          CARRY4 (Prop_carry4_CI_CO[3])
                                                      0.117     9.295 r  u_uart_controller/u_tick/r_counter_reg[12]_i_1/CO[3]
                         net (fo=1, routed)           0.000     9.295    u_uart_controller/u_tick/r_counter_reg[12]_i_1_n_0
    SLICE_X2Y97          CARRY4 (Prop_carry4_CI_CO[3])
                                                      0.117     9.412 r  u_uart_controller/u_tick/r_counter_reg[16]_i_1/CO[3]
                         net (fo=1, routed)           0.000     9.412    u_uart_controller/u_tick/r_counter_reg[16]_i_1_n_0
    SLICE_X2Y98          CARRY4 (Prop_carry4_CI_CO[3])
                                                      0.117     9.529 r  u_uart_controller/u_tick/r_counter_reg[20]_i_1/CO[3]
                         net (fo=1, routed)           0.000     9.529    u_uart_controller/u_tick/r_counter_reg[20]_i_1_n_0
    SLICE_X2Y99          CARRY4 (Prop_carry4_CI_O[0])
                                                      0.219     9.748 r  u_uart_controller/u_tick/r_counter_reg[24]_i_1/O[0]
                         net (fo=1, routed)           0.000     9.748    u_uart_controller/u_tick/r_counter_reg[24]_i_1_n_7
    SLICE_X2Y99          FDCE                                         r  u_uart_controller/u_tick/r_counter_reg[24]/D
  -------------------------------------------------------------------    -------------------

                         (clock sys_clk_pin rise edge)
                                                     10.000    10.000 r  
    W5                                                0.000    10.000 r  clk (IN)
                         net (fo=0)                   0.000    10.000    clk
    W5                   IBUF (Prop_ibuf_I_O)         1.388    11.388 r  clk_IBUF_inst/O
                         net (fo=1, routed)           1.862    13.250    clk_IBUF
    BUFGCTRL_X0Y0        BUFG (Prop_bufg_I_O)         0.091    13.341 r  clk_IBUF_BUFG_inst/O
                         net (fo=67, routed)          1.510    14.851    u_uart_controller/u_tick/clk_IBUF_BUFG
    SLICE_X2Y99          FDCE                                         r  u_uart_controller/u_tick/r_counter_reg[24]/C
                         clock pessimism              0.272    15.123    
                         clock uncertainty           -0.035    15.088    
    SLICE_X2Y99          FDCE (Setup_fdce_C_D)        0.109    15.197    u_uart_controller/u_tick/r_counter_reg[24]
  -------------------------------------------------------------------
                         required time                         15.197    
                         arrival time                          -9.748    
  -------------------------------------------------------------------
                         slack                                  5.449    

Slack (MET) :             5.459ns  (required time - arrival time)
  Source:                 u_uart_controller/u_uart_tx/r_baud_count_reg[5]/C
                            (rising edge-triggered cell FDCE clocked by sys_clk_pin  {rise@0.000ns fall@5.000ns period=10.000ns})
  Destination:            u_uart_controller/u_uart_tx/r_baud_count_reg[13]/D
                            (rising edge-triggered cell FDCE clocked by sys_clk_pin  {rise@0.000ns fall@5.000ns period=10.000ns})
  Path Group:             sys_clk_pin
  Path Type:              Setup (Max at Slow Process Corner)
  Requirement:            10.000ns  (sys_clk_pin rise@10.000ns - sys_clk_pin rise@0.000ns)
  Data Path Delay:        4.544ns  (logic 1.916ns (42.167%)  route 2.628ns (57.833%))
  Logic Levels:           7  (CARRY4=4 LUT6=3)
  Clock Path Skew:        -0.024ns (DCD - SCD + CPR)
    Destination Clock Delay (DCD):    4.849ns = ( 14.849 - 10.000 ) 
    Source Clock Delay      (SCD):    5.144ns
    Clock Pessimism Removal (CPR):    0.271ns
  Clock Uncertainty:      0.035ns  ((TSJ^2 + TIJ^2)^1/2 + DJ) / 2 + PE
    Total System Jitter     (TSJ):    0.071ns
    Total Input Jitter      (TIJ):    0.000ns
    Discrete Jitter          (DJ):    0.000ns
    Phase Error              (PE):    0.000ns

    Location             Delay type                Incr(ns)  Path(ns)    Netlist Resource(s)
  -------------------------------------------------------------------    -------------------
                         (clock sys_clk_pin rise edge)
                                                      0.000     0.000 r  
    W5                                                0.000     0.000 r  clk (IN)
                         net (fo=0)                   0.000     0.000    clk
    W5                   IBUF (Prop_ibuf_I_O)         1.458     1.458 r  clk_IBUF_inst/O
                         net (fo=1, routed)           1.967     3.425    clk_IBUF
    BUFGCTRL_X0Y0        BUFG (Prop_bufg_I_O)         0.096     3.521 r  clk_IBUF_BUFG_inst/O
                         net (fo=67, routed)          1.623     5.144    u_uart_controller/u_uart_tx/clk_IBUF_BUFG
    SLICE_X4Y95          FDCE                                         r  u_uart_controller/u_uart_tx/r_baud_count_reg[5]/C
  -------------------------------------------------------------------    -------------------
    SLICE_X4Y95          FDCE (Prop_fdce_C_Q)         0.456     5.600 f  u_uart_controller/u_uart_tx/r_baud_count_reg[5]/Q
                         net (fo=2, routed)           0.958     6.558    u_uart_controller/u_uart_tx/r_baud_count_reg[5]
    SLICE_X5Y94          LUT6 (Prop_lut6_I0_O)        0.124     6.682 f  u_uart_controller/u_uart_tx/r_baud_tick_i_3/O
                         net (fo=1, routed)           0.401     7.083    u_uart_controller/u_uart_tx/r_baud_tick_i_3_n_0
    SLICE_X5Y95          LUT6 (Prop_lut6_I1_O)        0.124     7.207 r  u_uart_controller/u_uart_tx/r_baud_tick_i_2/O
                         net (fo=15, routed)          0.719     7.926    u_uart_controller/u_uart_tx/r_baud_tick_i_2_n_0
    SLICE_X5Y94          LUT6 (Prop_lut6_I2_O)        0.124     8.050 r  u_uart_controller/u_uart_tx/r_baud_count[0]_i_2/O
                         net (fo=1, routed)           0.550     8.600    u_uart_controller/u_uart_tx/r_baud_count[0]_i_2_n_0
    SLICE_X4Y94          CARRY4 (Prop_carry4_DI[0]_CO[3])
                                                      0.526     9.126 r  u_uart_controller/u_uart_tx/r_baud_count_reg[0]_i_1/CO[3]
                         net (fo=1, routed)           0.000     9.126    u_uart_controller/u_uart_tx/r_baud_count_reg[0]_i_1_n_0
    SLICE_X4Y95          CARRY4 (Prop_carry4_CI_CO[3])
                                                      0.114     9.240 r  u_uart_controller/u_uart_tx/r_baud_count_reg[4]_i_1/CO[3]
                         net (fo=1, routed)           0.000     9.240    u_uart_controller/u_uart_tx/r_baud_count_reg[4]_i_1_n_0
    SLICE_X4Y96          CARRY4 (Prop_carry4_CI_CO[3])
                                                      0.114     9.354 r  u_uart_controller/u_uart_tx/r_baud_count_reg[8]_i_1/CO[3]
                         net (fo=1, routed)           0.000     9.354    u_uart_controller/u_uart_tx/r_baud_count_reg[8]_i_1_n_0
    SLICE_X4Y97          CARRY4 (Prop_carry4_CI_O[1])
                                                      0.334     9.688 r  u_uart_controller/u_uart_tx/r_baud_count_reg[12]_i_1/O[1]
                         net (fo=1, routed)           0.000     9.688    u_uart_controller/u_uart_tx/r_baud_count_reg[12]_i_1_n_6
    SLICE_X4Y97          FDCE                                         r  u_uart_controller/u_uart_tx/r_baud_count_reg[13]/D
  -------------------------------------------------------------------    -------------------

                         (clock sys_clk_pin rise edge)
                                                     10.000    10.000 r  
    W5                                                0.000    10.000 r  clk (IN)
                         net (fo=0)                   0.000    10.000    clk
    W5                   IBUF (Prop_ibuf_I_O)         1.388    11.388 r  clk_IBUF_inst/O
                         net (fo=1, routed)           1.862    13.250    clk_IBUF
    BUFGCTRL_X0Y0        BUFG (Prop_bufg_I_O)         0.091    13.341 r  clk_IBUF_BUFG_inst/O
                         net (fo=67, routed)          1.508    14.849    u_uart_controller/u_uart_tx/clk_IBUF_BUFG
    SLICE_X4Y97          FDCE                                         r  u_uart_controller/u_uart_tx/r_baud_count_reg[13]/C
                         clock pessimism              0.271    15.120    
                         clock uncertainty           -0.035    15.085    
    SLICE_X4Y97          FDCE (Setup_fdce_C_D)        0.062    15.147    u_uart_controller/u_uart_tx/r_baud_count_reg[13]
  -------------------------------------------------------------------
                         required time                         15.147    
                         arrival time                          -9.688    
  -------------------------------------------------------------------
                         slack                                  5.459    

Slack (MET) :             5.462ns  (required time - arrival time)
  Source:                 u_uart_controller/u_tick/r_counter_reg[15]/C
                            (rising edge-triggered cell FDCE clocked by sys_clk_pin  {rise@0.000ns fall@5.000ns period=10.000ns})
  Destination:            u_uart_controller/u_tick/r_counter_reg[21]/D
                            (rising edge-triggered cell FDCE clocked by sys_clk_pin  {rise@0.000ns fall@5.000ns period=10.000ns})
  Path Group:             sys_clk_pin
  Path Type:              Setup (Max at Slow Process Corner)
  Requirement:            10.000ns  (sys_clk_pin rise@10.000ns - sys_clk_pin rise@0.000ns)
  Data Path Delay:        4.588ns  (logic 2.231ns (48.629%)  route 2.357ns (51.371%))
  Logic Levels:           9  (CARRY4=6 LUT4=1 LUT6=2)
  Clock Path Skew:        -0.024ns (DCD - SCD + CPR)
    Destination Clock Delay (DCD):    4.851ns = ( 14.851 - 10.000 ) 
    Source Clock Delay      (SCD):    5.147ns
    Clock Pessimism Removal (CPR):    0.272ns
  Clock Uncertainty:      0.035ns  ((TSJ^2 + TIJ^2)^1/2 + DJ) / 2 + PE
    Total System Jitter     (TSJ):    0.071ns
    Total Input Jitter      (TIJ):    0.000ns
    Discrete Jitter          (DJ):    0.000ns
    Phase Error              (PE):    0.000ns

    Location             Delay type                Incr(ns)  Path(ns)    Netlist Resource(s)
  -------------------------------------------------------------------    -------------------
                         (clock sys_clk_pin rise edge)
                                                      0.000     0.000 r  
    W5                                                0.000     0.000 r  clk (IN)
                         net (fo=0)                   0.000     0.000    clk
    W5                   IBUF (Prop_ibuf_I_O)         1.458     1.458 r  clk_IBUF_inst/O
                         net (fo=1, routed)           1.967     3.425    clk_IBUF
    BUFGCTRL_X0Y0        BUFG (Prop_bufg_I_O)         0.096     3.521 r  clk_IBUF_BUFG_inst/O
                         net (fo=67, routed)          1.626     5.147    u_uart_controller/u_tick/clk_IBUF_BUFG
    SLICE_X2Y96          FDCE                                         r  u_uart_controller/u_tick/r_counter_reg[15]/C
  -------------------------------------------------------------------    -------------------
    SLICE_X2Y96          FDCE (Prop_fdce_C_Q)         0.518     5.665 f  u_uart_controller/u_tick/r_counter_reg[15]/Q
                         net (fo=2, routed)           0.678     6.343    u_uart_controller/u_tick/r_counter_reg[15]
    SLICE_X3Y96          LUT4 (Prop_lut4_I1_O)        0.124     6.467 r  u_uart_controller/u_tick/r_tick_i_4/O
                         net (fo=1, routed)           0.877     7.344    u_uart_controller/u_tick/r_tick_i_4_n_0
    SLICE_X3Y96          LUT6 (Prop_lut6_I2_O)        0.124     7.468 f  u_uart_controller/u_tick/r_tick_i_3/O
                         net (fo=27, routed)          0.613     8.081    u_uart_controller/u_tick/r_tick_i_3_n_0
    SLICE_X3Y93          LUT6 (Prop_lut6_I2_O)        0.124     8.205 r  u_uart_controller/u_tick/r_counter[0]_i_2/O
                         net (fo=1, routed)           0.189     8.394    u_uart_controller/u_tick/r_counter[0]_i_2_n_0
    SLICE_X2Y93          CARRY4 (Prop_carry4_DI[0]_CO[3])
                                                      0.550     8.944 r  u_uart_controller/u_tick/r_counter_reg[0]_i_1/CO[3]
                         net (fo=1, routed)           0.000     8.944    u_uart_controller/u_tick/r_counter_reg[0]_i_1_n_0
    SLICE_X2Y94          CARRY4 (Prop_carry4_CI_CO[3])
                                                      0.117     9.061 r  u_uart_controller/u_tick/r_counter_reg[4]_i_1/CO[3]
                         net (fo=1, routed)           0.000     9.061    u_uart_controller/u_tick/r_counter_reg[4]_i_1_n_0
    SLICE_X2Y95          CARRY4 (Prop_carry4_CI_CO[3])
                                                      0.117     9.178 r  u_uart_controller/u_tick/r_counter_reg[8]_i_1/CO[3]
                         net (fo=1, routed)           0.000     9.178    u_uart_controller/u_tick/r_counter_reg[8]_i_1_n_0
    SLICE_X2Y96          CARRY4 (Prop_carry4_CI_CO[3])
                                                      0.117     9.295 r  u_uart_controller/u_tick/r_counter_reg[12]_i_1/CO[3]
                         net (fo=1, routed)           0.000     9.295    u_uart_controller/u_tick/r_counter_reg[12]_i_1_n_0
    SLICE_X2Y97          CARRY4 (Prop_carry4_CI_CO[3])
                                                      0.117     9.412 r  u_uart_controller/u_tick/r_counter_reg[16]_i_1/CO[3]
                         net (fo=1, routed)           0.000     9.412    u_uart_controller/u_tick/r_counter_reg[16]_i_1_n_0
    SLICE_X2Y98          CARRY4 (Prop_carry4_CI_O[1])
                                                      0.323     9.735 r  u_uart_controller/u_tick/r_counter_reg[20]_i_1/O[1]
                         net (fo=1, routed)           0.000     9.735    u_uart_controller/u_tick/r_counter_reg[20]_i_1_n_6
    SLICE_X2Y98          FDCE                                         r  u_uart_controller/u_tick/r_counter_reg[21]/D
  -------------------------------------------------------------------    -------------------

                         (clock sys_clk_pin rise edge)
                                                     10.000    10.000 r  
    W5                                                0.000    10.000 r  clk (IN)
                         net (fo=0)                   0.000    10.000    clk
    W5                   IBUF (Prop_ibuf_I_O)         1.388    11.388 r  clk_IBUF_inst/O
                         net (fo=1, routed)           1.862    13.250    clk_IBUF
    BUFGCTRL_X0Y0        BUFG (Prop_bufg_I_O)         0.091    13.341 r  clk_IBUF_BUFG_inst/O
                         net (fo=67, routed)          1.510    14.851    u_uart_controller/u_tick/clk_IBUF_BUFG
    SLICE_X2Y98          FDCE                                         r  u_uart_controller/u_tick/r_counter_reg[21]/C
                         clock pessimism              0.272    15.123    
                         clock uncertainty           -0.035    15.088    
    SLICE_X2Y98          FDCE (Setup_fdce_C_D)        0.109    15.197    u_uart_controller/u_tick/r_counter_reg[21]
  -------------------------------------------------------------------
                         required time                         15.197    
                         arrival time                          -9.735    
  -------------------------------------------------------------------
                         slack                                  5.462    

Slack (MET) :             5.470ns  (required time - arrival time)
  Source:                 u_uart_controller/u_tick/r_counter_reg[15]/C
                            (rising edge-triggered cell FDCE clocked by sys_clk_pin  {rise@0.000ns fall@5.000ns period=10.000ns})
  Destination:            u_uart_controller/u_tick/r_counter_reg[23]/D
                            (rising edge-triggered cell FDCE clocked by sys_clk_pin  {rise@0.000ns fall@5.000ns period=10.000ns})
  Path Group:             sys_clk_pin
  Path Type:              Setup (Max at Slow Process Corner)
  Requirement:            10.000ns  (sys_clk_pin rise@10.000ns - sys_clk_pin rise@0.000ns)
  Data Path Delay:        4.580ns  (logic 2.223ns (48.540%)  route 2.357ns (51.460%))
  Logic Levels:           9  (CARRY4=6 LUT4=1 LUT6=2)
  Clock Path Skew:        -0.024ns (DCD - SCD + CPR)
    Destination Clock Delay (DCD):    4.851ns = ( 14.851 - 10.000 ) 
    Source Clock Delay      (SCD):    5.147ns
    Clock Pessimism Removal (CPR):    0.272ns
  Clock Uncertainty:      0.035ns  ((TSJ^2 + TIJ^2)^1/2 + DJ) / 2 + PE
    Total System Jitter     (TSJ):    0.071ns
    Total Input Jitter      (TIJ):    0.000ns
    Discrete Jitter          (DJ):    0.000ns
    Phase Error              (PE):    0.000ns

    Location             Delay type                Incr(ns)  Path(ns)    Netlist Resource(s)
  -------------------------------------------------------------------    -------------------
                         (clock sys_clk_pin rise edge)
                                                      0.000     0.000 r  
    W5                                                0.000     0.000 r  clk (IN)
                         net (fo=0)                   0.000     0.000    clk
    W5                   IBUF (Prop_ibuf_I_O)         1.458     1.458 r  clk_IBUF_inst/O
                         net (fo=1, routed)           1.967     3.425    clk_IBUF
    BUFGCTRL_X0Y0        BUFG (Prop_bufg_I_O)         0.096     3.521 r  clk_IBUF_BUFG_inst/O
                         net (fo=67, routed)          1.626     5.147    u_uart_controller/u_tick/clk_IBUF_BUFG
    SLICE_X2Y96          FDCE                                         r  u_uart_controller/u_tick/r_counter_reg[15]/C
  -------------------------------------------------------------------    -------------------
    SLICE_X2Y96          FDCE (Prop_fdce_C_Q)         0.518     5.665 f  u_uart_controller/u_tick/r_counter_reg[15]/Q
                         net (fo=2, routed)           0.678     6.343    u_uart_controller/u_tick/r_counter_reg[15]
    SLICE_X3Y96          LUT4 (Prop_lut4_I1_O)        0.124     6.467 r  u_uart_controller/u_tick/r_tick_i_4/O
                         net (fo=1, routed)           0.877     7.344    u_uart_controller/u_tick/r_tick_i_4_n_0
    SLICE_X3Y96          LUT6 (Prop_lut6_I2_O)        0.124     7.468 f  u_uart_controller/u_tick/r_tick_i_3/O
                         net (fo=27, routed)          0.613     8.081    u_uart_controller/u_tick/r_tick_i_3_n_0
    SLICE_X3Y93          LUT6 (Prop_lut6_I2_O)        0.124     8.205 r  u_uart_controller/u_tick/r_counter[0]_i_2/O
                         net (fo=1, routed)           0.189     8.394    u_uart_controller/u_tick/r_counter[0]_i_2_n_0
    SLICE_X2Y93          CARRY4 (Prop_carry4_DI[0]_CO[3])
                                                      0.550     8.944 r  u_uart_controller/u_tick/r_counter_reg[0]_i_1/CO[3]
                         net (fo=1, routed)           0.000     8.944    u_uart_controller/u_tick/r_counter_reg[0]_i_1_n_0
    SLICE_X2Y94          CARRY4 (Prop_carry4_CI_CO[3])
                                                      0.117     9.061 r  u_uart_controller/u_tick/r_counter_reg[4]_i_1/CO[3]
                         net (fo=1, routed)           0.000     9.061    u_uart_controller/u_tick/r_counter_reg[4]_i_1_n_0
    SLICE_X2Y95          CARRY4 (Prop_carry4_CI_CO[3])
                                                      0.117     9.178 r  u_uart_controller/u_tick/r_counter_reg[8]_i_1/CO[3]
                         net (fo=1, routed)           0.000     9.178    u_uart_controller/u_tick/r_counter_reg[8]_i_1_n_0
    SLICE_X2Y96          CARRY4 (Prop_carry4_CI_CO[3])
                                                      0.117     9.295 r  u_uart_controller/u_tick/r_counter_reg[12]_i_1/CO[3]
                         net (fo=1, routed)           0.000     9.295    u_uart_controller/u_tick/r_counter_reg[12]_i_1_n_0
    SLICE_X2Y97          CARRY4 (Prop_carry4_CI_CO[3])
                                                      0.117     9.412 r  u_uart_controller/u_tick/r_counter_reg[16]_i_1/CO[3]
                         net (fo=1, routed)           0.000     9.412    u_uart_controller/u_tick/r_counter_reg[16]_i_1_n_0
    SLICE_X2Y98          CARRY4 (Prop_carry4_CI_O[3])
                                                      0.315     9.727 r  u_uart_controller/u_tick/r_counter_reg[20]_i_1/O[3]
                         net (fo=1, routed)           0.000     9.727    u_uart_controller/u_tick/r_counter_reg[20]_i_1_n_4
    SLICE_X2Y98          FDCE                                         r  u_uart_controller/u_tick/r_counter_reg[23]/D
  -------------------------------------------------------------------    -------------------

                         (clock sys_clk_pin rise edge)
                                                     10.000    10.000 r  
    W5                                                0.000    10.000 r  clk (IN)
                         net (fo=0)                   0.000    10.000    clk
    W5                   IBUF (Prop_ibuf_I_O)         1.388    11.388 r  clk_IBUF_inst/O
                         net (fo=1, routed)           1.862    13.250    clk_IBUF
    BUFGCTRL_X0Y0        BUFG (Prop_bufg_I_O)         0.091    13.341 r  clk_IBUF_BUFG_inst/O
                         net (fo=67, routed)          1.510    14.851    u_uart_controller/u_tick/clk_IBUF_BUFG
    SLICE_X2Y98          FDCE                                         r  u_uart_controller/u_tick/r_counter_reg[23]/C
                         clock pessimism              0.272    15.123    
                         clock uncertainty           -0.035    15.088    
    SLICE_X2Y98          FDCE (Setup_fdce_C_D)        0.109    15.197    u_uart_controller/u_tick/r_counter_reg[23]
  -------------------------------------------------------------------
                         required time                         15.197    
                         arrival time                          -9.727    
  -------------------------------------------------------------------
                         slack                                  5.470    

Slack (MET) :             5.546ns  (required time - arrival time)
  Source:                 u_uart_controller/u_tick/r_counter_reg[15]/C
                            (rising edge-triggered cell FDCE clocked by sys_clk_pin  {rise@0.000ns fall@5.000ns period=10.000ns})
  Destination:            u_uart_controller/u_tick/r_counter_reg[22]/D
                            (rising edge-triggered cell FDCE clocked by sys_clk_pin  {rise@0.000ns fall@5.000ns period=10.000ns})
  Path Group:             sys_clk_pin
  Path Type:              Setup (Max at Slow Process Corner)
  Requirement:            10.000ns  (sys_clk_pin rise@10.000ns - sys_clk_pin rise@0.000ns)
  Data Path Delay:        4.504ns  (logic 2.147ns (47.671%)  route 2.357ns (52.329%))
  Logic Levels:           9  (CARRY4=6 LUT4=1 LUT6=2)
  Clock Path Skew:        -0.024ns (DCD - SCD + CPR)
    Destination Clock Delay (DCD):    4.851ns = ( 14.851 - 10.000 ) 
    Source Clock Delay      (SCD):    5.147ns
    Clock Pessimism Removal (CPR):    0.272ns
  Clock Uncertainty:      0.035ns  ((TSJ^2 + TIJ^2)^1/2 + DJ) / 2 + PE
    Total System Jitter     (TSJ):    0.071ns
    Total Input Jitter      (TIJ):    0.000ns
    Discrete Jitter          (DJ):    0.000ns
    Phase Error              (PE):    0.000ns

    Location             Delay type                Incr(ns)  Path(ns)    Netlist Resource(s)
  -------------------------------------------------------------------    -------------------
                         (clock sys_clk_pin rise edge)
                                                      0.000     0.000 r  
    W5                                                0.000     0.000 r  clk (IN)
                         net (fo=0)                   0.000     0.000    clk
    W5                   IBUF (Prop_ibuf_I_O)         1.458     1.458 r  clk_IBUF_inst/O
                         net (fo=1, routed)           1.967     3.425    clk_IBUF
    BUFGCTRL_X0Y0        BUFG (Prop_bufg_I_O)         0.096     3.521 r  clk_IBUF_BUFG_inst/O
                         net (fo=67, routed)          1.626     5.147    u_uart_controller/u_tick/clk_IBUF_BUFG
    SLICE_X2Y96          FDCE                                         r  u_uart_controller/u_tick/r_counter_reg[15]/C
  -------------------------------------------------------------------    -------------------
    SLICE_X2Y96          FDCE (Prop_fdce_C_Q)         0.518     5.665 f  u_uart_controller/u_tick/r_counter_reg[15]/Q
                         net (fo=2, routed)           0.678     6.343    u_uart_controller/u_tick/r_counter_reg[15]
    SLICE_X3Y96          LUT4 (Prop_lut4_I1_O)        0.124     6.467 r  u_uart_controller/u_tick/r_tick_i_4/O
                         net (fo=1, routed)           0.877     7.344    u_uart_controller/u_tick/r_tick_i_4_n_0
    SLICE_X3Y96          LUT6 (Prop_lut6_I2_O)        0.124     7.468 f  u_uart_controller/u_tick/r_tick_i_3/O
                         net (fo=27, routed)          0.613     8.081    u_uart_controller/u_tick/r_tick_i_3_n_0
    SLICE_X3Y93          LUT6 (Prop_lut6_I2_O)        0.124     8.205 r  u_uart_controller/u_tick/r_counter[0]_i_2/O
                         net (fo=1, routed)           0.189     8.394    u_uart_controller/u_tick/r_counter[0]_i_2_n_0
    SLICE_X2Y93          CARRY4 (Prop_carry4_DI[0]_CO[3])
                                                      0.550     8.944 r  u_uart_controller/u_tick/r_counter_reg[0]_i_1/CO[3]
                         net (fo=1, routed)           0.000     8.944    u_uart_controller/u_tick/r_counter_reg[0]_i_1_n_0
    SLICE_X2Y94          CARRY4 (Prop_carry4_CI_CO[3])
                                                      0.117     9.061 r  u_uart_controller/u_tick/r_counter_reg[4]_i_1/CO[3]
                         net (fo=1, routed)           0.000     9.061    u_uart_controller/u_tick/r_counter_reg[4]_i_1_n_0
    SLICE_X2Y95          CARRY4 (Prop_carry4_CI_CO[3])
                                                      0.117     9.178 r  u_uart_controller/u_tick/r_counter_reg[8]_i_1/CO[3]
                         net (fo=1, routed)           0.000     9.178    u_uart_controller/u_tick/r_counter_reg[8]_i_1_n_0
    SLICE_X2Y96          CARRY4 (Prop_carry4_CI_CO[3])
                                                      0.117     9.295 r  u_uart_controller/u_tick/r_counter_reg[12]_i_1/CO[3]
                         net (fo=1, routed)           0.000     9.295    u_uart_controller/u_tick/r_counter_reg[12]_i_1_n_0
    SLICE_X2Y97          CARRY4 (Prop_carry4_CI_CO[3])
                                                      0.117     9.412 r  u_uart_controller/u_tick/r_counter_reg[16]_i_1/CO[3]
                         net (fo=1, routed)           0.000     9.412    u_uart_controller/u_tick/r_counter_reg[16]_i_1_n_0
    SLICE_X2Y98          CARRY4 (Prop_carry4_CI_O[2])
                                                      0.239     9.651 r  u_uart_controller/u_tick/r_counter_reg[20]_i_1/O[2]
                         net (fo=1, routed)           0.000     9.651    u_uart_controller/u_tick/r_counter_reg[20]_i_1_n_5
    SLICE_X2Y98          FDCE                                         r  u_uart_controller/u_tick/r_counter_reg[22]/D
  -------------------------------------------------------------------    -------------------

                         (clock sys_clk_pin rise edge)
                                                     10.000    10.000 r  
    W5                                                0.000    10.000 r  clk (IN)
                         net (fo=0)                   0.000    10.000    clk
    W5                   IBUF (Prop_ibuf_I_O)         1.388    11.388 r  clk_IBUF_inst/O
                         net (fo=1, routed)           1.862    13.250    clk_IBUF
    BUFGCTRL_X0Y0        BUFG (Prop_bufg_I_O)         0.091    13.341 r  clk_IBUF_BUFG_inst/O
                         net (fo=67, routed)          1.510    14.851    u_uart_controller/u_tick/clk_IBUF_BUFG
    SLICE_X2Y98          FDCE                                         r  u_uart_controller/u_tick/r_counter_reg[22]/C
                         clock pessimism              0.272    15.123    
                         clock uncertainty           -0.035    15.088    
    SLICE_X2Y98          FDCE (Setup_fdce_C_D)        0.109    15.197    u_uart_controller/u_tick/r_counter_reg[22]
  -------------------------------------------------------------------
                         required time                         15.197    
                         arrival time                          -9.651    
  -------------------------------------------------------------------
                         slack                                  5.546    

Slack (MET) :             5.549ns  (required time - arrival time)
  Source:                 u_uart_controller/u_uart_tx/r_baud_count_reg[5]/C
                            (rising edge-triggered cell FDCE clocked by sys_clk_pin  {rise@0.000ns fall@5.000ns period=10.000ns})
  Destination:            u_uart_controller/u_uart_tx/r_baud_count_reg[14]/D
                            (rising edge-triggered cell FDCE clocked by sys_clk_pin  {rise@0.000ns fall@5.000ns period=10.000ns})
  Path Group:             sys_clk_pin
  Path Type:              Setup (Max at Slow Process Corner)
  Requirement:            10.000ns  (sys_clk_pin rise@10.000ns - sys_clk_pin rise@0.000ns)
  Data Path Delay:        4.438ns  (logic 1.810ns (40.786%)  route 2.628ns (59.214%))
  Logic Levels:           7  (CARRY4=4 LUT6=3)
  Clock Path Skew:        -0.024ns (DCD - SCD + CPR)
    Destination Clock Delay (DCD):    4.849ns = ( 14.849 - 10.000 ) 
    Source Clock Delay      (SCD):    5.144ns
    Clock Pessimism Removal (CPR):    0.271ns
  Clock Uncertainty:      0.035ns  ((TSJ^2 + TIJ^2)^1/2 + DJ) / 2 + PE
    Total System Jitter     (TSJ):    0.071ns
    Total Input Jitter      (TIJ):    0.000ns
    Discrete Jitter          (DJ):    0.000ns
    Phase Error              (PE):    0.000ns

    Location             Delay type                Incr(ns)  Path(ns)    Netlist Resource(s)
  -------------------------------------------------------------------    -------------------
                         (clock sys_clk_pin rise edge)
                                                      0.000     0.000 r  
    W5                                                0.000     0.000 r  clk (IN)
                         net (fo=0)                   0.000     0.000    clk
    W5                   IBUF (Prop_ibuf_I_O)         1.458     1.458 r  clk_IBUF_inst/O
                         net (fo=1, routed)           1.967     3.425    clk_IBUF
    BUFGCTRL_X0Y0        BUFG (Prop_bufg_I_O)         0.096     3.521 r  clk_IBUF_BUFG_inst/O
                         net (fo=67, routed)          1.623     5.144    u_uart_controller/u_uart_tx/clk_IBUF_BUFG
    SLICE_X4Y95          FDCE                                         r  u_uart_controller/u_uart_tx/r_baud_count_reg[5]/C
  -------------------------------------------------------------------    -------------------
    SLICE_X4Y95          FDCE (Prop_fdce_C_Q)         0.456     5.600 f  u_uart_controller/u_uart_tx/r_baud_count_reg[5]/Q
                         net (fo=2, routed)           0.958     6.558    u_uart_controller/u_uart_tx/r_baud_count_reg[5]
    SLICE_X5Y94          LUT6 (Prop_lut6_I0_O)        0.124     6.682 f  u_uart_controller/u_uart_tx/r_baud_tick_i_3/O
                         net (fo=1, routed)           0.401     7.083    u_uart_controller/u_uart_tx/r_baud_tick_i_3_n_0
    SLICE_X5Y95          LUT6 (Prop_lut6_I1_O)        0.124     7.207 r  u_uart_controller/u_uart_tx/r_baud_tick_i_2/O
                         net (fo=15, routed)          0.719     7.926    u_uart_controller/u_uart_tx/r_baud_tick_i_2_n_0
    SLICE_X5Y94          LUT6 (Prop_lut6_I2_O)        0.124     8.050 r  u_uart_controller/u_uart_tx/r_baud_count[0]_i_2/O
                         net (fo=1, routed)           0.550     8.600    u_uart_controller/u_uart_tx/r_baud_count[0]_i_2_n_0
    SLICE_X4Y94          CARRY4 (Prop_carry4_DI[0]_CO[3])
                                                      0.526     9.126 r  u_uart_controller/u_uart_tx/r_baud_count_reg[0]_i_1/CO[3]
                         net (fo=1, routed)           0.000     9.126    u_uart_controller/u_uart_tx/r_baud_count_reg[0]_i_1_n_0
    SLICE_X4Y95          CARRY4 (Prop_carry4_CI_CO[3])
                                                      0.114     9.240 r  u_uart_controller/u_uart_tx/r_baud_count_reg[4]_i_1/CO[3]
                         net (fo=1, routed)           0.000     9.240    u_uart_controller/u_uart_tx/r_baud_count_reg[4]_i_1_n_0
    SLICE_X4Y96          CARRY4 (Prop_carry4_CI_CO[3])
                                                      0.114     9.354 r  u_uart_controller/u_uart_tx/r_baud_count_reg[8]_i_1/CO[3]
                         net (fo=1, routed)           0.000     9.354    u_uart_controller/u_uart_tx/r_baud_count_reg[8]_i_1_n_0
    SLICE_X4Y97          CARRY4 (Prop_carry4_CI_CO[2])
                                                      0.228     9.582 r  u_uart_controller/u_uart_tx/r_baud_count_reg[12]_i_1/CO[2]
                         net (fo=1, routed)           0.000     9.582    u_uart_controller/u_uart_tx/r_baud_count_reg[12]_i_1_n_1
    SLICE_X4Y97          FDCE                                         r  u_uart_controller/u_uart_tx/r_baud_count_reg[14]/D
  -------------------------------------------------------------------    -------------------

                         (clock sys_clk_pin rise edge)
                                                     10.000    10.000 r  
    W5                                                0.000    10.000 r  clk (IN)
                         net (fo=0)                   0.000    10.000    clk
    W5                   IBUF (Prop_ibuf_I_O)         1.388    11.388 r  clk_IBUF_inst/O
                         net (fo=1, routed)           1.862    13.250    clk_IBUF
    BUFGCTRL_X0Y0        BUFG (Prop_bufg_I_O)         0.091    13.341 r  clk_IBUF_BUFG_inst/O
                         net (fo=67, routed)          1.508    14.849    u_uart_controller/u_uart_tx/clk_IBUF_BUFG
    SLICE_X4Y97          FDCE                                         r  u_uart_controller/u_uart_tx/r_baud_count_reg[14]/C
                         clock pessimism              0.271    15.120    
                         clock uncertainty           -0.035    15.085    
    SLICE_X4Y97          FDCE (Setup_fdce_C_D)        0.046    15.131    u_uart_controller/u_uart_tx/r_baud_count_reg[14]
  -------------------------------------------------------------------
                         required time                         15.131    
                         arrival time                          -9.582    
  -------------------------------------------------------------------
                         slack                                  5.549    

Slack (MET) :             5.566ns  (required time - arrival time)
  Source:                 u_uart_controller/u_tick/r_counter_reg[15]/C
                            (rising edge-triggered cell FDCE clocked by sys_clk_pin  {rise@0.000ns fall@5.000ns period=10.000ns})
  Destination:            u_uart_controller/u_tick/r_counter_reg[20]/D
                            (rising edge-triggered cell FDCE clocked by sys_clk_pin  {rise@0.000ns fall@5.000ns period=10.000ns})
  Path Group:             sys_clk_pin
  Path Type:              Setup (Max at Slow Process Corner)
  Requirement:            10.000ns  (sys_clk_pin rise@10.000ns - sys_clk_pin rise@0.000ns)
  Data Path Delay:        4.484ns  (logic 2.127ns (47.438%)  route 2.357ns (52.562%))
  Logic Levels:           9  (CARRY4=6 LUT4=1 LUT6=2)
  Clock Path Skew:        -0.024ns (DCD - SCD + CPR)
    Destination Clock Delay (DCD):    4.851ns = ( 14.851 - 10.000 ) 
    Source Clock Delay      (SCD):    5.147ns
    Clock Pessimism Removal (CPR):    0.272ns
  Clock Uncertainty:      0.035ns  ((TSJ^2 + TIJ^2)^1/2 + DJ) / 2 + PE
    Total System Jitter     (TSJ):    0.071ns
    Total Input Jitter      (TIJ):    0.000ns
    Discrete Jitter          (DJ):    0.000ns
    Phase Error              (PE):    0.000ns

    Location             Delay type                Incr(ns)  Path(ns)    Netlist Resource(s)
  -------------------------------------------------------------------    -------------------
                         (clock sys_clk_pin rise edge)
                                                      0.000     0.000 r  
    W5                                                0.000     0.000 r  clk (IN)
                         net (fo=0)                   0.000     0.000    clk
    W5                   IBUF (Prop_ibuf_I_O)         1.458     1.458 r  clk_IBUF_inst/O
                         net (fo=1, routed)           1.967     3.425    clk_IBUF
    BUFGCTRL_X0Y0        BUFG (Prop_bufg_I_O)         0.096     3.521 r  clk_IBUF_BUFG_inst/O
                         net (fo=67, routed)          1.626     5.147    u_uart_controller/u_tick/clk_IBUF_BUFG
    SLICE_X2Y96          FDCE                                         r  u_uart_controller/u_tick/r_counter_reg[15]/C
  -------------------------------------------------------------------    -------------------
    SLICE_X2Y96          FDCE (Prop_fdce_C_Q)         0.518     5.665 f  u_uart_controller/u_tick/r_counter_reg[15]/Q
                         net (fo=2, routed)           0.678     6.343    u_uart_controller/u_tick/r_counter_reg[15]
    SLICE_X3Y96          LUT4 (Prop_lut4_I1_O)        0.124     6.467 r  u_uart_controller/u_tick/r_tick_i_4/O
                         net (fo=1, routed)           0.877     7.344    u_uart_controller/u_tick/r_tick_i_4_n_0
    SLICE_X3Y96          LUT6 (Prop_lut6_I2_O)        0.124     7.468 f  u_uart_controller/u_tick/r_tick_i_3/O
                         net (fo=27, routed)          0.613     8.081    u_uart_controller/u_tick/r_tick_i_3_n_0
    SLICE_X3Y93          LUT6 (Prop_lut6_I2_O)        0.124     8.205 r  u_uart_controller/u_tick/r_counter[0]_i_2/O
                         net (fo=1, routed)           0.189     8.394    u_uart_controller/u_tick/r_counter[0]_i_2_n_0
    SLICE_X2Y93          CARRY4 (Prop_carry4_DI[0]_CO[3])
                                                      0.550     8.944 r  u_uart_controller/u_tick/r_counter_reg[0]_i_1/CO[3]
                         net (fo=1, routed)           0.000     8.944    u_uart_controller/u_tick/r_counter_reg[0]_i_1_n_0
    SLICE_X2Y94          CARRY4 (Prop_carry4_CI_CO[3])
                                                      0.117     9.061 r  u_uart_controller/u_tick/r_counter_reg[4]_i_1/CO[3]
                         net (fo=1, routed)           0.000     9.061    u_uart_controller/u_tick/r_counter_reg[4]_i_1_n_0
    SLICE_X2Y95          CARRY4 (Prop_carry4_CI_CO[3])
                                                      0.117     9.178 r  u_uart_controller/u_tick/r_counter_reg[8]_i_1/CO[3]
                         net (fo=1, routed)           0.000     9.178    u_uart_controller/u_tick/r_counter_reg[8]_i_1_n_0
    SLICE_X2Y96          CARRY4 (Prop_carry4_CI_CO[3])
                                                      0.117     9.295 r  u_uart_controller/u_tick/r_counter_reg[12]_i_1/CO[3]
                         net (fo=1, routed)           0.000     9.295    u_uart_controller/u_tick/r_counter_reg[12]_i_1_n_0
    SLICE_X2Y97          CARRY4 (Prop_carry4_CI_CO[3])
                                                      0.117     9.412 r  u_uart_controller/u_tick/r_counter_reg[16]_i_1/CO[3]
                         net (fo=1, routed)           0.000     9.412    u_uart_controller/u_tick/r_counter_reg[16]_i_1_n_0
    SLICE_X2Y98          CARRY4 (Prop_carry4_CI_O[0])
                                                      0.219     9.631 r  u_uart_controller/u_tick/r_counter_reg[20]_i_1/O[0]
                         net (fo=1, routed)           0.000     9.631    u_uart_controller/u_tick/r_counter_reg[20]_i_1_n_7
    SLICE_X2Y98          FDCE                                         r  u_uart_controller/u_tick/r_counter_reg[20]/D
  -------------------------------------------------------------------    -------------------

                         (clock sys_clk_pin rise edge)
                                                     10.000    10.000 r  
    W5                                                0.000    10.000 r  clk (IN)
                         net (fo=0)                   0.000    10.000    clk
    W5                   IBUF (Prop_ibuf_I_O)         1.388    11.388 r  clk_IBUF_inst/O
                         net (fo=1, routed)           1.862    13.250    clk_IBUF
    BUFGCTRL_X0Y0        BUFG (Prop_bufg_I_O)         0.091    13.341 r  clk_IBUF_BUFG_inst/O
                         net (fo=67, routed)          1.510    14.851    u_uart_controller/u_tick/clk_IBUF_BUFG
    SLICE_X2Y98          FDCE                                         r  u_uart_controller/u_tick/r_counter_reg[20]/C
                         clock pessimism              0.272    15.123    
                         clock uncertainty           -0.035    15.088    
    SLICE_X2Y98          FDCE (Setup_fdce_C_D)        0.109    15.197    u_uart_controller/u_tick/r_counter_reg[20]
  -------------------------------------------------------------------
                         required time                         15.197    
                         arrival time                          -9.631    
  -------------------------------------------------------------------
                         slack                                  5.566    

Slack (MET) :             5.570ns  (required time - arrival time)
  Source:                 u_uart_controller/u_uart_tx/r_baud_count_reg[5]/C
                            (rising edge-triggered cell FDCE clocked by sys_clk_pin  {rise@0.000ns fall@5.000ns period=10.000ns})
  Destination:            u_uart_controller/u_uart_tx/r_baud_count_reg[12]/D
                            (rising edge-triggered cell FDCE clocked by sys_clk_pin  {rise@0.000ns fall@5.000ns period=10.000ns})
  Path Group:             sys_clk_pin
  Path Type:              Setup (Max at Slow Process Corner)
  Requirement:            10.000ns  (sys_clk_pin rise@10.000ns - sys_clk_pin rise@0.000ns)
  Data Path Delay:        4.433ns  (logic 1.805ns (40.719%)  route 2.628ns (59.281%))
  Logic Levels:           7  (CARRY4=4 LUT6=3)
  Clock Path Skew:        -0.024ns (DCD - SCD + CPR)
    Destination Clock Delay (DCD):    4.849ns = ( 14.849 - 10.000 ) 
    Source Clock Delay      (SCD):    5.144ns
    Clock Pessimism Removal (CPR):    0.271ns
  Clock Uncertainty:      0.035ns  ((TSJ^2 + TIJ^2)^1/2 + DJ) / 2 + PE
    Total System Jitter     (TSJ):    0.071ns
    Total Input Jitter      (TIJ):    0.000ns
    Discrete Jitter          (DJ):    0.000ns
    Phase Error              (PE):    0.000ns

    Location             Delay type                Incr(ns)  Path(ns)    Netlist Resource(s)
  -------------------------------------------------------------------    -------------------
                         (clock sys_clk_pin rise edge)
                                                      0.000     0.000 r  
    W5                                                0.000     0.000 r  clk (IN)
                         net (fo=0)                   0.000     0.000    clk
    W5                   IBUF (Prop_ibuf_I_O)         1.458     1.458 r  clk_IBUF_inst/O
                         net (fo=1, routed)           1.967     3.425    clk_IBUF
    BUFGCTRL_X0Y0        BUFG (Prop_bufg_I_O)         0.096     3.521 r  clk_IBUF_BUFG_inst/O
                         net (fo=67, routed)          1.623     5.144    u_uart_controller/u_uart_tx/clk_IBUF_BUFG
    SLICE_X4Y95          FDCE                                         r  u_uart_controller/u_uart_tx/r_baud_count_reg[5]/C
  -------------------------------------------------------------------    -------------------
    SLICE_X4Y95          FDCE (Prop_fdce_C_Q)         0.456     5.600 f  u_uart_controller/u_uart_tx/r_baud_count_reg[5]/Q
                         net (fo=2, routed)           0.958     6.558    u_uart_controller/u_uart_tx/r_baud_count_reg[5]
    SLICE_X5Y94          LUT6 (Prop_lut6_I0_O)        0.124     6.682 f  u_uart_controller/u_uart_tx/r_baud_tick_i_3/O
                         net (fo=1, routed)           0.401     7.083    u_uart_controller/u_uart_tx/r_baud_tick_i_3_n_0
    SLICE_X5Y95          LUT6 (Prop_lut6_I1_O)        0.124     7.207 r  u_uart_controller/u_uart_tx/r_baud_tick_i_2/O
                         net (fo=15, routed)          0.719     7.926    u_uart_controller/u_uart_tx/r_baud_tick_i_2_n_0
    SLICE_X5Y94          LUT6 (Prop_lut6_I2_O)        0.124     8.050 r  u_uart_controller/u_uart_tx/r_baud_count[0]_i_2/O
                         net (fo=1, routed)           0.550     8.600    u_uart_controller/u_uart_tx/r_baud_count[0]_i_2_n_0
    SLICE_X4Y94          CARRY4 (Prop_carry4_DI[0]_CO[3])
                                                      0.526     9.126 r  u_uart_controller/u_uart_tx/r_baud_count_reg[0]_i_1/CO[3]
                         net (fo=1, routed)           0.000     9.126    u_uart_controller/u_uart_tx/r_baud_count_reg[0]_i_1_n_0
    SLICE_X4Y95          CARRY4 (Prop_carry4_CI_CO[3])
                                                      0.114     9.240 r  u_uart_controller/u_uart_tx/r_baud_count_reg[4]_i_1/CO[3]
                         net (fo=1, routed)           0.000     9.240    u_uart_controller/u_uart_tx/r_baud_count_reg[4]_i_1_n_0
    SLICE_X4Y96          CARRY4 (Prop_carry4_CI_CO[3])
                                                      0.114     9.354 r  u_uart_controller/u_uart_tx/r_baud_count_reg[8]_i_1/CO[3]
                         net (fo=1, routed)           0.000     9.354    u_uart_controller/u_uart_tx/r_baud_count_reg[8]_i_1_n_0
    SLICE_X4Y97          CARRY4 (Prop_carry4_CI_O[0])
                                                      0.223     9.577 r  u_uart_controller/u_uart_tx/r_baud_count_reg[12]_i_1/O[0]
                         net (fo=1, routed)           0.000     9.577    u_uart_controller/u_uart_tx/r_baud_count_reg[12]_i_1_n_7
    SLICE_X4Y97          FDCE                                         r  u_uart_controller/u_uart_tx/r_baud_count_reg[12]/D
  -------------------------------------------------------------------    -------------------

                         (clock sys_clk_pin rise edge)
                                                     10.000    10.000 r  
    W5                                                0.000    10.000 r  clk (IN)
                         net (fo=0)                   0.000    10.000    clk
    W5                   IBUF (Prop_ibuf_I_O)         1.388    11.388 r  clk_IBUF_inst/O
                         net (fo=1, routed)           1.862    13.250    clk_IBUF
    BUFGCTRL_X0Y0        BUFG (Prop_bufg_I_O)         0.091    13.341 r  clk_IBUF_BUFG_inst/O
                         net (fo=67, routed)          1.508    14.849    u_uart_controller/u_uart_tx/clk_IBUF_BUFG
    SLICE_X4Y97          FDCE                                         r  u_uart_controller/u_uart_tx/r_baud_count_reg[12]/C
                         clock pessimism              0.271    15.120    
                         clock uncertainty           -0.035    15.085    
    SLICE_X4Y97          FDCE (Setup_fdce_C_D)        0.062    15.147    u_uart_controller/u_uart_tx/r_baud_count_reg[12]
  -------------------------------------------------------------------
                         required time                         15.147    
                         arrival time                          -9.577    
  -------------------------------------------------------------------
                         slack                                  5.570    





Min Delay Paths
--------------------------------------------------------------------------------------
Slack (MET) :             0.197ns  (arrival time - required time)
  Source:                 u_uart_controller/u_data_sender/tx_data_reg[2]/C
                            (rising edge-triggered cell FDRE clocked by sys_clk_pin  {rise@0.000ns fall@5.000ns period=10.000ns})
  Destination:            u_uart_controller/u_uart_tx/r_data_register_reg[2]/D
                            (rising edge-triggered cell FDCE clocked by sys_clk_pin  {rise@0.000ns fall@5.000ns period=10.000ns})
  Path Group:             sys_clk_pin
  Path Type:              Hold (Min at Fast Process Corner)
  Requirement:            0.000ns  (sys_clk_pin rise@0.000ns - sys_clk_pin rise@0.000ns)
  Data Path Delay:        0.276ns  (logic 0.164ns (59.419%)  route 0.112ns (40.581%))
  Logic Levels:           0  
  Clock Path Skew:        0.016ns (DCD - SCD - CPR)
    Destination Clock Delay (DCD):    1.989ns
    Source Clock Delay      (SCD):    1.474ns
    Clock Pessimism Removal (CPR):    0.499ns

    Location             Delay type                Incr(ns)  Path(ns)    Netlist Resource(s)
  -------------------------------------------------------------------    -------------------
                         (clock sys_clk_pin rise edge)
                                                      0.000     0.000 r  
    W5                                                0.000     0.000 r  clk (IN)
                         net (fo=0)                   0.000     0.000    clk
    W5                   IBUF (Prop_ibuf_I_O)         0.226     0.226 r  clk_IBUF_inst/O
                         net (fo=1, routed)           0.631     0.858    clk_IBUF
    BUFGCTRL_X0Y0        BUFG (Prop_bufg_I_O)         0.026     0.884 r  clk_IBUF_BUFG_inst/O
                         net (fo=67, routed)          0.591     1.474    u_uart_controller/u_data_sender/clk_IBUF_BUFG
    SLICE_X6Y94          FDRE                                         r  u_uart_controller/u_data_sender/tx_data_reg[2]/C
  -------------------------------------------------------------------    -------------------
    SLICE_X6Y94          FDRE (Prop_fdre_C_Q)         0.164     1.638 r  u_uart_controller/u_data_sender/tx_data_reg[2]/Q
                         net (fo=1, routed)           0.112     1.750    u_uart_controller/u_uart_tx/D[2]
    SLICE_X6Y95          FDCE                                         r  u_uart_controller/u_uart_tx/r_data_register_reg[2]/D
  -------------------------------------------------------------------    -------------------

                         (clock sys_clk_pin rise edge)
                                                      0.000     0.000 r  
    W5                                                0.000     0.000 r  clk (IN)
                         net (fo=0)                   0.000     0.000    clk
    W5                   IBUF (Prop_ibuf_I_O)         0.414     0.414 r  clk_IBUF_inst/O
                         net (fo=1, routed)           0.685     1.099    clk_IBUF
    BUFGCTRL_X0Y0        BUFG (Prop_bufg_I_O)         0.029     1.128 r  clk_IBUF_BUFG_inst/O
                         net (fo=67, routed)          0.861     1.989    u_uart_controller/u_uart_tx/clk_IBUF_BUFG
    SLICE_X6Y95          FDCE                                         r  u_uart_controller/u_uart_tx/r_data_register_reg[2]/C
                         clock pessimism             -0.499     1.490    
    SLICE_X6Y95          FDCE (Hold_fdce_C_D)         0.063     1.553    u_uart_controller/u_uart_tx/r_data_register_reg[2]
  -------------------------------------------------------------------
                         required time                         -1.553    
                         arrival time                           1.750    
  -------------------------------------------------------------------
                         slack                                  0.197    

Slack (MET) :             0.197ns  (arrival time - required time)
  Source:                 u_uart_controller/u_data_sender/tx_data_reg[3]/C
                            (rising edge-triggered cell FDRE clocked by sys_clk_pin  {rise@0.000ns fall@5.000ns period=10.000ns})
  Destination:            u_uart_controller/u_uart_tx/r_data_register_reg[3]/D
                            (rising edge-triggered cell FDCE clocked by sys_clk_pin  {rise@0.000ns fall@5.000ns period=10.000ns})
  Path Group:             sys_clk_pin
  Path Type:              Hold (Min at Fast Process Corner)
  Requirement:            0.000ns  (sys_clk_pin rise@0.000ns - sys_clk_pin rise@0.000ns)
  Data Path Delay:        0.276ns  (logic 0.164ns (59.419%)  route 0.112ns (40.581%))
  Logic Levels:           0  
  Clock Path Skew:        0.016ns (DCD - SCD - CPR)
    Destination Clock Delay (DCD):    1.989ns
    Source Clock Delay      (SCD):    1.474ns
    Clock Pessimism Removal (CPR):    0.499ns

    Location             Delay type                Incr(ns)  Path(ns)    Netlist Resource(s)
  -------------------------------------------------------------------    -------------------
                         (clock sys_clk_pin rise edge)
                                                      0.000     0.000 r  
    W5                                                0.000     0.000 r  clk (IN)
                         net (fo=0)                   0.000     0.000    clk
    W5                   IBUF (Prop_ibuf_I_O)         0.226     0.226 r  clk_IBUF_inst/O
                         net (fo=1, routed)           0.631     0.858    clk_IBUF
    BUFGCTRL_X0Y0        BUFG (Prop_bufg_I_O)         0.026     0.884 r  clk_IBUF_BUFG_inst/O
                         net (fo=67, routed)          0.591     1.474    u_uart_controller/u_data_sender/clk_IBUF_BUFG
    SLICE_X6Y94          FDRE                                         r  u_uart_controller/u_data_sender/tx_data_reg[3]/C
  -------------------------------------------------------------------    -------------------
    SLICE_X6Y94          FDRE (Prop_fdre_C_Q)         0.164     1.638 r  u_uart_controller/u_data_sender/tx_data_reg[3]/Q
                         net (fo=1, routed)           0.112     1.750    u_uart_controller/u_uart_tx/D[3]
    SLICE_X6Y95          FDCE                                         r  u_uart_controller/u_uart_tx/r_data_register_reg[3]/D
  -------------------------------------------------------------------    -------------------

                         (clock sys_clk_pin rise edge)
                                                      0.000     0.000 r  
    W5                                                0.000     0.000 r  clk (IN)
                         net (fo=0)                   0.000     0.000    clk
    W5                   IBUF (Prop_ibuf_I_O)         0.414     0.414 r  clk_IBUF_inst/O
                         net (fo=1, routed)           0.685     1.099    clk_IBUF
    BUFGCTRL_X0Y0        BUFG (Prop_bufg_I_O)         0.029     1.128 r  clk_IBUF_BUFG_inst/O
                         net (fo=67, routed)          0.861     1.989    u_uart_controller/u_uart_tx/clk_IBUF_BUFG
    SLICE_X6Y95          FDCE                                         r  u_uart_controller/u_uart_tx/r_data_register_reg[3]/C
                         clock pessimism             -0.499     1.490    
    SLICE_X6Y95          FDCE (Hold_fdce_C_D)         0.063     1.553    u_uart_controller/u_uart_tx/r_data_register_reg[3]
  -------------------------------------------------------------------
                         required time                         -1.553    
                         arrival time                           1.750    
  -------------------------------------------------------------------
                         slack                                  0.197    

Slack (MET) :             0.201ns  (arrival time - required time)
  Source:                 u_uart_controller/u_data_sender/r_bit_index_reg[0]/C
                            (rising edge-triggered cell FDCE clocked by sys_clk_pin  {rise@0.000ns fall@5.000ns period=10.000ns})
  Destination:            u_uart_controller/u_data_sender/tx_data_reg[0]/D
                            (rising edge-triggered cell FDRE clocked by sys_clk_pin  {rise@0.000ns fall@5.000ns period=10.000ns})
  Path Group:             sys_clk_pin
  Path Type:              Hold (Min at Fast Process Corner)
  Requirement:            0.000ns  (sys_clk_pin rise@0.000ns - sys_clk_pin rise@0.000ns)
  Data Path Delay:        0.276ns  (logic 0.164ns (59.419%)  route 0.112ns (40.581%))
  Logic Levels:           0  
  Clock Path Skew:        0.016ns (DCD - SCD - CPR)
    Destination Clock Delay (DCD):    1.989ns
    Source Clock Delay      (SCD):    1.474ns
    Clock Pessimism Removal (CPR):    0.499ns

    Location             Delay type                Incr(ns)  Path(ns)    Netlist Resource(s)
  -------------------------------------------------------------------    -------------------
                         (clock sys_clk_pin rise edge)
                                                      0.000     0.000 r  
    W5                                                0.000     0.000 r  clk (IN)
                         net (fo=0)                   0.000     0.000    clk
    W5                   IBUF (Prop_ibuf_I_O)         0.226     0.226 r  clk_IBUF_inst/O
                         net (fo=1, routed)           0.631     0.858    clk_IBUF
    BUFGCTRL_X0Y0        BUFG (Prop_bufg_I_O)         0.026     0.884 r  clk_IBUF_BUFG_inst/O
                         net (fo=67, routed)          0.591     1.474    u_uart_controller/u_data_sender/clk_IBUF_BUFG
    SLICE_X6Y93          FDCE                                         r  u_uart_controller/u_data_sender/r_bit_index_reg[0]/C
  -------------------------------------------------------------------    -------------------
    SLICE_X6Y93          FDCE (Prop_fdce_C_Q)         0.164     1.638 r  u_uart_controller/u_data_sender/r_bit_index_reg[0]/Q
                         net (fo=5, routed)           0.112     1.750    u_uart_controller/u_data_sender/r_bit_index_reg[0]
    SLICE_X6Y94          FDRE                                         r  u_uart_controller/u_data_sender/tx_data_reg[0]/D
  -------------------------------------------------------------------    -------------------

                         (clock sys_clk_pin rise edge)
                                                      0.000     0.000 r  
    W5                                                0.000     0.000 r  clk (IN)
                         net (fo=0)                   0.000     0.000    clk
    W5                   IBUF (Prop_ibuf_I_O)         0.414     0.414 r  clk_IBUF_inst/O
                         net (fo=1, routed)           0.685     1.099    clk_IBUF
    BUFGCTRL_X0Y0        BUFG (Prop_bufg_I_O)         0.029     1.128 r  clk_IBUF_BUFG_inst/O
                         net (fo=67, routed)          0.861     1.989    u_uart_controller/u_data_sender/clk_IBUF_BUFG
    SLICE_X6Y94          FDRE                                         r  u_uart_controller/u_data_sender/tx_data_reg[0]/C
                         clock pessimism             -0.499     1.490    
    SLICE_X6Y94          FDRE (Hold_fdre_C_D)         0.059     1.549    u_uart_controller/u_data_sender/tx_data_reg[0]
  -------------------------------------------------------------------
                         required time                         -1.549    
                         arrival time                           1.750    
  -------------------------------------------------------------------
                         slack                                  0.201    

Slack (MET) :             0.201ns  (arrival time - required time)
  Source:                 u_uart_controller/u_data_sender/tx_data_reg[0]/C
                            (rising edge-triggered cell FDRE clocked by sys_clk_pin  {rise@0.000ns fall@5.000ns period=10.000ns})
  Destination:            u_uart_controller/u_uart_tx/r_data_register_reg[0]/D
                            (rising edge-triggered cell FDCE clocked by sys_clk_pin  {rise@0.000ns fall@5.000ns period=10.000ns})
  Path Group:             sys_clk_pin
  Path Type:              Hold (Min at Fast Process Corner)
  Requirement:            0.000ns  (sys_clk_pin rise@0.000ns - sys_clk_pin rise@0.000ns)
  Data Path Delay:        0.276ns  (logic 0.164ns (59.419%)  route 0.112ns (40.581%))
  Logic Levels:           0  
  Clock Path Skew:        0.016ns (DCD - SCD - CPR)
    Destination Clock Delay (DCD):    1.989ns
    Source Clock Delay      (SCD):    1.474ns
    Clock Pessimism Removal (CPR):    0.499ns

    Location             Delay type                Incr(ns)  Path(ns)    Netlist Resource(s)
  -------------------------------------------------------------------    -------------------
                         (clock sys_clk_pin rise edge)
                                                      0.000     0.000 r  
    W5                                                0.000     0.000 r  clk (IN)
                         net (fo=0)                   0.000     0.000    clk
    W5                   IBUF (Prop_ibuf_I_O)         0.226     0.226 r  clk_IBUF_inst/O
                         net (fo=1, routed)           0.631     0.858    clk_IBUF
    BUFGCTRL_X0Y0        BUFG (Prop_bufg_I_O)         0.026     0.884 r  clk_IBUF_BUFG_inst/O
                         net (fo=67, routed)          0.591     1.474    u_uart_controller/u_data_sender/clk_IBUF_BUFG
    SLICE_X6Y94          FDRE                                         r  u_uart_controller/u_data_sender/tx_data_reg[0]/C
  -------------------------------------------------------------------    -------------------
    SLICE_X6Y94          FDRE (Prop_fdre_C_Q)         0.164     1.638 r  u_uart_controller/u_data_sender/tx_data_reg[0]/Q
                         net (fo=1, routed)           0.112     1.750    u_uart_controller/u_uart_tx/D[0]
    SLICE_X6Y95          FDCE                                         r  u_uart_controller/u_uart_tx/r_data_register_reg[0]/D
  -------------------------------------------------------------------    -------------------

                         (clock sys_clk_pin rise edge)
                                                      0.000     0.000 r  
    W5                                                0.000     0.000 r  clk (IN)
                         net (fo=0)                   0.000     0.000    clk
    W5                   IBUF (Prop_ibuf_I_O)         0.414     0.414 r  clk_IBUF_inst/O
                         net (fo=1, routed)           0.685     1.099    clk_IBUF
    BUFGCTRL_X0Y0        BUFG (Prop_bufg_I_O)         0.029     1.128 r  clk_IBUF_BUFG_inst/O
                         net (fo=67, routed)          0.861     1.989    u_uart_controller/u_uart_tx/clk_IBUF_BUFG
    SLICE_X6Y95          FDCE                                         r  u_uart_controller/u_uart_tx/r_data_register_reg[0]/C
                         clock pessimism             -0.499     1.490    
    SLICE_X6Y95          FDCE (Hold_fdce_C_D)         0.059     1.549    u_uart_controller/u_uart_tx/r_data_register_reg[0]
  -------------------------------------------------------------------
                         required time                         -1.549    
                         arrival time                           1.750    
  -------------------------------------------------------------------
                         slack                                  0.201    

Slack (MET) :             0.201ns  (arrival time - required time)
  Source:                 u_uart_controller/u_uart_tx/r_baud_tick_reg/C
                            (rising edge-triggered cell FDCE clocked by sys_clk_pin  {rise@0.000ns fall@5.000ns period=10.000ns})
  Destination:            u_uart_controller/u_uart_tx/tx_busy_reg/D
                            (rising edge-triggered cell FDCE clocked by sys_clk_pin  {rise@0.000ns fall@5.000ns period=10.000ns})
  Path Group:             sys_clk_pin
  Path Type:              Hold (Min at Fast Process Corner)
  Requirement:            0.000ns  (sys_clk_pin rise@0.000ns - sys_clk_pin rise@0.000ns)
  Data Path Delay:        0.309ns  (logic 0.186ns (60.170%)  route 0.123ns (39.830%))
  Logic Levels:           1  (LUT5=1)
  Clock Path Skew:        0.016ns (DCD - SCD - CPR)
    Destination Clock Delay (DCD):    1.989ns
    Source Clock Delay      (SCD):    1.474ns
    Clock Pessimism Removal (CPR):    0.499ns

    Location             Delay type                Incr(ns)  Path(ns)    Netlist Resource(s)
  -------------------------------------------------------------------    -------------------
                         (clock sys_clk_pin rise edge)
                                                      0.000     0.000 r  
    W5                                                0.000     0.000 r  clk (IN)
                         net (fo=0)                   0.000     0.000    clk
    W5                   IBUF (Prop_ibuf_I_O)         0.226     0.226 r  clk_IBUF_inst/O
                         net (fo=1, routed)           0.631     0.858    clk_IBUF
    BUFGCTRL_X0Y0        BUFG (Prop_bufg_I_O)         0.026     0.884 r  clk_IBUF_BUFG_inst/O
                         net (fo=67, routed)          0.591     1.474    u_uart_controller/u_uart_tx/clk_IBUF_BUFG
    SLICE_X5Y94          FDCE                                         r  u_uart_controller/u_uart_tx/r_baud_tick_reg/C
  -------------------------------------------------------------------    -------------------
    SLICE_X5Y94          FDCE (Prop_fdce_C_Q)         0.141     1.615 f  u_uart_controller/u_uart_tx/r_baud_tick_reg/Q
                         net (fo=5, routed)           0.123     1.738    u_uart_controller/u_uart_tx/r_baud_tick
    SLICE_X7Y94          LUT5 (Prop_lut5_I0_O)        0.045     1.783 r  u_uart_controller/u_uart_tx/tx_busy_i_1/O
                         net (fo=1, routed)           0.000     1.783    u_uart_controller/u_uart_tx/tx_busy_i_1_n_0
    SLICE_X7Y94          FDCE                                         r  u_uart_controller/u_uart_tx/tx_busy_reg/D
  -------------------------------------------------------------------    -------------------

                         (clock sys_clk_pin rise edge)
                                                      0.000     0.000 r  
    W5                                                0.000     0.000 r  clk (IN)
                         net (fo=0)                   0.000     0.000    clk
    W5                   IBUF (Prop_ibuf_I_O)         0.414     0.414 r  clk_IBUF_inst/O
                         net (fo=1, routed)           0.685     1.099    clk_IBUF
    BUFGCTRL_X0Y0        BUFG (Prop_bufg_I_O)         0.029     1.128 r  clk_IBUF_BUFG_inst/O
                         net (fo=67, routed)          0.861     1.989    u_uart_controller/u_uart_tx/clk_IBUF_BUFG
    SLICE_X7Y94          FDCE                                         r  u_uart_controller/u_uart_tx/tx_busy_reg/C
                         clock pessimism             -0.499     1.490    
    SLICE_X7Y94          FDCE (Hold_fdce_C_D)         0.092     1.582    u_uart_controller/u_uart_tx/tx_busy_reg
  -------------------------------------------------------------------
                         required time                         -1.582    
                         arrival time                           1.783    
  -------------------------------------------------------------------
                         slack                                  0.201    

Slack (MET) :             0.219ns  (arrival time - required time)
  Source:                 u_uart_controller/u_data_sender/tx_start_reg/C
                            (rising edge-triggered cell FDCE clocked by sys_clk_pin  {rise@0.000ns fall@5.000ns period=10.000ns})
  Destination:            u_uart_controller/u_uart_tx/r_state_reg[0]/D
                            (rising edge-triggered cell FDCE clocked by sys_clk_pin  {rise@0.000ns fall@5.000ns period=10.000ns})
  Path Group:             sys_clk_pin
  Path Type:              Hold (Min at Fast Process Corner)
  Requirement:            0.000ns  (sys_clk_pin rise@0.000ns - sys_clk_pin rise@0.000ns)
  Data Path Delay:        0.311ns  (logic 0.227ns (73.073%)  route 0.084ns (26.927%))
  Logic Levels:           1  (LUT6=1)
  Clock Path Skew:        0.000ns (DCD - SCD - CPR)
    Destination Clock Delay (DCD):    1.989ns
    Source Clock Delay      (SCD):    1.474ns
    Clock Pessimism Removal (CPR):    0.515ns

    Location             Delay type                Incr(ns)  Path(ns)    Netlist Resource(s)
  -------------------------------------------------------------------    -------------------
                         (clock sys_clk_pin rise edge)
                                                      0.000     0.000 r  
    W5                                                0.000     0.000 r  clk (IN)
                         net (fo=0)                   0.000     0.000    clk
    W5                   IBUF (Prop_ibuf_I_O)         0.226     0.226 r  clk_IBUF_inst/O
                         net (fo=1, routed)           0.631     0.858    clk_IBUF
    BUFGCTRL_X0Y0        BUFG (Prop_bufg_I_O)         0.026     0.884 r  clk_IBUF_BUFG_inst/O
                         net (fo=67, routed)          0.591     1.474    u_uart_controller/u_data_sender/clk_IBUF_BUFG
    SLICE_X7Y94          FDCE                                         r  u_uart_controller/u_data_sender/tx_start_reg/C
  -------------------------------------------------------------------    -------------------
    SLICE_X7Y94          FDCE (Prop_fdce_C_Q)         0.128     1.602 r  u_uart_controller/u_data_sender/tx_start_reg/Q
                         net (fo=4, routed)           0.084     1.686    u_uart_controller/u_uart_tx/w_tx_start
    SLICE_X7Y94          LUT6 (Prop_lut6_I1_O)        0.099     1.785 r  u_uart_controller/u_uart_tx/r_state[0]_i_1/O
                         net (fo=1, routed)           0.000     1.785    u_uart_controller/u_uart_tx/r_state[0]_i_1_n_0
    SLICE_X7Y94          FDCE                                         r  u_uart_controller/u_uart_tx/r_state_reg[0]/D
  -------------------------------------------------------------------    -------------------

                         (clock sys_clk_pin rise edge)
                                                      0.000     0.000 r  
    W5                                                0.000     0.000 r  clk (IN)
                         net (fo=0)                   0.000     0.000    clk
    W5                   IBUF (Prop_ibuf_I_O)         0.414     0.414 r  clk_IBUF_inst/O
                         net (fo=1, routed)           0.685     1.099    clk_IBUF
    BUFGCTRL_X0Y0        BUFG (Prop_bufg_I_O)         0.029     1.128 r  clk_IBUF_BUFG_inst/O
                         net (fo=67, routed)          0.861     1.989    u_uart_controller/u_uart_tx/clk_IBUF_BUFG
    SLICE_X7Y94          FDCE                                         r  u_uart_controller/u_uart_tx/r_state_reg[0]/C
                         clock pessimism             -0.515     1.474    
    SLICE_X7Y94          FDCE (Hold_fdce_C_D)         0.092     1.566    u_uart_controller/u_uart_tx/r_state_reg[0]
  -------------------------------------------------------------------
                         required time                         -1.566    
                         arrival time                           1.785    
  -------------------------------------------------------------------
                         slack                                  0.219    

Slack (MET) :             0.230ns  (arrival time - required time)
  Source:                 u_uart_controller/u_uart_tx/r_state_reg[0]/C
                            (rising edge-triggered cell FDCE clocked by sys_clk_pin  {rise@0.000ns fall@5.000ns period=10.000ns})
  Destination:            u_uart_controller/u_uart_tx/r_state_reg[1]/D
                            (rising edge-triggered cell FDCE clocked by sys_clk_pin  {rise@0.000ns fall@5.000ns period=10.000ns})
  Path Group:             sys_clk_pin
  Path Type:              Hold (Min at Fast Process Corner)
  Requirement:            0.000ns  (sys_clk_pin rise@0.000ns - sys_clk_pin rise@0.000ns)
  Data Path Delay:        0.321ns  (logic 0.186ns (58.013%)  route 0.135ns (41.987%))
  Logic Levels:           1  (LUT5=1)
  Clock Path Skew:        0.000ns (DCD - SCD - CPR)
    Destination Clock Delay (DCD):    1.989ns
    Source Clock Delay      (SCD):    1.474ns
    Clock Pessimism Removal (CPR):    0.515ns

    Location             Delay type                Incr(ns)  Path(ns)    Netlist Resource(s)
  -------------------------------------------------------------------    -------------------
                         (clock sys_clk_pin rise edge)
                                                      0.000     0.000 r  
    W5                                                0.000     0.000 r  clk (IN)
                         net (fo=0)                   0.000     0.000    clk
    W5                   IBUF (Prop_ibuf_I_O)         0.226     0.226 r  clk_IBUF_inst/O
                         net (fo=1, routed)           0.631     0.858    clk_IBUF
    BUFGCTRL_X0Y0        BUFG (Prop_bufg_I_O)         0.026     0.884 r  clk_IBUF_BUFG_inst/O
                         net (fo=67, routed)          0.591     1.474    u_uart_controller/u_uart_tx/clk_IBUF_BUFG
    SLICE_X7Y94          FDCE                                         r  u_uart_controller/u_uart_tx/r_state_reg[0]/C
  -------------------------------------------------------------------    -------------------
    SLICE_X7Y94          FDCE (Prop_fdce_C_Q)         0.141     1.615 r  u_uart_controller/u_uart_tx/r_state_reg[0]/Q
                         net (fo=8, routed)           0.135     1.750    u_uart_controller/u_uart_tx/r_state[0]
    SLICE_X7Y94          LUT5 (Prop_lut5_I1_O)        0.045     1.795 r  u_uart_controller/u_uart_tx/r_state[1]_i_1/O
                         net (fo=1, routed)           0.000     1.795    u_uart_controller/u_uart_tx/r_state[1]_i_1_n_0
    SLICE_X7Y94          FDCE                                         r  u_uart_controller/u_uart_tx/r_state_reg[1]/D
  -------------------------------------------------------------------    -------------------

                         (clock sys_clk_pin rise edge)
                                                      0.000     0.000 r  
    W5                                                0.000     0.000 r  clk (IN)
                         net (fo=0)                   0.000     0.000    clk
    W5                   IBUF (Prop_ibuf_I_O)         0.414     0.414 r  clk_IBUF_inst/O
                         net (fo=1, routed)           0.685     1.099    clk_IBUF
    BUFGCTRL_X0Y0        BUFG (Prop_bufg_I_O)         0.029     1.128 r  clk_IBUF_BUFG_inst/O
                         net (fo=67, routed)          0.861     1.989    u_uart_controller/u_uart_tx/clk_IBUF_BUFG
    SLICE_X7Y94          FDCE                                         r  u_uart_controller/u_uart_tx/r_state_reg[1]/C
                         clock pessimism             -0.515     1.474    
    SLICE_X7Y94          FDCE (Hold_fdce_C_D)         0.091     1.565    u_uart_controller/u_uart_tx/r_state_reg[1]
  -------------------------------------------------------------------
                         required time                         -1.565    
                         arrival time                           1.795    
  -------------------------------------------------------------------
                         slack                                  0.230    

Slack (MET) :             0.252ns  (arrival time - required time)
  Source:                 u_uart_controller/u_uart_tx/r_state_reg[1]/C
                            (rising edge-triggered cell FDCE clocked by sys_clk_pin  {rise@0.000ns fall@5.000ns period=10.000ns})
  Destination:            u_uart_controller/u_uart_tx/r_bit_index_reg[1]/D
                            (rising edge-triggered cell FDCE clocked by sys_clk_pin  {rise@0.000ns fall@5.000ns period=10.000ns})
  Path Group:             sys_clk_pin
  Path Type:              Hold (Min at Fast Process Corner)
  Requirement:            0.000ns  (sys_clk_pin rise@0.000ns - sys_clk_pin rise@0.000ns)
  Data Path Delay:        0.375ns  (logic 0.189ns (50.404%)  route 0.186ns (49.596%))
  Logic Levels:           1  (LUT3=1)
  Clock Path Skew:        0.016ns (DCD - SCD - CPR)
    Destination Clock Delay (DCD):    1.989ns
    Source Clock Delay      (SCD):    1.474ns
    Clock Pessimism Removal (CPR):    0.499ns

    Location             Delay type                Incr(ns)  Path(ns)    Netlist Resource(s)
  -------------------------------------------------------------------    -------------------
                         (clock sys_clk_pin rise edge)
                                                      0.000     0.000 r  
    W5                                                0.000     0.000 r  clk (IN)
                         net (fo=0)                   0.000     0.000    clk
    W5                   IBUF (Prop_ibuf_I_O)         0.226     0.226 r  clk_IBUF_inst/O
                         net (fo=1, routed)           0.631     0.858    clk_IBUF
    BUFGCTRL_X0Y0        BUFG (Prop_bufg_I_O)         0.026     0.884 r  clk_IBUF_BUFG_inst/O
                         net (fo=67, routed)          0.591     1.474    u_uart_controller/u_uart_tx/clk_IBUF_BUFG
    SLICE_X7Y94          FDCE                                         r  u_uart_controller/u_uart_tx/r_state_reg[1]/C
  -------------------------------------------------------------------    -------------------
    SLICE_X7Y94          FDCE (Prop_fdce_C_Q)         0.141     1.615 r  u_uart_controller/u_uart_tx/r_state_reg[1]/Q
                         net (fo=11, routed)          0.186     1.801    u_uart_controller/u_uart_tx/r_state[1]
    SLICE_X7Y96          LUT3 (Prop_lut3_I2_O)        0.048     1.849 r  u_uart_controller/u_uart_tx/r_bit_index[1]_i_1/O
                         net (fo=1, routed)           0.000     1.849    u_uart_controller/u_uart_tx/r_bit_index[1]_i_1_n_0
    SLICE_X7Y96          FDCE                                         r  u_uart_controller/u_uart_tx/r_bit_index_reg[1]/D
  -------------------------------------------------------------------    -------------------

                         (clock sys_clk_pin rise edge)
                                                      0.000     0.000 r  
    W5                                                0.000     0.000 r  clk (IN)
                         net (fo=0)                   0.000     0.000    clk
    W5                   IBUF (Prop_ibuf_I_O)         0.414     0.414 r  clk_IBUF_inst/O
                         net (fo=1, routed)           0.685     1.099    clk_IBUF
    BUFGCTRL_X0Y0        BUFG (Prop_bufg_I_O)         0.029     1.128 r  clk_IBUF_BUFG_inst/O
                         net (fo=67, routed)          0.861     1.989    u_uart_controller/u_uart_tx/clk_IBUF_BUFG
    SLICE_X7Y96          FDCE                                         r  u_uart_controller/u_uart_tx/r_bit_index_reg[1]/C
                         clock pessimism             -0.499     1.490    
    SLICE_X7Y96          FDCE (Hold_fdce_C_D)         0.107     1.597    u_uart_controller/u_uart_tx/r_bit_index_reg[1]
  -------------------------------------------------------------------
                         required time                         -1.597    
                         arrival time                           1.849    
  -------------------------------------------------------------------
                         slack                                  0.252    

Slack (MET) :             0.265ns  (arrival time - required time)
  Source:                 u_uart_controller/u_uart_tx/r_state_reg[1]/C
                            (rising edge-triggered cell FDCE clocked by sys_clk_pin  {rise@0.000ns fall@5.000ns period=10.000ns})
  Destination:            u_uart_controller/u_uart_tx/r_bit_index_reg[0]/D
                            (rising edge-triggered cell FDCE clocked by sys_clk_pin  {rise@0.000ns fall@5.000ns period=10.000ns})
  Path Group:             sys_clk_pin
  Path Type:              Hold (Min at Fast Process Corner)
  Requirement:            0.000ns  (sys_clk_pin rise@0.000ns - sys_clk_pin rise@0.000ns)
  Data Path Delay:        0.372ns  (logic 0.186ns (50.004%)  route 0.186ns (49.996%))
  Logic Levels:           1  (LUT2=1)
  Clock Path Skew:        0.016ns (DCD - SCD - CPR)
    Destination Clock Delay (DCD):    1.989ns
    Source Clock Delay      (SCD):    1.474ns
    Clock Pessimism Removal (CPR):    0.499ns

    Location             Delay type                Incr(ns)  Path(ns)    Netlist Resource(s)
  -------------------------------------------------------------------    -------------------
                         (clock sys_clk_pin rise edge)
                                                      0.000     0.000 r  
    W5                                                0.000     0.000 r  clk (IN)
                         net (fo=0)                   0.000     0.000    clk
    W5                   IBUF (Prop_ibuf_I_O)         0.226     0.226 r  clk_IBUF_inst/O
                         net (fo=1, routed)           0.631     0.858    clk_IBUF
    BUFGCTRL_X0Y0        BUFG (Prop_bufg_I_O)         0.026     0.884 r  clk_IBUF_BUFG_inst/O
                         net (fo=67, routed)          0.591     1.474    u_uart_controller/u_uart_tx/clk_IBUF_BUFG
    SLICE_X7Y94          FDCE                                         r  u_uart_controller/u_uart_tx/r_state_reg[1]/C
  -------------------------------------------------------------------    -------------------
    SLICE_X7Y94          FDCE (Prop_fdce_C_Q)         0.141     1.615 r  u_uart_controller/u_uart_tx/r_state_reg[1]/Q
                         net (fo=11, routed)          0.186     1.801    u_uart_controller/u_uart_tx/r_state[1]
    SLICE_X7Y96          LUT2 (Prop_lut2_I1_O)        0.045     1.846 r  u_uart_controller/u_uart_tx/r_bit_index[0]_i_1/O
                         net (fo=1, routed)           0.000     1.846    u_uart_controller/u_uart_tx/r_bit_index[0]_i_1_n_0
    SLICE_X7Y96          FDCE                                         r  u_uart_controller/u_uart_tx/r_bit_index_reg[0]/D
  -------------------------------------------------------------------    -------------------

                         (clock sys_clk_pin rise edge)
                                                      0.000     0.000 r  
    W5                                                0.000     0.000 r  clk (IN)
                         net (fo=0)                   0.000     0.000    clk
    W5                   IBUF (Prop_ibuf_I_O)         0.414     0.414 r  clk_IBUF_inst/O
                         net (fo=1, routed)           0.685     1.099    clk_IBUF
    BUFGCTRL_X0Y0        BUFG (Prop_bufg_I_O)         0.029     1.128 r  clk_IBUF_BUFG_inst/O
                         net (fo=67, routed)          0.861     1.989    u_uart_controller/u_uart_tx/clk_IBUF_BUFG
    SLICE_X7Y96          FDCE                                         r  u_uart_controller/u_uart_tx/r_bit_index_reg[0]/C
                         clock pessimism             -0.499     1.490    
    SLICE_X7Y96          FDCE (Hold_fdce_C_D)         0.091     1.581    u_uart_controller/u_uart_tx/r_bit_index_reg[0]
  -------------------------------------------------------------------
                         required time                         -1.581    
                         arrival time                           1.846    
  -------------------------------------------------------------------
                         slack                                  0.265    

Slack (MET) :             0.271ns  (arrival time - required time)
  Source:                 u_uart_controller/u_data_sender/r_bit_index_reg[1]/C
                            (rising edge-triggered cell FDCE clocked by sys_clk_pin  {rise@0.000ns fall@5.000ns period=10.000ns})
  Destination:            u_uart_controller/u_data_sender/tx_data_reg[1]/D
                            (rising edge-triggered cell FDRE clocked by sys_clk_pin  {rise@0.000ns fall@5.000ns period=10.000ns})
  Path Group:             sys_clk_pin
  Path Type:              Hold (Min at Fast Process Corner)
  Requirement:            0.000ns  (sys_clk_pin rise@0.000ns - sys_clk_pin rise@0.000ns)
  Data Path Delay:        0.286ns  (logic 0.148ns (51.736%)  route 0.138ns (48.264%))
  Logic Levels:           0  
  Clock Path Skew:        0.016ns (DCD - SCD - CPR)
    Destination Clock Delay (DCD):    1.989ns
    Source Clock Delay      (SCD):    1.474ns
    Clock Pessimism Removal (CPR):    0.499ns

    Location             Delay type                Incr(ns)  Path(ns)    Netlist Resource(s)
  -------------------------------------------------------------------    -------------------
                         (clock sys_clk_pin rise edge)
                                                      0.000     0.000 r  
    W5                                                0.000     0.000 r  clk (IN)
                         net (fo=0)                   0.000     0.000    clk
    W5                   IBUF (Prop_ibuf_I_O)         0.226     0.226 r  clk_IBUF_inst/O
                         net (fo=1, routed)           0.631     0.858    clk_IBUF
    BUFGCTRL_X0Y0        BUFG (Prop_bufg_I_O)         0.026     0.884 r  clk_IBUF_BUFG_inst/O
                         net (fo=67, routed)          0.591     1.474    u_uart_controller/u_data_sender/clk_IBUF_BUFG
    SLICE_X6Y93          FDCE                                         r  u_uart_controller/u_data_sender/r_bit_index_reg[1]/C
  -------------------------------------------------------------------    -------------------
    SLICE_X6Y93          FDCE (Prop_fdce_C_Q)         0.148     1.622 r  u_uart_controller/u_data_sender/r_bit_index_reg[1]/Q
                         net (fo=6, routed)           0.138     1.760    u_uart_controller/u_data_sender/r_bit_index_reg[1]
    SLICE_X6Y94          FDRE                                         r  u_uart_controller/u_data_sender/tx_data_reg[1]/D
  -------------------------------------------------------------------    -------------------

                         (clock sys_clk_pin rise edge)
                                                      0.000     0.000 r  
    W5                                                0.000     0.000 r  clk (IN)
                         net (fo=0)                   0.000     0.000    clk
    W5                   IBUF (Prop_ibuf_I_O)         0.414     0.414 r  clk_IBUF_inst/O
                         net (fo=1, routed)           0.685     1.099    clk_IBUF
    BUFGCTRL_X0Y0        BUFG (Prop_bufg_I_O)         0.029     1.128 r  clk_IBUF_BUFG_inst/O
                         net (fo=67, routed)          0.861     1.989    u_uart_controller/u_data_sender/clk_IBUF_BUFG
    SLICE_X6Y94          FDRE                                         r  u_uart_controller/u_data_sender/tx_data_reg[1]/C
                         clock pessimism             -0.499     1.490    
    SLICE_X6Y94          FDRE (Hold_fdre_C_D)        -0.001     1.489    u_uart_controller/u_data_sender/tx_data_reg[1]
  -------------------------------------------------------------------
                         required time                         -1.489    
                         arrival time                           1.760    
  -------------------------------------------------------------------
                         slack                                  0.271    





Pulse Width Checks
--------------------------------------------------------------------------------------
Clock Name:         sys_clk_pin
Waveform(ns):       { 0.000 5.000 }
Period(ns):         10.000
Sources:            { clk }

Check Type        Corner  Lib Pin  Reference Pin  Required(ns)  Actual(ns)  Slack(ns)  Location       Pin
Min Period        n/a     BUFG/I   n/a            2.155         10.000      7.845      BUFGCTRL_X0Y0  clk_IBUF_BUFG_inst/I
Min Period        n/a     FDCE/C   n/a            1.000         10.000      9.000      SLICE_X6Y93    u_uart_controller/u_data_sender/r_bit_index_reg[0]/C
Min Period        n/a     FDCE/C   n/a            1.000         10.000      9.000      SLICE_X6Y93    u_uart_controller/u_data_sender/r_bit_index_reg[1]/C
Min Period        n/a     FDCE/C   n/a            1.000         10.000      9.000      SLICE_X6Y93    u_uart_controller/u_data_sender/r_bit_index_reg[2]/C
Min Period        n/a     FDCE/C   n/a            1.000         10.000      9.000      SLICE_X6Y93    u_uart_controller/u_data_sender/r_bit_index_reg[3]/C
Min Period        n/a     FDRE/C   n/a            1.000         10.000      9.000      SLICE_X6Y94    u_uart_controller/u_data_sender/tx_data_reg[0]/C
Min Period        n/a     FDRE/C   n/a            1.000         10.000      9.000      SLICE_X6Y94    u_uart_controller/u_data_sender/tx_data_reg[1]/C
Min Period        n/a     FDRE/C   n/a            1.000         10.000      9.000      SLICE_X6Y94    u_uart_controller/u_data_sender/tx_data_reg[2]/C
Min Period        n/a     FDRE/C   n/a            1.000         10.000      9.000      SLICE_X6Y94    u_uart_controller/u_data_sender/tx_data_reg[3]/C
Min Period        n/a     FDCE/C   n/a            1.000         10.000      9.000      SLICE_X7Y94    u_uart_controller/u_data_sender/tx_start_reg/C
Low Pulse Width   Slow    FDCE/C   n/a            0.500         5.000       4.500      SLICE_X6Y93    u_uart_controller/u_data_sender/r_bit_index_reg[0]/C
Low Pulse Width   Fast    FDCE/C   n/a            0.500         5.000       4.500      SLICE_X6Y93    u_uart_controller/u_data_sender/r_bit_index_reg[0]/C
Low Pulse Width   Slow    FDCE/C   n/a            0.500         5.000       4.500      SLICE_X6Y93    u_uart_controller/u_data_sender/r_bit_index_reg[1]/C
Low Pulse Width   Fast    FDCE/C   n/a            0.500         5.000       4.500      SLICE_X6Y93    u_uart_controller/u_data_sender/r_bit_index_reg[1]/C
Low Pulse Width   Slow    FDCE/C   n/a            0.500         5.000       4.500      SLICE_X6Y93    u_uart_controller/u_data_sender/r_bit_index_reg[2]/C
Low Pulse Width   Fast    FDCE/C   n/a            0.500         5.000       4.500      SLICE_X6Y93    u_uart_controller/u_data_sender/r_bit_index_reg[2]/C
Low Pulse Width   Slow    FDCE/C   n/a            0.500         5.000       4.500      SLICE_X6Y93    u_uart_controller/u_data_sender/r_bit_index_reg[3]/C
Low Pulse Width   Fast    FDCE/C   n/a            0.500         5.000       4.500      SLICE_X6Y93    u_uart_controller/u_data_sender/r_bit_index_reg[3]/C
Low Pulse Width   Slow    FDRE/C   n/a            0.500         5.000       4.500      SLICE_X6Y94    u_uart_controller/u_data_sender/tx_data_reg[0]/C
Low Pulse Width   Fast    FDRE/C   n/a            0.500         5.000       4.500      SLICE_X6Y94    u_uart_controller/u_data_sender/tx_data_reg[0]/C
High Pulse Width  Slow    FDCE/C   n/a            0.500         5.000       4.500      SLICE_X6Y93    u_uart_controller/u_data_sender/r_bit_index_reg[0]/C
High Pulse Width  Fast    FDCE/C   n/a            0.500         5.000       4.500      SLICE_X6Y93    u_uart_controller/u_data_sender/r_bit_index_reg[0]/C
High Pulse Width  Slow    FDCE/C   n/a            0.500         5.000       4.500      SLICE_X6Y93    u_uart_controller/u_data_sender/r_bit_index_reg[1]/C
High Pulse Width  Fast    FDCE/C   n/a            0.500         5.000       4.500      SLICE_X6Y93    u_uart_controller/u_data_sender/r_bit_index_reg[1]/C
High Pulse Width  Slow    FDCE/C   n/a            0.500         5.000       4.500      SLICE_X6Y93    u_uart_controller/u_data_sender/r_bit_index_reg[2]/C
High Pulse Width  Fast    FDCE/C   n/a            0.500         5.000       4.500      SLICE_X6Y93    u_uart_controller/u_data_sender/r_bit_index_reg[2]/C
High Pulse Width  Slow    FDCE/C   n/a            0.500         5.000       4.500      SLICE_X6Y93    u_uart_controller/u_data_sender/r_bit_index_reg[3]/C
High Pulse Width  Fast    FDCE/C   n/a            0.500         5.000       4.500      SLICE_X6Y93    u_uart_controller/u_data_sender/r_bit_index_reg[3]/C
High Pulse Width  Slow    FDRE/C   n/a            0.500         5.000       4.500      SLICE_X6Y94    u_uart_controller/u_data_sender/tx_data_reg[0]/C
High Pulse Width  Fast    FDRE/C   n/a            0.500         5.000       4.500      SLICE_X6Y94    u_uart_controller/u_data_sender/tx_data_reg[0]/C



