Copyright 1986-2021 Xilinx, Inc. All Rights Reserved.
--------------------------------------------------------------------------------------------------------------------------------------------------------------------------------------------------------------------------
| Tool Version : Vivado v.2021.1 (win64) Build 3247384 Thu Jun 10 19:36:33 MDT 2021
| Date         : Wed Feb 25 17:19:52 2026
| Host         : DESKTOP-FAVD00F running 64-bit major release  (build 9200)
| Command      : report_timing_summary -max_paths 10 -file my_shift_register_timing_summary_routed.rpt -pb my_shift_register_timing_summary_routed.pb -rpx my_shift_register_timing_summary_routed.rpx -warn_on_violation
| Design       : my_shift_register
| Device       : 7a35t-cpg236
| Speed File   : -1  PRODUCTION 1.23 2018-06-13
--------------------------------------------------------------------------------------------------------------------------------------------------------------------------------------------------------------------------

Timing Summary Report

------------------------------------------------------------------------------------------------
| Timer Settings
| --------------
------------------------------------------------------------------------------------------------

  Enable Multi Corner Analysis               :  Yes
  Enable Pessimism Removal                   :  Yes
  Pessimism Removal Resolution               :  Nearest Common Node
  Enable Input Delay Default Clock           :  No
  Enable Preset / Clear Arcs                 :  No
  Disable Flight Delays                      :  No
  Ignore I/O Paths                           :  No
  Timing Early Launch at Borrowing Latches   :  No
  Borrow Time for Max Delay Exceptions       :  Yes
  Merge Timing Exceptions                    :  Yes

  Corner  Analyze    Analyze    
  Name    Max Paths  Min Paths  
  ------  ---------  ---------  
  Slow    Yes        Yes        
  Fast    Yes        Yes        


------------------------------------------------------------------------------------------------
| Report Methodology
| ------------------
------------------------------------------------------------------------------------------------

Rule       Severity  Description                    Violations  
---------  --------  -----------------------------  ----------  
TIMING-18  Warning   Missing input or output delay  11          

Note: This report is based on the most recent report_methodology run and may not be up-to-date. Run report_methodology on the current design for the latest report.



check_timing report

Table of Contents
-----------------
1. checking no_clock (0)
2. checking constant_clock (0)
3. checking pulse_width_clock (0)
4. checking unconstrained_internal_endpoints (0)
5. checking no_input_delay (3)
6. checking no_output_delay (8)
7. checking multiple_clock (0)
8. checking generated_clocks (0)
9. checking loops (0)
10. checking partial_input_delay (0)
11. checking partial_output_delay (0)
12. checking latch_loops (0)

1. checking no_clock (0)
------------------------
 There are 0 register/latch pins with no clock.


2. checking constant_clock (0)
------------------------------
 There are 0 register/latch pins with constant_clock.


3. checking pulse_width_clock (0)
---------------------------------
 There are 0 register/latch pins which need pulse_width check


4. checking unconstrained_internal_endpoints (0)
------------------------------------------------
 There are 0 pins that are not constrained for maximum delay.

 There are 0 pins that are not constrained for maximum delay due to constant clock.


5. checking no_input_delay (3)
------------------------------
 There are 3 input ports with no input delay specified. (HIGH)

 There are 0 input ports with no input delay but user has a false path constraint.


6. checking no_output_delay (8)
-------------------------------
 There are 8 ports with no output delay specified. (HIGH)

 There are 0 ports with no output delay but user has a false path constraint

 There are 0 ports with no output delay but with a timing clock defined on it or propagating through it


7. checking multiple_clock (0)
------------------------------
 There are 0 register/latch pins with multiple clocks.


8. checking generated_clocks (0)
--------------------------------
 There are 0 generated clocks that are not connected to a clock source.


9. checking loops (0)
---------------------
 There are 0 combinational loops in the design.


10. checking partial_input_delay (0)
------------------------------------
 There are 0 input ports with partial input delay specified.


11. checking partial_output_delay (0)
-------------------------------------
 There are 0 ports with partial output delay specified.


12. checking latch_loops (0)
----------------------------
 There are 0 combinational latch loops in the design through latch input



------------------------------------------------------------------------------------------------
| Design Timing Summary
| ---------------------
------------------------------------------------------------------------------------------------

    WNS(ns)      TNS(ns)  TNS Failing Endpoints  TNS Total Endpoints      WHS(ns)      THS(ns)  THS Failing Endpoints  THS Total Endpoints     WPWS(ns)     TPWS(ns)  TPWS Failing Endpoints  TPWS Total Endpoints  
    -------      -------  ---------------------  -------------------      -------      -------  ---------------------  -------------------     --------     --------  ----------------------  --------------------  
      6.476        0.000                      0                   66        0.180        0.000                      0                   66        4.500        0.000                       0                    53  


All user specified timing constraints are met.


------------------------------------------------------------------------------------------------
| Clock Summary
| -------------
------------------------------------------------------------------------------------------------

Clock        Waveform(ns)       Period(ns)      Frequency(MHz)
-----        ------------       ----------      --------------
sys_clk_pin  {0.000 5.000}      10.000          100.000         


------------------------------------------------------------------------------------------------
| Intra Clock Table
| -----------------
------------------------------------------------------------------------------------------------

Clock             WNS(ns)      TNS(ns)  TNS Failing Endpoints  TNS Total Endpoints      WHS(ns)      THS(ns)  THS Failing Endpoints  THS Total Endpoints     WPWS(ns)     TPWS(ns)  TPWS Failing Endpoints  TPWS Total Endpoints  
-----             -------      -------  ---------------------  -------------------      -------      -------  ---------------------  -------------------     --------     --------  ----------------------  --------------------  
sys_clk_pin         6.476        0.000                      0                   66        0.180        0.000                      0                   66        4.500        0.000                       0                    53  


------------------------------------------------------------------------------------------------
| Inter Clock Table
| -----------------
------------------------------------------------------------------------------------------------

From Clock    To Clock          WNS(ns)      TNS(ns)  TNS Failing Endpoints  TNS Total Endpoints      WHS(ns)      THS(ns)  THS Failing Endpoints  THS Total Endpoints  
----------    --------          -------      -------  ---------------------  -------------------      -------      -------  ---------------------  -------------------  


------------------------------------------------------------------------------------------------
| Other Path Groups Table
| -----------------------
------------------------------------------------------------------------------------------------

Path Group    From Clock    To Clock          WNS(ns)      TNS(ns)  TNS Failing Endpoints  TNS Total Endpoints      WHS(ns)      THS(ns)  THS Failing Endpoints  THS Total Endpoints  
----------    ----------    --------          -------      -------  ---------------------  -------------------      -------      -------  ---------------------  -------------------  


------------------------------------------------------------------------------------------------
| Timing Details
| --------------
------------------------------------------------------------------------------------------------


---------------------------------------------------------------------------------------------------
From Clock:  sys_clk_pin
  To Clock:  sys_clk_pin

Setup :            0  Failing Endpoints,  Worst Slack        6.476ns,  Total Violation        0.000ns
Hold  :            0  Failing Endpoints,  Worst Slack        0.180ns,  Total Violation        0.000ns
PW    :            0  Failing Endpoints,  Worst Slack        4.500ns,  Total Violation        0.000ns
---------------------------------------------------------------------------------------------------


Max Delay Paths
--------------------------------------------------------------------------------------
Slack (MET) :             6.476ns  (required time - arrival time)
  Source:                 u_debouncer2/r_counter_reg[0]/C
                            (rising edge-triggered cell FDCE clocked by sys_clk_pin  {rise@0.000ns fall@5.000ns period=10.000ns})
  Destination:            u_debouncer2/r_counter_reg[5]/D
                            (rising edge-triggered cell FDCE clocked by sys_clk_pin  {rise@0.000ns fall@5.000ns period=10.000ns})
  Path Group:             sys_clk_pin
  Path Type:              Setup (Max at Slow Process Corner)
  Requirement:            10.000ns  (sys_clk_pin rise@10.000ns - sys_clk_pin rise@0.000ns)
  Data Path Delay:        3.494ns  (logic 0.828ns (23.698%)  route 2.666ns (76.302%))
  Logic Levels:           3  (LUT5=1 LUT6=2)
  Clock Path Skew:        -0.024ns (DCD - SCD + CPR)
    Destination Clock Delay (DCD):    4.858ns = ( 14.858 - 10.000 ) 
    Source Clock Delay      (SCD):    5.155ns
    Clock Pessimism Removal (CPR):    0.273ns
  Clock Uncertainty:      0.035ns  ((TSJ^2 + TIJ^2)^1/2 + DJ) / 2 + PE
    Total System Jitter     (TSJ):    0.071ns
    Total Input Jitter      (TIJ):    0.000ns
    Discrete Jitter          (DJ):    0.000ns
    Phase Error              (PE):    0.000ns

    Location             Delay type                Incr(ns)  Path(ns)    Netlist Resource(s)
  -------------------------------------------------------------------    -------------------
                         (clock sys_clk_pin rise edge)
                                                      0.000     0.000 r  
    W5                                                0.000     0.000 r  clk (IN)
                         net (fo=0)                   0.000     0.000    clk
    W5                   IBUF (Prop_ibuf_I_O)         1.458     1.458 r  clk_IBUF_inst/O
                         net (fo=1, routed)           1.967     3.425    clk_IBUF
    BUFGCTRL_X0Y0        BUFG (Prop_bufg_I_O)         0.096     3.521 r  clk_IBUF_BUFG_inst/O
                         net (fo=52, routed)          1.634     5.155    u_debouncer2/CLK
    SLICE_X7Y41          FDCE                                         r  u_debouncer2/r_counter_reg[0]/C
  -------------------------------------------------------------------    -------------------
    SLICE_X7Y41          FDCE (Prop_fdce_C_Q)         0.456     5.611 f  u_debouncer2/r_counter_reg[0]/Q
                         net (fo=3, routed)           0.833     6.444    u_debouncer2/r_counter_reg_n_0_[0]
    SLICE_X7Y42          LUT5 (Prop_lut5_I2_O)        0.124     6.568 r  u_debouncer2/r_clean_btn_i_5__0/O
                         net (fo=1, routed)           0.797     7.365    u_debouncer2/r_clean_btn_i_5__0_n_0
    SLICE_X7Y43          LUT6 (Prop_lut6_I4_O)        0.124     7.489 r  u_debouncer2/r_clean_btn_i_3__0/O
                         net (fo=18, routed)          1.036     8.525    u_debouncer2/r_clean_btn_i_3__0_n_0
    SLICE_X5Y43          LUT6 (Prop_lut6_I1_O)        0.124     8.649 r  u_debouncer2/r_counter[5]_i_1__0/O
                         net (fo=1, routed)           0.000     8.649    u_debouncer2/r_counter[5]_i_1__0_n_0
    SLICE_X5Y43          FDCE                                         r  u_debouncer2/r_counter_reg[5]/D
  -------------------------------------------------------------------    -------------------

                         (clock sys_clk_pin rise edge)
                                                     10.000    10.000 r  
    W5                                                0.000    10.000 r  clk (IN)
                         net (fo=0)                   0.000    10.000    clk
    W5                   IBUF (Prop_ibuf_I_O)         1.388    11.388 r  clk_IBUF_inst/O
                         net (fo=1, routed)           1.862    13.250    clk_IBUF
    BUFGCTRL_X0Y0        BUFG (Prop_bufg_I_O)         0.091    13.341 r  clk_IBUF_BUFG_inst/O
                         net (fo=52, routed)          1.517    14.858    u_debouncer2/CLK
    SLICE_X5Y43          FDCE                                         r  u_debouncer2/r_counter_reg[5]/C
                         clock pessimism              0.273    15.131    
                         clock uncertainty           -0.035    15.096    
    SLICE_X5Y43          FDCE (Setup_fdce_C_D)        0.029    15.125    u_debouncer2/r_counter_reg[5]
  -------------------------------------------------------------------
                         required time                         15.125    
                         arrival time                          -8.649    
  -------------------------------------------------------------------
                         slack                                  6.476    

Slack (MET) :             6.504ns  (required time - arrival time)
  Source:                 u_debouncer2/r_counter_reg[0]/C
                            (rising edge-triggered cell FDCE clocked by sys_clk_pin  {rise@0.000ns fall@5.000ns period=10.000ns})
  Destination:            u_debouncer2/r_clean_btn_reg/CE
                            (rising edge-triggered cell FDCE clocked by sys_clk_pin  {rise@0.000ns fall@5.000ns period=10.000ns})
  Path Group:             sys_clk_pin
  Path Type:              Setup (Max at Slow Process Corner)
  Requirement:            10.000ns  (sys_clk_pin rise@10.000ns - sys_clk_pin rise@0.000ns)
  Data Path Delay:        3.230ns  (logic 0.828ns (25.632%)  route 2.402ns (74.368%))
  Logic Levels:           3  (LUT5=1 LUT6=2)
  Clock Path Skew:        -0.025ns (DCD - SCD + CPR)
    Destination Clock Delay (DCD):    4.857ns = ( 14.857 - 10.000 ) 
    Source Clock Delay      (SCD):    5.155ns
    Clock Pessimism Removal (CPR):    0.273ns
  Clock Uncertainty:      0.035ns  ((TSJ^2 + TIJ^2)^1/2 + DJ) / 2 + PE
    Total System Jitter     (TSJ):    0.071ns
    Total Input Jitter      (TIJ):    0.000ns
    Discrete Jitter          (DJ):    0.000ns
    Phase Error              (PE):    0.000ns

    Location             Delay type                Incr(ns)  Path(ns)    Netlist Resource(s)
  -------------------------------------------------------------------    -------------------
                         (clock sys_clk_pin rise edge)
                                                      0.000     0.000 r  
    W5                                                0.000     0.000 r  clk (IN)
                         net (fo=0)                   0.000     0.000    clk
    W5                   IBUF (Prop_ibuf_I_O)         1.458     1.458 r  clk_IBUF_inst/O
                         net (fo=1, routed)           1.967     3.425    clk_IBUF
    BUFGCTRL_X0Y0        BUFG (Prop_bufg_I_O)         0.096     3.521 r  clk_IBUF_BUFG_inst/O
                         net (fo=52, routed)          1.634     5.155    u_debouncer2/CLK
    SLICE_X7Y41          FDCE                                         r  u_debouncer2/r_counter_reg[0]/C
  -------------------------------------------------------------------    -------------------
    SLICE_X7Y41          FDCE (Prop_fdce_C_Q)         0.456     5.611 r  u_debouncer2/r_counter_reg[0]/Q
                         net (fo=3, routed)           0.833     6.444    u_debouncer2/r_counter_reg_n_0_[0]
    SLICE_X7Y42          LUT5 (Prop_lut5_I2_O)        0.124     6.568 f  u_debouncer2/r_clean_btn_i_5__0/O
                         net (fo=1, routed)           0.797     7.365    u_debouncer2/r_clean_btn_i_5__0_n_0
    SLICE_X7Y43          LUT6 (Prop_lut6_I4_O)        0.124     7.489 f  u_debouncer2/r_clean_btn_i_3__0/O
                         net (fo=18, routed)          0.394     7.883    u_debouncer2/r_clean_btn_i_3__0_n_0
    SLICE_X5Y42          LUT6 (Prop_lut6_I3_O)        0.124     8.007 r  u_debouncer2/r_clean_btn_i_1__0/O
                         net (fo=1, routed)           0.378     8.386    u_debouncer2/r_clean_btn
    SLICE_X5Y42          FDCE                                         r  u_debouncer2/r_clean_btn_reg/CE
  -------------------------------------------------------------------    -------------------

                         (clock sys_clk_pin rise edge)
                                                     10.000    10.000 r  
    W5                                                0.000    10.000 r  clk (IN)
                         net (fo=0)                   0.000    10.000    clk
    W5                   IBUF (Prop_ibuf_I_O)         1.388    11.388 r  clk_IBUF_inst/O
                         net (fo=1, routed)           1.862    13.250    clk_IBUF
    BUFGCTRL_X0Y0        BUFG (Prop_bufg_I_O)         0.091    13.341 r  clk_IBUF_BUFG_inst/O
                         net (fo=52, routed)          1.516    14.857    u_debouncer2/CLK
    SLICE_X5Y42          FDCE                                         r  u_debouncer2/r_clean_btn_reg/C
                         clock pessimism              0.273    15.130    
                         clock uncertainty           -0.035    15.095    
    SLICE_X5Y42          FDCE (Setup_fdce_C_CE)      -0.205    14.890    u_debouncer2/r_clean_btn_reg
  -------------------------------------------------------------------
                         required time                         14.890    
                         arrival time                          -8.386    
  -------------------------------------------------------------------
                         slack                                  6.504    

Slack (MET) :             6.516ns  (required time - arrival time)
  Source:                 u_debouncer1/r_counter_reg[1]/C
                            (rising edge-triggered cell FDCE clocked by sys_clk_pin  {rise@0.000ns fall@5.000ns period=10.000ns})
  Destination:            u_debouncer1/r_counter_reg[15]/D
                            (rising edge-triggered cell FDCE clocked by sys_clk_pin  {rise@0.000ns fall@5.000ns period=10.000ns})
  Path Group:             sys_clk_pin
  Path Type:              Setup (Max at Slow Process Corner)
  Requirement:            10.000ns  (sys_clk_pin rise@10.000ns - sys_clk_pin rise@0.000ns)
  Data Path Delay:        3.453ns  (logic 1.943ns (56.262%)  route 1.510ns (43.738%))
  Logic Levels:           5  (CARRY4=4 LUT6=1)
  Clock Path Skew:        -0.024ns (DCD - SCD + CPR)
    Destination Clock Delay (DCD):    4.860ns = ( 14.860 - 10.000 ) 
    Source Clock Delay      (SCD):    5.158ns
    Clock Pessimism Removal (CPR):    0.274ns
  Clock Uncertainty:      0.035ns  ((TSJ^2 + TIJ^2)^1/2 + DJ) / 2 + PE
    Total System Jitter     (TSJ):    0.071ns
    Total Input Jitter      (TIJ):    0.000ns
    Discrete Jitter          (DJ):    0.000ns
    Phase Error              (PE):    0.000ns

    Location             Delay type                Incr(ns)  Path(ns)    Netlist Resource(s)
  -------------------------------------------------------------------    -------------------
                         (clock sys_clk_pin rise edge)
                                                      0.000     0.000 r  
    W5                                                0.000     0.000 r  clk (IN)
                         net (fo=0)                   0.000     0.000    clk
    W5                   IBUF (Prop_ibuf_I_O)         1.458     1.458 r  clk_IBUF_inst/O
                         net (fo=1, routed)           1.967     3.425    clk_IBUF
    BUFGCTRL_X0Y0        BUFG (Prop_bufg_I_O)         0.096     3.521 r  clk_IBUF_BUFG_inst/O
                         net (fo=52, routed)          1.637     5.158    u_debouncer1/CLK
    SLICE_X2Y42          FDCE                                         r  u_debouncer1/r_counter_reg[1]/C
  -------------------------------------------------------------------    -------------------
    SLICE_X2Y42          FDCE (Prop_fdce_C_Q)         0.518     5.676 r  u_debouncer1/r_counter_reg[1]/Q
                         net (fo=2, routed)           0.576     6.252    u_debouncer1/r_counter[1]
    SLICE_X1Y42          CARRY4 (Prop_carry4_S[0]_CO[3])
                                                      0.656     6.908 r  u_debouncer1/r_counter0_carry/CO[3]
                         net (fo=1, routed)           0.000     6.908    u_debouncer1/r_counter0_carry_n_0
    SLICE_X1Y43          CARRY4 (Prop_carry4_CI_CO[3])
                                                      0.114     7.022 r  u_debouncer1/r_counter0_carry__0/CO[3]
                         net (fo=1, routed)           0.000     7.022    u_debouncer1/r_counter0_carry__0_n_0
    SLICE_X1Y44          CARRY4 (Prop_carry4_CI_CO[3])
                                                      0.114     7.136 r  u_debouncer1/r_counter0_carry__1/CO[3]
                         net (fo=1, routed)           0.000     7.136    u_debouncer1/r_counter0_carry__1_n_0
    SLICE_X1Y45          CARRY4 (Prop_carry4_CI_O[2])
                                                      0.239     7.375 r  u_debouncer1/r_counter0_carry__2/O[2]
                         net (fo=1, routed)           0.934     8.310    u_debouncer1/r_counter0[15]
    SLICE_X3Y44          LUT6 (Prop_lut6_I5_O)        0.302     8.612 r  u_debouncer1/r_counter[15]_i_1/O
                         net (fo=1, routed)           0.000     8.612    u_debouncer1/r_counter[15]_i_1_n_0
    SLICE_X3Y44          FDCE                                         r  u_debouncer1/r_counter_reg[15]/D
  -------------------------------------------------------------------    -------------------

                         (clock sys_clk_pin rise edge)
                                                     10.000    10.000 r  
    W5                                                0.000    10.000 r  clk (IN)
                         net (fo=0)                   0.000    10.000    clk
    W5                   IBUF (Prop_ibuf_I_O)         1.388    11.388 r  clk_IBUF_inst/O
                         net (fo=1, routed)           1.862    13.250    clk_IBUF
    BUFGCTRL_X0Y0        BUFG (Prop_bufg_I_O)         0.091    13.341 r  clk_IBUF_BUFG_inst/O
                         net (fo=52, routed)          1.519    14.860    u_debouncer1/CLK
    SLICE_X3Y44          FDCE                                         r  u_debouncer1/r_counter_reg[15]/C
                         clock pessimism              0.274    15.134    
                         clock uncertainty           -0.035    15.099    
    SLICE_X3Y44          FDCE (Setup_fdce_C_D)        0.029    15.128    u_debouncer1/r_counter_reg[15]
  -------------------------------------------------------------------
                         required time                         15.128    
                         arrival time                          -8.612    
  -------------------------------------------------------------------
                         slack                                  6.516    

Slack (MET) :             6.535ns  (required time - arrival time)
  Source:                 u_debouncer2/r_counter_reg[0]/C
                            (rising edge-triggered cell FDCE clocked by sys_clk_pin  {rise@0.000ns fall@5.000ns period=10.000ns})
  Destination:            u_debouncer2/r_counter_reg[15]/D
                            (rising edge-triggered cell FDCE clocked by sys_clk_pin  {rise@0.000ns fall@5.000ns period=10.000ns})
  Path Group:             sys_clk_pin
  Path Type:              Setup (Max at Slow Process Corner)
  Requirement:            10.000ns  (sys_clk_pin rise@10.000ns - sys_clk_pin rise@0.000ns)
  Data Path Delay:        3.436ns  (logic 0.828ns (24.094%)  route 2.608ns (75.906%))
  Logic Levels:           3  (LUT5=1 LUT6=2)
  Clock Path Skew:        -0.024ns (DCD - SCD + CPR)
    Destination Clock Delay (DCD):    4.858ns = ( 14.858 - 10.000 ) 
    Source Clock Delay      (SCD):    5.155ns
    Clock Pessimism Removal (CPR):    0.273ns
  Clock Uncertainty:      0.035ns  ((TSJ^2 + TIJ^2)^1/2 + DJ) / 2 + PE
    Total System Jitter     (TSJ):    0.071ns
    Total Input Jitter      (TIJ):    0.000ns
    Discrete Jitter          (DJ):    0.000ns
    Phase Error              (PE):    0.000ns

    Location             Delay type                Incr(ns)  Path(ns)    Netlist Resource(s)
  -------------------------------------------------------------------    -------------------
                         (clock sys_clk_pin rise edge)
                                                      0.000     0.000 r  
    W5                                                0.000     0.000 r  clk (IN)
                         net (fo=0)                   0.000     0.000    clk
    W5                   IBUF (Prop_ibuf_I_O)         1.458     1.458 r  clk_IBUF_inst/O
                         net (fo=1, routed)           1.967     3.425    clk_IBUF
    BUFGCTRL_X0Y0        BUFG (Prop_bufg_I_O)         0.096     3.521 r  clk_IBUF_BUFG_inst/O
                         net (fo=52, routed)          1.634     5.155    u_debouncer2/CLK
    SLICE_X7Y41          FDCE                                         r  u_debouncer2/r_counter_reg[0]/C
  -------------------------------------------------------------------    -------------------
    SLICE_X7Y41          FDCE (Prop_fdce_C_Q)         0.456     5.611 f  u_debouncer2/r_counter_reg[0]/Q
                         net (fo=3, routed)           0.833     6.444    u_debouncer2/r_counter_reg_n_0_[0]
    SLICE_X7Y42          LUT5 (Prop_lut5_I2_O)        0.124     6.568 r  u_debouncer2/r_clean_btn_i_5__0/O
                         net (fo=1, routed)           0.797     7.365    u_debouncer2/r_clean_btn_i_5__0_n_0
    SLICE_X7Y43          LUT6 (Prop_lut6_I4_O)        0.124     7.489 r  u_debouncer2/r_clean_btn_i_3__0/O
                         net (fo=18, routed)          0.978     8.468    u_debouncer2/r_clean_btn_i_3__0_n_0
    SLICE_X7Y45          LUT6 (Prop_lut6_I1_O)        0.124     8.592 r  u_debouncer2/r_counter[15]_i_1__0/O
                         net (fo=1, routed)           0.000     8.592    u_debouncer2/r_counter[15]_i_1__0_n_0
    SLICE_X7Y45          FDCE                                         r  u_debouncer2/r_counter_reg[15]/D
  -------------------------------------------------------------------    -------------------

                         (clock sys_clk_pin rise edge)
                                                     10.000    10.000 r  
    W5                                                0.000    10.000 r  clk (IN)
                         net (fo=0)                   0.000    10.000    clk
    W5                   IBUF (Prop_ibuf_I_O)         1.388    11.388 r  clk_IBUF_inst/O
                         net (fo=1, routed)           1.862    13.250    clk_IBUF
    BUFGCTRL_X0Y0        BUFG (Prop_bufg_I_O)         0.091    13.341 r  clk_IBUF_BUFG_inst/O
                         net (fo=52, routed)          1.517    14.858    u_debouncer2/CLK
    SLICE_X7Y45          FDCE                                         r  u_debouncer2/r_counter_reg[15]/C
                         clock pessimism              0.273    15.131    
                         clock uncertainty           -0.035    15.096    
    SLICE_X7Y45          FDCE (Setup_fdce_C_D)        0.031    15.127    u_debouncer2/r_counter_reg[15]
  -------------------------------------------------------------------
                         required time                         15.127    
                         arrival time                          -8.592    
  -------------------------------------------------------------------
                         slack                                  6.535    

Slack (MET) :             6.544ns  (required time - arrival time)
  Source:                 u_debouncer1/r_counter_reg[1]/C
                            (rising edge-triggered cell FDCE clocked by sys_clk_pin  {rise@0.000ns fall@5.000ns period=10.000ns})
  Destination:            u_debouncer1/r_counter_reg[10]/D
                            (rising edge-triggered cell FDCE clocked by sys_clk_pin  {rise@0.000ns fall@5.000ns period=10.000ns})
  Path Group:             sys_clk_pin
  Path Type:              Setup (Max at Slow Process Corner)
  Requirement:            10.000ns  (sys_clk_pin rise@10.000ns - sys_clk_pin rise@0.000ns)
  Data Path Delay:        3.474ns  (logic 1.925ns (55.410%)  route 1.549ns (44.590%))
  Logic Levels:           4  (CARRY4=3 LUT6=1)
  Clock Path Skew:        -0.024ns (DCD - SCD + CPR)
    Destination Clock Delay (DCD):    4.860ns = ( 14.860 - 10.000 ) 
    Source Clock Delay      (SCD):    5.158ns
    Clock Pessimism Removal (CPR):    0.274ns
  Clock Uncertainty:      0.035ns  ((TSJ^2 + TIJ^2)^1/2 + DJ) / 2 + PE
    Total System Jitter     (TSJ):    0.071ns
    Total Input Jitter      (TIJ):    0.000ns
    Discrete Jitter          (DJ):    0.000ns
    Phase Error              (PE):    0.000ns

    Location             Delay type                Incr(ns)  Path(ns)    Netlist Resource(s)
  -------------------------------------------------------------------    -------------------
                         (clock sys_clk_pin rise edge)
                                                      0.000     0.000 r  
    W5                                                0.000     0.000 r  clk (IN)
                         net (fo=0)                   0.000     0.000    clk
    W5                   IBUF (Prop_ibuf_I_O)         1.458     1.458 r  clk_IBUF_inst/O
                         net (fo=1, routed)           1.967     3.425    clk_IBUF
    BUFGCTRL_X0Y0        BUFG (Prop_bufg_I_O)         0.096     3.521 r  clk_IBUF_BUFG_inst/O
                         net (fo=52, routed)          1.637     5.158    u_debouncer1/CLK
    SLICE_X2Y42          FDCE                                         r  u_debouncer1/r_counter_reg[1]/C
  -------------------------------------------------------------------    -------------------
    SLICE_X2Y42          FDCE (Prop_fdce_C_Q)         0.518     5.676 r  u_debouncer1/r_counter_reg[1]/Q
                         net (fo=2, routed)           0.576     6.252    u_debouncer1/r_counter[1]
    SLICE_X1Y42          CARRY4 (Prop_carry4_S[0]_CO[3])
                                                      0.656     6.908 r  u_debouncer1/r_counter0_carry/CO[3]
                         net (fo=1, routed)           0.000     6.908    u_debouncer1/r_counter0_carry_n_0
    SLICE_X1Y43          CARRY4 (Prop_carry4_CI_CO[3])
                                                      0.114     7.022 r  u_debouncer1/r_counter0_carry__0/CO[3]
                         net (fo=1, routed)           0.000     7.022    u_debouncer1/r_counter0_carry__0_n_0
    SLICE_X1Y44          CARRY4 (Prop_carry4_CI_O[1])
                                                      0.334     7.356 r  u_debouncer1/r_counter0_carry__1/O[1]
                         net (fo=1, routed)           0.973     8.329    u_debouncer1/r_counter0[10]
    SLICE_X2Y44          LUT6 (Prop_lut6_I5_O)        0.303     8.632 r  u_debouncer1/r_counter[10]_i_1/O
                         net (fo=1, routed)           0.000     8.632    u_debouncer1/r_counter[10]_i_1_n_0
    SLICE_X2Y44          FDCE                                         r  u_debouncer1/r_counter_reg[10]/D
  -------------------------------------------------------------------    -------------------

                         (clock sys_clk_pin rise edge)
                                                     10.000    10.000 r  
    W5                                                0.000    10.000 r  clk (IN)
                         net (fo=0)                   0.000    10.000    clk
    W5                   IBUF (Prop_ibuf_I_O)         1.388    11.388 r  clk_IBUF_inst/O
                         net (fo=1, routed)           1.862    13.250    clk_IBUF
    BUFGCTRL_X0Y0        BUFG (Prop_bufg_I_O)         0.091    13.341 r  clk_IBUF_BUFG_inst/O
                         net (fo=52, routed)          1.519    14.860    u_debouncer1/CLK
    SLICE_X2Y44          FDCE                                         r  u_debouncer1/r_counter_reg[10]/C
                         clock pessimism              0.274    15.134    
                         clock uncertainty           -0.035    15.099    
    SLICE_X2Y44          FDCE (Setup_fdce_C_D)        0.077    15.176    u_debouncer1/r_counter_reg[10]
  -------------------------------------------------------------------
                         required time                         15.176    
                         arrival time                          -8.632    
  -------------------------------------------------------------------
                         slack                                  6.544    

Slack (MET) :             6.566ns  (required time - arrival time)
  Source:                 u_debouncer2/r_counter_reg[2]/C
                            (rising edge-triggered cell FDCE clocked by sys_clk_pin  {rise@0.000ns fall@5.000ns period=10.000ns})
  Destination:            u_debouncer2/r_counter_reg[10]/D
                            (rising edge-triggered cell FDCE clocked by sys_clk_pin  {rise@0.000ns fall@5.000ns period=10.000ns})
  Path Group:             sys_clk_pin
  Path Type:              Setup (Max at Slow Process Corner)
  Requirement:            10.000ns  (sys_clk_pin rise@10.000ns - sys_clk_pin rise@0.000ns)
  Data Path Delay:        3.404ns  (logic 1.859ns (54.619%)  route 1.545ns (45.381%))
  Logic Levels:           4  (CARRY4=3 LUT6=1)
  Clock Path Skew:        -0.024ns (DCD - SCD + CPR)
    Destination Clock Delay (DCD):    4.858ns = ( 14.858 - 10.000 ) 
    Source Clock Delay      (SCD):    5.155ns
    Clock Pessimism Removal (CPR):    0.273ns
  Clock Uncertainty:      0.035ns  ((TSJ^2 + TIJ^2)^1/2 + DJ) / 2 + PE
    Total System Jitter     (TSJ):    0.071ns
    Total Input Jitter      (TIJ):    0.000ns
    Discrete Jitter          (DJ):    0.000ns
    Phase Error              (PE):    0.000ns

    Location             Delay type                Incr(ns)  Path(ns)    Netlist Resource(s)
  -------------------------------------------------------------------    -------------------
                         (clock sys_clk_pin rise edge)
                                                      0.000     0.000 r  
    W5                                                0.000     0.000 r  clk (IN)
                         net (fo=0)                   0.000     0.000    clk
    W5                   IBUF (Prop_ibuf_I_O)         1.458     1.458 r  clk_IBUF_inst/O
                         net (fo=1, routed)           1.967     3.425    clk_IBUF
    BUFGCTRL_X0Y0        BUFG (Prop_bufg_I_O)         0.096     3.521 r  clk_IBUF_BUFG_inst/O
                         net (fo=52, routed)          1.634     5.155    u_debouncer2/CLK
    SLICE_X7Y42          FDCE                                         r  u_debouncer2/r_counter_reg[2]/C
  -------------------------------------------------------------------    -------------------
    SLICE_X7Y42          FDCE (Prop_fdce_C_Q)         0.456     5.611 r  u_debouncer2/r_counter_reg[2]/Q
                         net (fo=2, routed)           0.741     6.353    u_debouncer2/r_counter_reg_n_0_[2]
    SLICE_X6Y42          CARRY4 (Prop_carry4_S[1]_CO[3])
                                                      0.657     7.010 r  u_debouncer2/r_counter0_carry/CO[3]
                         net (fo=1, routed)           0.000     7.010    u_debouncer2/r_counter0_carry_n_0
    SLICE_X6Y43          CARRY4 (Prop_carry4_CI_CO[3])
                                                      0.117     7.127 r  u_debouncer2/r_counter0_carry__0/CO[3]
                         net (fo=1, routed)           0.000     7.127    u_debouncer2/r_counter0_carry__0_n_0
    SLICE_X6Y44          CARRY4 (Prop_carry4_CI_O[1])
                                                      0.323     7.450 r  u_debouncer2/r_counter0_carry__1/O[1]
                         net (fo=1, routed)           0.803     8.253    u_debouncer2/r_counter0_carry__1_n_6
    SLICE_X5Y44          LUT6 (Prop_lut6_I5_O)        0.306     8.559 r  u_debouncer2/r_counter[10]_i_1__0/O
                         net (fo=1, routed)           0.000     8.559    u_debouncer2/r_counter[10]_i_1__0_n_0
    SLICE_X5Y44          FDCE                                         r  u_debouncer2/r_counter_reg[10]/D
  -------------------------------------------------------------------    -------------------

                         (clock sys_clk_pin rise edge)
                                                     10.000    10.000 r  
    W5                                                0.000    10.000 r  clk (IN)
                         net (fo=0)                   0.000    10.000    clk
    W5                   IBUF (Prop_ibuf_I_O)         1.388    11.388 r  clk_IBUF_inst/O
                         net (fo=1, routed)           1.862    13.250    clk_IBUF
    BUFGCTRL_X0Y0        BUFG (Prop_bufg_I_O)         0.091    13.341 r  clk_IBUF_BUFG_inst/O
                         net (fo=52, routed)          1.517    14.858    u_debouncer2/CLK
    SLICE_X5Y44          FDCE                                         r  u_debouncer2/r_counter_reg[10]/C
                         clock pessimism              0.273    15.131    
                         clock uncertainty           -0.035    15.096    
    SLICE_X5Y44          FDCE (Setup_fdce_C_D)        0.029    15.125    u_debouncer2/r_counter_reg[10]
  -------------------------------------------------------------------
                         required time                         15.125    
                         arrival time                          -8.559    
  -------------------------------------------------------------------
                         slack                                  6.566    

Slack (MET) :             6.625ns  (required time - arrival time)
  Source:                 u_debouncer2/r_counter_reg[0]/C
                            (rising edge-triggered cell FDCE clocked by sys_clk_pin  {rise@0.000ns fall@5.000ns period=10.000ns})
  Destination:            u_debouncer2/r_counter_reg[14]/D
                            (rising edge-triggered cell FDCE clocked by sys_clk_pin  {rise@0.000ns fall@5.000ns period=10.000ns})
  Path Group:             sys_clk_pin
  Path Type:              Setup (Max at Slow Process Corner)
  Requirement:            10.000ns  (sys_clk_pin rise@10.000ns - sys_clk_pin rise@0.000ns)
  Data Path Delay:        3.346ns  (logic 0.828ns (24.743%)  route 2.518ns (75.257%))
  Logic Levels:           3  (LUT5=1 LUT6=2)
  Clock Path Skew:        -0.024ns (DCD - SCD + CPR)
    Destination Clock Delay (DCD):    4.858ns = ( 14.858 - 10.000 ) 
    Source Clock Delay      (SCD):    5.155ns
    Clock Pessimism Removal (CPR):    0.273ns
  Clock Uncertainty:      0.035ns  ((TSJ^2 + TIJ^2)^1/2 + DJ) / 2 + PE
    Total System Jitter     (TSJ):    0.071ns
    Total Input Jitter      (TIJ):    0.000ns
    Discrete Jitter          (DJ):    0.000ns
    Phase Error              (PE):    0.000ns

    Location             Delay type                Incr(ns)  Path(ns)    Netlist Resource(s)
  -------------------------------------------------------------------    -------------------
                         (clock sys_clk_pin rise edge)
                                                      0.000     0.000 r  
    W5                                                0.000     0.000 r  clk (IN)
                         net (fo=0)                   0.000     0.000    clk
    W5                   IBUF (Prop_ibuf_I_O)         1.458     1.458 r  clk_IBUF_inst/O
                         net (fo=1, routed)           1.967     3.425    clk_IBUF
    BUFGCTRL_X0Y0        BUFG (Prop_bufg_I_O)         0.096     3.521 r  clk_IBUF_BUFG_inst/O
                         net (fo=52, routed)          1.634     5.155    u_debouncer2/CLK
    SLICE_X7Y41          FDCE                                         r  u_debouncer2/r_counter_reg[0]/C
  -------------------------------------------------------------------    -------------------
    SLICE_X7Y41          FDCE (Prop_fdce_C_Q)         0.456     5.611 f  u_debouncer2/r_counter_reg[0]/Q
                         net (fo=3, routed)           0.833     6.444    u_debouncer2/r_counter_reg_n_0_[0]
    SLICE_X7Y42          LUT5 (Prop_lut5_I2_O)        0.124     6.568 r  u_debouncer2/r_clean_btn_i_5__0/O
                         net (fo=1, routed)           0.797     7.365    u_debouncer2/r_clean_btn_i_5__0_n_0
    SLICE_X7Y43          LUT6 (Prop_lut6_I4_O)        0.124     7.489 r  u_debouncer2/r_clean_btn_i_3__0/O
                         net (fo=18, routed)          0.888     8.378    u_debouncer2/r_clean_btn_i_3__0_n_0
    SLICE_X7Y45          LUT6 (Prop_lut6_I1_O)        0.124     8.502 r  u_debouncer2/r_counter[14]_i_1__0/O
                         net (fo=1, routed)           0.000     8.502    u_debouncer2/r_counter[14]_i_1__0_n_0
    SLICE_X7Y45          FDCE                                         r  u_debouncer2/r_counter_reg[14]/D
  -------------------------------------------------------------------    -------------------

                         (clock sys_clk_pin rise edge)
                                                     10.000    10.000 r  
    W5                                                0.000    10.000 r  clk (IN)
                         net (fo=0)                   0.000    10.000    clk
    W5                   IBUF (Prop_ibuf_I_O)         1.388    11.388 r  clk_IBUF_inst/O
                         net (fo=1, routed)           1.862    13.250    clk_IBUF
    BUFGCTRL_X0Y0        BUFG (Prop_bufg_I_O)         0.091    13.341 r  clk_IBUF_BUFG_inst/O
                         net (fo=52, routed)          1.517    14.858    u_debouncer2/CLK
    SLICE_X7Y45          FDCE                                         r  u_debouncer2/r_counter_reg[14]/C
                         clock pessimism              0.273    15.131    
                         clock uncertainty           -0.035    15.096    
    SLICE_X7Y45          FDCE (Setup_fdce_C_D)        0.031    15.127    u_debouncer2/r_counter_reg[14]
  -------------------------------------------------------------------
                         required time                         15.127    
                         arrival time                          -8.502    
  -------------------------------------------------------------------
                         slack                                  6.625    

Slack (MET) :             6.652ns  (required time - arrival time)
  Source:                 u_debouncer1/r_counter_reg[1]/C
                            (rising edge-triggered cell FDCE clocked by sys_clk_pin  {rise@0.000ns fall@5.000ns period=10.000ns})
  Destination:            u_debouncer1/r_counter_reg[13]/D
                            (rising edge-triggered cell FDCE clocked by sys_clk_pin  {rise@0.000ns fall@5.000ns period=10.000ns})
  Path Group:             sys_clk_pin
  Path Type:              Setup (Max at Slow Process Corner)
  Requirement:            10.000ns  (sys_clk_pin rise@10.000ns - sys_clk_pin rise@0.000ns)
  Data Path Delay:        3.320ns  (logic 1.923ns (57.925%)  route 1.397ns (42.075%))
  Logic Levels:           5  (CARRY4=4 LUT6=1)
  Clock Path Skew:        -0.024ns (DCD - SCD + CPR)
    Destination Clock Delay (DCD):    4.860ns = ( 14.860 - 10.000 ) 
    Source Clock Delay      (SCD):    5.158ns
    Clock Pessimism Removal (CPR):    0.274ns
  Clock Uncertainty:      0.035ns  ((TSJ^2 + TIJ^2)^1/2 + DJ) / 2 + PE
    Total System Jitter     (TSJ):    0.071ns
    Total Input Jitter      (TIJ):    0.000ns
    Discrete Jitter          (DJ):    0.000ns
    Phase Error              (PE):    0.000ns

    Location             Delay type                Incr(ns)  Path(ns)    Netlist Resource(s)
  -------------------------------------------------------------------    -------------------
                         (clock sys_clk_pin rise edge)
                                                      0.000     0.000 r  
    W5                                                0.000     0.000 r  clk (IN)
                         net (fo=0)                   0.000     0.000    clk
    W5                   IBUF (Prop_ibuf_I_O)         1.458     1.458 r  clk_IBUF_inst/O
                         net (fo=1, routed)           1.967     3.425    clk_IBUF
    BUFGCTRL_X0Y0        BUFG (Prop_bufg_I_O)         0.096     3.521 r  clk_IBUF_BUFG_inst/O
                         net (fo=52, routed)          1.637     5.158    u_debouncer1/CLK
    SLICE_X2Y42          FDCE                                         r  u_debouncer1/r_counter_reg[1]/C
  -------------------------------------------------------------------    -------------------
    SLICE_X2Y42          FDCE (Prop_fdce_C_Q)         0.518     5.676 r  u_debouncer1/r_counter_reg[1]/Q
                         net (fo=2, routed)           0.576     6.252    u_debouncer1/r_counter[1]
    SLICE_X1Y42          CARRY4 (Prop_carry4_S[0]_CO[3])
                                                      0.656     6.908 r  u_debouncer1/r_counter0_carry/CO[3]
                         net (fo=1, routed)           0.000     6.908    u_debouncer1/r_counter0_carry_n_0
    SLICE_X1Y43          CARRY4 (Prop_carry4_CI_CO[3])
                                                      0.114     7.022 r  u_debouncer1/r_counter0_carry__0/CO[3]
                         net (fo=1, routed)           0.000     7.022    u_debouncer1/r_counter0_carry__0_n_0
    SLICE_X1Y44          CARRY4 (Prop_carry4_CI_CO[3])
                                                      0.114     7.136 r  u_debouncer1/r_counter0_carry__1/CO[3]
                         net (fo=1, routed)           0.000     7.136    u_debouncer1/r_counter0_carry__1_n_0
    SLICE_X1Y45          CARRY4 (Prop_carry4_CI_O[0])
                                                      0.222     7.358 r  u_debouncer1/r_counter0_carry__2/O[0]
                         net (fo=1, routed)           0.821     8.179    u_debouncer1/r_counter0[13]
    SLICE_X0Y44          LUT6 (Prop_lut6_I5_O)        0.299     8.478 r  u_debouncer1/r_counter[13]_i_1/O
                         net (fo=1, routed)           0.000     8.478    u_debouncer1/r_counter[13]_i_1_n_0
    SLICE_X0Y44          FDCE                                         r  u_debouncer1/r_counter_reg[13]/D
  -------------------------------------------------------------------    -------------------

                         (clock sys_clk_pin rise edge)
                                                     10.000    10.000 r  
    W5                                                0.000    10.000 r  clk (IN)
                         net (fo=0)                   0.000    10.000    clk
    W5                   IBUF (Prop_ibuf_I_O)         1.388    11.388 r  clk_IBUF_inst/O
                         net (fo=1, routed)           1.862    13.250    clk_IBUF
    BUFGCTRL_X0Y0        BUFG (Prop_bufg_I_O)         0.091    13.341 r  clk_IBUF_BUFG_inst/O
                         net (fo=52, routed)          1.519    14.860    u_debouncer1/CLK
    SLICE_X0Y44          FDCE                                         r  u_debouncer1/r_counter_reg[13]/C
                         clock pessimism              0.274    15.134    
                         clock uncertainty           -0.035    15.099    
    SLICE_X0Y44          FDCE (Setup_fdce_C_D)        0.031    15.130    u_debouncer1/r_counter_reg[13]
  -------------------------------------------------------------------
                         required time                         15.130    
                         arrival time                          -8.478    
  -------------------------------------------------------------------
                         slack                                  6.652    

Slack (MET) :             6.671ns  (required time - arrival time)
  Source:                 u_debouncer2/r_counter_reg[2]/C
                            (rising edge-triggered cell FDCE clocked by sys_clk_pin  {rise@0.000ns fall@5.000ns period=10.000ns})
  Destination:            u_debouncer2/r_counter_reg[16]/D
                            (rising edge-triggered cell FDCE clocked by sys_clk_pin  {rise@0.000ns fall@5.000ns period=10.000ns})
  Path Group:             sys_clk_pin
  Path Type:              Setup (Max at Slow Process Corner)
  Requirement:            10.000ns  (sys_clk_pin rise@10.000ns - sys_clk_pin rise@0.000ns)
  Data Path Delay:        3.302ns  (logic 1.969ns (59.629%)  route 1.333ns (40.371%))
  Logic Levels:           5  (CARRY4=4 LUT6=1)
  Clock Path Skew:        -0.024ns (DCD - SCD + CPR)
    Destination Clock Delay (DCD):    4.858ns = ( 14.858 - 10.000 ) 
    Source Clock Delay      (SCD):    5.155ns
    Clock Pessimism Removal (CPR):    0.273ns
  Clock Uncertainty:      0.035ns  ((TSJ^2 + TIJ^2)^1/2 + DJ) / 2 + PE
    Total System Jitter     (TSJ):    0.071ns
    Total Input Jitter      (TIJ):    0.000ns
    Discrete Jitter          (DJ):    0.000ns
    Phase Error              (PE):    0.000ns

    Location             Delay type                Incr(ns)  Path(ns)    Netlist Resource(s)
  -------------------------------------------------------------------    -------------------
                         (clock sys_clk_pin rise edge)
                                                      0.000     0.000 r  
    W5                                                0.000     0.000 r  clk (IN)
                         net (fo=0)                   0.000     0.000    clk
    W5                   IBUF (Prop_ibuf_I_O)         1.458     1.458 r  clk_IBUF_inst/O
                         net (fo=1, routed)           1.967     3.425    clk_IBUF
    BUFGCTRL_X0Y0        BUFG (Prop_bufg_I_O)         0.096     3.521 r  clk_IBUF_BUFG_inst/O
                         net (fo=52, routed)          1.634     5.155    u_debouncer2/CLK
    SLICE_X7Y42          FDCE                                         r  u_debouncer2/r_counter_reg[2]/C
  -------------------------------------------------------------------    -------------------
    SLICE_X7Y42          FDCE (Prop_fdce_C_Q)         0.456     5.611 r  u_debouncer2/r_counter_reg[2]/Q
                         net (fo=2, routed)           0.741     6.353    u_debouncer2/r_counter_reg_n_0_[2]
    SLICE_X6Y42          CARRY4 (Prop_carry4_S[1]_CO[3])
                                                      0.657     7.010 r  u_debouncer2/r_counter0_carry/CO[3]
                         net (fo=1, routed)           0.000     7.010    u_debouncer2/r_counter0_carry_n_0
    SLICE_X6Y43          CARRY4 (Prop_carry4_CI_CO[3])
                                                      0.117     7.127 r  u_debouncer2/r_counter0_carry__0/CO[3]
                         net (fo=1, routed)           0.000     7.127    u_debouncer2/r_counter0_carry__0_n_0
    SLICE_X6Y44          CARRY4 (Prop_carry4_CI_CO[3])
                                                      0.117     7.244 r  u_debouncer2/r_counter0_carry__1/CO[3]
                         net (fo=1, routed)           0.000     7.244    u_debouncer2/r_counter0_carry__1_n_0
    SLICE_X6Y45          CARRY4 (Prop_carry4_CI_O[3])
                                                      0.315     7.559 r  u_debouncer2/r_counter0_carry__2/O[3]
                         net (fo=1, routed)           0.592     8.150    u_debouncer2/r_counter0_carry__2_n_4
    SLICE_X7Y45          LUT6 (Prop_lut6_I5_O)        0.307     8.457 r  u_debouncer2/r_counter[16]_i_1__0/O
                         net (fo=1, routed)           0.000     8.457    u_debouncer2/r_counter[16]_i_1__0_n_0
    SLICE_X7Y45          FDCE                                         r  u_debouncer2/r_counter_reg[16]/D
  -------------------------------------------------------------------    -------------------

                         (clock sys_clk_pin rise edge)
                                                     10.000    10.000 r  
    W5                                                0.000    10.000 r  clk (IN)
                         net (fo=0)                   0.000    10.000    clk
    W5                   IBUF (Prop_ibuf_I_O)         1.388    11.388 r  clk_IBUF_inst/O
                         net (fo=1, routed)           1.862    13.250    clk_IBUF
    BUFGCTRL_X0Y0        BUFG (Prop_bufg_I_O)         0.091    13.341 r  clk_IBUF_BUFG_inst/O
                         net (fo=52, routed)          1.517    14.858    u_debouncer2/CLK
    SLICE_X7Y45          FDCE                                         r  u_debouncer2/r_counter_reg[16]/C
                         clock pessimism              0.273    15.131    
                         clock uncertainty           -0.035    15.096    
    SLICE_X7Y45          FDCE (Setup_fdce_C_D)        0.032    15.128    u_debouncer2/r_counter_reg[16]
  -------------------------------------------------------------------
                         required time                         15.128    
                         arrival time                          -8.457    
  -------------------------------------------------------------------
                         slack                                  6.671    

Slack (MET) :             6.690ns  (required time - arrival time)
  Source:                 u_debouncer2/r_counter_reg[2]/C
                            (rising edge-triggered cell FDCE clocked by sys_clk_pin  {rise@0.000ns fall@5.000ns period=10.000ns})
  Destination:            u_debouncer2/r_counter_reg[8]/D
                            (rising edge-triggered cell FDCE clocked by sys_clk_pin  {rise@0.000ns fall@5.000ns period=10.000ns})
  Path Group:             sys_clk_pin
  Path Type:              Setup (Max at Slow Process Corner)
  Requirement:            10.000ns  (sys_clk_pin rise@10.000ns - sys_clk_pin rise@0.000ns)
  Data Path Delay:        3.280ns  (logic 1.735ns (52.888%)  route 1.545ns (47.112%))
  Logic Levels:           3  (CARRY4=2 LUT6=1)
  Clock Path Skew:        -0.025ns (DCD - SCD + CPR)
    Destination Clock Delay (DCD):    4.857ns = ( 14.857 - 10.000 ) 
    Source Clock Delay      (SCD):    5.155ns
    Clock Pessimism Removal (CPR):    0.273ns
  Clock Uncertainty:      0.035ns  ((TSJ^2 + TIJ^2)^1/2 + DJ) / 2 + PE
    Total System Jitter     (TSJ):    0.071ns
    Total Input Jitter      (TIJ):    0.000ns
    Discrete Jitter          (DJ):    0.000ns
    Phase Error              (PE):    0.000ns

    Location             Delay type                Incr(ns)  Path(ns)    Netlist Resource(s)
  -------------------------------------------------------------------    -------------------
                         (clock sys_clk_pin rise edge)
                                                      0.000     0.000 r  
    W5                                                0.000     0.000 r  clk (IN)
                         net (fo=0)                   0.000     0.000    clk
    W5                   IBUF (Prop_ibuf_I_O)         1.458     1.458 r  clk_IBUF_inst/O
                         net (fo=1, routed)           1.967     3.425    clk_IBUF
    BUFGCTRL_X0Y0        BUFG (Prop_bufg_I_O)         0.096     3.521 r  clk_IBUF_BUFG_inst/O
                         net (fo=52, routed)          1.634     5.155    u_debouncer2/CLK
    SLICE_X7Y42          FDCE                                         r  u_debouncer2/r_counter_reg[2]/C
  -------------------------------------------------------------------    -------------------
    SLICE_X7Y42          FDCE (Prop_fdce_C_Q)         0.456     5.611 r  u_debouncer2/r_counter_reg[2]/Q
                         net (fo=2, routed)           0.741     6.353    u_debouncer2/r_counter_reg_n_0_[2]
    SLICE_X6Y42          CARRY4 (Prop_carry4_S[1]_CO[3])
                                                      0.657     7.010 r  u_debouncer2/r_counter0_carry/CO[3]
                         net (fo=1, routed)           0.000     7.010    u_debouncer2/r_counter0_carry_n_0
    SLICE_X6Y43          CARRY4 (Prop_carry4_CI_O[3])
                                                      0.315     7.325 r  u_debouncer2/r_counter0_carry__0/O[3]
                         net (fo=1, routed)           0.804     8.129    u_debouncer2/r_counter0_carry__0_n_4
    SLICE_X7Y41          LUT6 (Prop_lut6_I5_O)        0.307     8.436 r  u_debouncer2/r_counter[8]_i_1__0/O
                         net (fo=1, routed)           0.000     8.436    u_debouncer2/r_counter[8]_i_1__0_n_0
    SLICE_X7Y41          FDCE                                         r  u_debouncer2/r_counter_reg[8]/D
  -------------------------------------------------------------------    -------------------

                         (clock sys_clk_pin rise edge)
                                                     10.000    10.000 r  
    W5                                                0.000    10.000 r  clk (IN)
                         net (fo=0)                   0.000    10.000    clk
    W5                   IBUF (Prop_ibuf_I_O)         1.388    11.388 r  clk_IBUF_inst/O
                         net (fo=1, routed)           1.862    13.250    clk_IBUF
    BUFGCTRL_X0Y0        BUFG (Prop_bufg_I_O)         0.091    13.341 r  clk_IBUF_BUFG_inst/O
                         net (fo=52, routed)          1.516    14.857    u_debouncer2/CLK
    SLICE_X7Y41          FDCE                                         r  u_debouncer2/r_counter_reg[8]/C
                         clock pessimism              0.273    15.130    
                         clock uncertainty           -0.035    15.095    
    SLICE_X7Y41          FDCE (Setup_fdce_C_D)        0.031    15.126    u_debouncer2/r_counter_reg[8]
  -------------------------------------------------------------------
                         required time                         15.126    
                         arrival time                          -8.436    
  -------------------------------------------------------------------
                         slack                                  6.690    





Min Delay Paths
--------------------------------------------------------------------------------------
Slack (MET) :             0.180ns  (arrival time - required time)
  Source:                 u_debouncer1/r_counter_reg[15]/C
                            (rising edge-triggered cell FDCE clocked by sys_clk_pin  {rise@0.000ns fall@5.000ns period=10.000ns})
  Destination:            u_debouncer1/r_counter_reg[11]/D
                            (rising edge-triggered cell FDCE clocked by sys_clk_pin  {rise@0.000ns fall@5.000ns period=10.000ns})
  Path Group:             sys_clk_pin
  Path Type:              Hold (Min at Fast Process Corner)
  Requirement:            0.000ns  (sys_clk_pin rise@0.000ns - sys_clk_pin rise@0.000ns)
  Data Path Delay:        0.314ns  (logic 0.186ns (59.329%)  route 0.128ns (40.671%))
  Logic Levels:           1  (LUT6=1)
  Clock Path Skew:        0.013ns (DCD - SCD - CPR)
    Destination Clock Delay (DCD):    1.993ns
    Source Clock Delay      (SCD):    1.478ns
    Clock Pessimism Removal (CPR):    0.502ns

    Location             Delay type                Incr(ns)  Path(ns)    Netlist Resource(s)
  -------------------------------------------------------------------    -------------------
                         (clock sys_clk_pin rise edge)
                                                      0.000     0.000 r  
    W5                                                0.000     0.000 r  clk (IN)
                         net (fo=0)                   0.000     0.000    clk
    W5                   IBUF (Prop_ibuf_I_O)         0.226     0.226 r  clk_IBUF_inst/O
                         net (fo=1, routed)           0.631     0.858    clk_IBUF
    BUFGCTRL_X0Y0        BUFG (Prop_bufg_I_O)         0.026     0.884 r  clk_IBUF_BUFG_inst/O
                         net (fo=52, routed)          0.595     1.478    u_debouncer1/CLK
    SLICE_X3Y44          FDCE                                         r  u_debouncer1/r_counter_reg[15]/C
  -------------------------------------------------------------------    -------------------
    SLICE_X3Y44          FDCE (Prop_fdce_C_Q)         0.141     1.619 f  u_debouncer1/r_counter_reg[15]/Q
                         net (fo=19, routed)          0.128     1.747    u_debouncer1/r_counter[15]
    SLICE_X2Y44          LUT6 (Prop_lut6_I3_O)        0.045     1.792 r  u_debouncer1/r_counter[11]_i_1/O
                         net (fo=1, routed)           0.000     1.792    u_debouncer1/r_counter[11]_i_1_n_0
    SLICE_X2Y44          FDCE                                         r  u_debouncer1/r_counter_reg[11]/D
  -------------------------------------------------------------------    -------------------

                         (clock sys_clk_pin rise edge)
                                                      0.000     0.000 r  
    W5                                                0.000     0.000 r  clk (IN)
                         net (fo=0)                   0.000     0.000    clk
    W5                   IBUF (Prop_ibuf_I_O)         0.414     0.414 r  clk_IBUF_inst/O
                         net (fo=1, routed)           0.685     1.099    clk_IBUF
    BUFGCTRL_X0Y0        BUFG (Prop_bufg_I_O)         0.029     1.128 r  clk_IBUF_BUFG_inst/O
                         net (fo=52, routed)          0.866     1.993    u_debouncer1/CLK
    SLICE_X2Y44          FDCE                                         r  u_debouncer1/r_counter_reg[11]/C
                         clock pessimism             -0.502     1.491    
    SLICE_X2Y44          FDCE (Hold_fdce_C_D)         0.121     1.612    u_debouncer1/r_counter_reg[11]
  -------------------------------------------------------------------
                         required time                         -1.612    
                         arrival time                           1.792    
  -------------------------------------------------------------------
                         slack                                  0.180    

Slack (MET) :             0.188ns  (arrival time - required time)
  Source:                 sr7_reg[2]/C
                            (rising edge-triggered cell FDCE clocked by sys_clk_pin  {rise@0.000ns fall@5.000ns period=10.000ns})
  Destination:            sr7_reg[3]_lopt_replica/D
                            (rising edge-triggered cell FDCE clocked by sys_clk_pin  {rise@0.000ns fall@5.000ns period=10.000ns})
  Path Group:             sys_clk_pin
  Path Type:              Hold (Min at Fast Process Corner)
  Requirement:            0.000ns  (sys_clk_pin rise@0.000ns - sys_clk_pin rise@0.000ns)
  Data Path Delay:        0.277ns  (logic 0.141ns (50.903%)  route 0.136ns (49.097%))
  Logic Levels:           0  
  Clock Path Skew:        0.013ns (DCD - SCD - CPR)
    Destination Clock Delay (DCD):    1.992ns
    Source Clock Delay      (SCD):    1.477ns
    Clock Pessimism Removal (CPR):    0.502ns

    Location             Delay type                Incr(ns)  Path(ns)    Netlist Resource(s)
  -------------------------------------------------------------------    -------------------
                         (clock sys_clk_pin rise edge)
                                                      0.000     0.000 r  
    W5                                                0.000     0.000 r  clk (IN)
                         net (fo=0)                   0.000     0.000    clk
    W5                   IBUF (Prop_ibuf_I_O)         0.226     0.226 r  clk_IBUF_inst/O
                         net (fo=1, routed)           0.631     0.858    clk_IBUF
    BUFGCTRL_X0Y0        BUFG (Prop_bufg_I_O)         0.026     0.884 r  clk_IBUF_BUFG_inst/O
                         net (fo=52, routed)          0.594     1.477    clk_IBUF_BUFG
    SLICE_X3Y41          FDCE                                         r  sr7_reg[2]/C
  -------------------------------------------------------------------    -------------------
    SLICE_X3Y41          FDCE (Prop_fdce_C_Q)         0.141     1.618 r  sr7_reg[2]/Q
                         net (fo=3, routed)           0.136     1.754    led_OBUF[3]
    SLICE_X2Y41          FDCE                                         r  sr7_reg[3]_lopt_replica/D
  -------------------------------------------------------------------    -------------------

                         (clock sys_clk_pin rise edge)
                                                      0.000     0.000 r  
    W5                                                0.000     0.000 r  clk (IN)
                         net (fo=0)                   0.000     0.000    clk
    W5                   IBUF (Prop_ibuf_I_O)         0.414     0.414 r  clk_IBUF_inst/O
                         net (fo=1, routed)           0.685     1.099    clk_IBUF
    BUFGCTRL_X0Y0        BUFG (Prop_bufg_I_O)         0.029     1.128 r  clk_IBUF_BUFG_inst/O
                         net (fo=52, routed)          0.865     1.992    clk_IBUF_BUFG
    SLICE_X2Y41          FDCE                                         r  sr7_reg[3]_lopt_replica/C
                         clock pessimism             -0.502     1.490    
    SLICE_X2Y41          FDCE (Hold_fdce_C_D)         0.076     1.566    sr7_reg[3]_lopt_replica
  -------------------------------------------------------------------
                         required time                         -1.566    
                         arrival time                           1.754    
  -------------------------------------------------------------------
                         slack                                  0.188    

Slack (MET) :             0.188ns  (arrival time - required time)
  Source:                 u_debouncer2/r_clean_btn_reg/C
                            (rising edge-triggered cell FDCE clocked by sys_clk_pin  {rise@0.000ns fall@5.000ns period=10.000ns})
  Destination:            u_pos_pulse/r_btn_reg_reg[1]/D
                            (rising edge-triggered cell FDCE clocked by sys_clk_pin  {rise@0.000ns fall@5.000ns period=10.000ns})
  Path Group:             sys_clk_pin
  Path Type:              Hold (Min at Fast Process Corner)
  Requirement:            0.000ns  (sys_clk_pin rise@0.000ns - sys_clk_pin rise@0.000ns)
  Data Path Delay:        0.274ns  (logic 0.141ns (51.414%)  route 0.133ns (48.586%))
  Logic Levels:           0  
  Clock Path Skew:        0.016ns (DCD - SCD - CPR)
    Destination Clock Delay (DCD):    1.990ns
    Source Clock Delay      (SCD):    1.475ns
    Clock Pessimism Removal (CPR):    0.499ns

    Location             Delay type                Incr(ns)  Path(ns)    Netlist Resource(s)
  -------------------------------------------------------------------    -------------------
                         (clock sys_clk_pin rise edge)
                                                      0.000     0.000 r  
    W5                                                0.000     0.000 r  clk (IN)
                         net (fo=0)                   0.000     0.000    clk
    W5                   IBUF (Prop_ibuf_I_O)         0.226     0.226 r  clk_IBUF_inst/O
                         net (fo=1, routed)           0.631     0.858    clk_IBUF
    BUFGCTRL_X0Y0        BUFG (Prop_bufg_I_O)         0.026     0.884 r  clk_IBUF_BUFG_inst/O
                         net (fo=52, routed)          0.592     1.475    u_debouncer2/CLK
    SLICE_X5Y42          FDCE                                         r  u_debouncer2/r_clean_btn_reg/C
  -------------------------------------------------------------------    -------------------
    SLICE_X5Y42          FDCE (Prop_fdce_C_Q)         0.141     1.616 r  u_debouncer2/r_clean_btn_reg/Q
                         net (fo=4, routed)           0.133     1.749    u_pos_pulse/D[1]
    SLICE_X5Y41          FDCE                                         r  u_pos_pulse/r_btn_reg_reg[1]/D
  -------------------------------------------------------------------    -------------------

                         (clock sys_clk_pin rise edge)
                                                      0.000     0.000 r  
    W5                                                0.000     0.000 r  clk (IN)
                         net (fo=0)                   0.000     0.000    clk
    W5                   IBUF (Prop_ibuf_I_O)         0.414     0.414 r  clk_IBUF_inst/O
                         net (fo=1, routed)           0.685     1.099    clk_IBUF
    BUFGCTRL_X0Y0        BUFG (Prop_bufg_I_O)         0.029     1.128 r  clk_IBUF_BUFG_inst/O
                         net (fo=52, routed)          0.863     1.990    u_pos_pulse/CLK
    SLICE_X5Y41          FDCE                                         r  u_pos_pulse/r_btn_reg_reg[1]/C
                         clock pessimism             -0.499     1.491    
    SLICE_X5Y41          FDCE (Hold_fdce_C_D)         0.070     1.561    u_pos_pulse/r_btn_reg_reg[1]
  -------------------------------------------------------------------
                         required time                         -1.561    
                         arrival time                           1.749    
  -------------------------------------------------------------------
                         slack                                  0.188    

Slack (MET) :             0.190ns  (arrival time - required time)
  Source:                 sr7_reg[2]/C
                            (rising edge-triggered cell FDCE clocked by sys_clk_pin  {rise@0.000ns fall@5.000ns period=10.000ns})
  Destination:            sr7_reg[3]/D
                            (rising edge-triggered cell FDCE clocked by sys_clk_pin  {rise@0.000ns fall@5.000ns period=10.000ns})
  Path Group:             sys_clk_pin
  Path Type:              Hold (Min at Fast Process Corner)
  Requirement:            0.000ns  (sys_clk_pin rise@0.000ns - sys_clk_pin rise@0.000ns)
  Data Path Delay:        0.279ns  (logic 0.141ns (50.538%)  route 0.138ns (49.462%))
  Logic Levels:           0  
  Clock Path Skew:        0.013ns (DCD - SCD - CPR)
    Destination Clock Delay (DCD):    1.992ns
    Source Clock Delay      (SCD):    1.477ns
    Clock Pessimism Removal (CPR):    0.502ns

    Location             Delay type                Incr(ns)  Path(ns)    Netlist Resource(s)
  -------------------------------------------------------------------    -------------------
                         (clock sys_clk_pin rise edge)
                                                      0.000     0.000 r  
    W5                                                0.000     0.000 r  clk (IN)
                         net (fo=0)                   0.000     0.000    clk
    W5                   IBUF (Prop_ibuf_I_O)         0.226     0.226 r  clk_IBUF_inst/O
                         net (fo=1, routed)           0.631     0.858    clk_IBUF
    BUFGCTRL_X0Y0        BUFG (Prop_bufg_I_O)         0.026     0.884 r  clk_IBUF_BUFG_inst/O
                         net (fo=52, routed)          0.594     1.477    clk_IBUF_BUFG
    SLICE_X3Y41          FDCE                                         r  sr7_reg[2]/C
  -------------------------------------------------------------------    -------------------
    SLICE_X3Y41          FDCE (Prop_fdce_C_Q)         0.141     1.618 r  sr7_reg[2]/Q
                         net (fo=3, routed)           0.138     1.756    led_OBUF[3]
    SLICE_X2Y41          FDCE                                         r  sr7_reg[3]/D
  -------------------------------------------------------------------    -------------------

                         (clock sys_clk_pin rise edge)
                                                      0.000     0.000 r  
    W5                                                0.000     0.000 r  clk (IN)
                         net (fo=0)                   0.000     0.000    clk
    W5                   IBUF (Prop_ibuf_I_O)         0.414     0.414 r  clk_IBUF_inst/O
                         net (fo=1, routed)           0.685     1.099    clk_IBUF
    BUFGCTRL_X0Y0        BUFG (Prop_bufg_I_O)         0.029     1.128 r  clk_IBUF_BUFG_inst/O
                         net (fo=52, routed)          0.865     1.992    clk_IBUF_BUFG
    SLICE_X2Y41          FDCE                                         r  sr7_reg[3]/C
                         clock pessimism             -0.502     1.490    
    SLICE_X2Y41          FDCE (Hold_fdce_C_D)         0.076     1.566    sr7_reg[3]
  -------------------------------------------------------------------
                         required time                         -1.566    
                         arrival time                           1.756    
  -------------------------------------------------------------------
                         slack                                  0.190    

Slack (MET) :             0.190ns  (arrival time - required time)
  Source:                 u_debouncer1/r_clean_btn_reg/C
                            (rising edge-triggered cell FDCE clocked by sys_clk_pin  {rise@0.000ns fall@5.000ns period=10.000ns})
  Destination:            u_pos_pulse/r_btn_reg_reg[0]/D
                            (rising edge-triggered cell FDCE clocked by sys_clk_pin  {rise@0.000ns fall@5.000ns period=10.000ns})
  Path Group:             sys_clk_pin
  Path Type:              Hold (Min at Fast Process Corner)
  Requirement:            0.000ns  (sys_clk_pin rise@0.000ns - sys_clk_pin rise@0.000ns)
  Data Path Delay:        0.295ns  (logic 0.141ns (47.764%)  route 0.154ns (52.236%))
  Logic Levels:           0  
  Clock Path Skew:        0.035ns (DCD - SCD - CPR)
    Destination Clock Delay (DCD):    1.990ns
    Source Clock Delay      (SCD):    1.477ns
    Clock Pessimism Removal (CPR):    0.478ns

    Location             Delay type                Incr(ns)  Path(ns)    Netlist Resource(s)
  -------------------------------------------------------------------    -------------------
                         (clock sys_clk_pin rise edge)
                                                      0.000     0.000 r  
    W5                                                0.000     0.000 r  clk (IN)
                         net (fo=0)                   0.000     0.000    clk
    W5                   IBUF (Prop_ibuf_I_O)         0.226     0.226 r  clk_IBUF_inst/O
                         net (fo=1, routed)           0.631     0.858    clk_IBUF
    BUFGCTRL_X0Y0        BUFG (Prop_bufg_I_O)         0.026     0.884 r  clk_IBUF_BUFG_inst/O
                         net (fo=52, routed)          0.594     1.477    u_debouncer1/CLK
    SLICE_X3Y42          FDCE                                         r  u_debouncer1/r_clean_btn_reg/C
  -------------------------------------------------------------------    -------------------
    SLICE_X3Y42          FDCE (Prop_fdce_C_Q)         0.141     1.618 r  u_debouncer1/r_clean_btn_reg/Q
                         net (fo=5, routed)           0.154     1.772    u_pos_pulse/D[0]
    SLICE_X4Y41          FDCE                                         r  u_pos_pulse/r_btn_reg_reg[0]/D
  -------------------------------------------------------------------    -------------------

                         (clock sys_clk_pin rise edge)
                                                      0.000     0.000 r  
    W5                                                0.000     0.000 r  clk (IN)
                         net (fo=0)                   0.000     0.000    clk
    W5                   IBUF (Prop_ibuf_I_O)         0.414     0.414 r  clk_IBUF_inst/O
                         net (fo=1, routed)           0.685     1.099    clk_IBUF
    BUFGCTRL_X0Y0        BUFG (Prop_bufg_I_O)         0.029     1.128 r  clk_IBUF_BUFG_inst/O
                         net (fo=52, routed)          0.863     1.990    u_pos_pulse/CLK
    SLICE_X4Y41          FDCE                                         r  u_pos_pulse/r_btn_reg_reg[0]/C
                         clock pessimism             -0.478     1.512    
    SLICE_X4Y41          FDCE (Hold_fdce_C_D)         0.070     1.582    u_pos_pulse/r_btn_reg_reg[0]
  -------------------------------------------------------------------
                         required time                         -1.582    
                         arrival time                           1.772    
  -------------------------------------------------------------------
                         slack                                  0.190    

Slack (MET) :             0.232ns  (arrival time - required time)
  Source:                 sr7_reg[3]/C
                            (rising edge-triggered cell FDCE clocked by sys_clk_pin  {rise@0.000ns fall@5.000ns period=10.000ns})
  Destination:            sr7_reg[4]/D
                            (rising edge-triggered cell FDCE clocked by sys_clk_pin  {rise@0.000ns fall@5.000ns period=10.000ns})
  Path Group:             sys_clk_pin
  Path Type:              Hold (Min at Fast Process Corner)
  Requirement:            0.000ns  (sys_clk_pin rise@0.000ns - sys_clk_pin rise@0.000ns)
  Data Path Delay:        0.292ns  (logic 0.164ns (56.232%)  route 0.128ns (43.768%))
  Logic Levels:           0  
  Clock Path Skew:        0.000ns (DCD - SCD - CPR)
    Destination Clock Delay (DCD):    1.992ns
    Source Clock Delay      (SCD):    1.477ns
    Clock Pessimism Removal (CPR):    0.515ns

    Location             Delay type                Incr(ns)  Path(ns)    Netlist Resource(s)
  -------------------------------------------------------------------    -------------------
                         (clock sys_clk_pin rise edge)
                                                      0.000     0.000 r  
    W5                                                0.000     0.000 r  clk (IN)
                         net (fo=0)                   0.000     0.000    clk
    W5                   IBUF (Prop_ibuf_I_O)         0.226     0.226 r  clk_IBUF_inst/O
                         net (fo=1, routed)           0.631     0.858    clk_IBUF
    BUFGCTRL_X0Y0        BUFG (Prop_bufg_I_O)         0.026     0.884 r  clk_IBUF_BUFG_inst/O
                         net (fo=52, routed)          0.594     1.477    clk_IBUF_BUFG
    SLICE_X2Y41          FDCE                                         r  sr7_reg[3]/C
  -------------------------------------------------------------------    -------------------
    SLICE_X2Y41          FDCE (Prop_fdce_C_Q)         0.164     1.641 r  sr7_reg[3]/Q
                         net (fo=3, routed)           0.128     1.769    led_OBUF[4]
    SLICE_X2Y41          FDCE                                         r  sr7_reg[4]/D
  -------------------------------------------------------------------    -------------------

                         (clock sys_clk_pin rise edge)
                                                      0.000     0.000 r  
    W5                                                0.000     0.000 r  clk (IN)
                         net (fo=0)                   0.000     0.000    clk
    W5                   IBUF (Prop_ibuf_I_O)         0.414     0.414 r  clk_IBUF_inst/O
                         net (fo=1, routed)           0.685     1.099    clk_IBUF
    BUFGCTRL_X0Y0        BUFG (Prop_bufg_I_O)         0.029     1.128 r  clk_IBUF_BUFG_inst/O
                         net (fo=52, routed)          0.865     1.992    clk_IBUF_BUFG
    SLICE_X2Y41          FDCE                                         r  sr7_reg[4]/C
                         clock pessimism             -0.515     1.477    
    SLICE_X2Y41          FDCE (Hold_fdce_C_D)         0.060     1.537    sr7_reg[4]
  -------------------------------------------------------------------
                         required time                         -1.537    
                         arrival time                           1.769    
  -------------------------------------------------------------------
                         slack                                  0.232    

Slack (MET) :             0.244ns  (arrival time - required time)
  Source:                 u_debouncer2/r_counter_reg[15]/C
                            (rising edge-triggered cell FDCE clocked by sys_clk_pin  {rise@0.000ns fall@5.000ns period=10.000ns})
  Destination:            u_debouncer2/r_counter_reg[12]/D
                            (rising edge-triggered cell FDCE clocked by sys_clk_pin  {rise@0.000ns fall@5.000ns period=10.000ns})
  Path Group:             sys_clk_pin
  Path Type:              Hold (Min at Fast Process Corner)
  Requirement:            0.000ns  (sys_clk_pin rise@0.000ns - sys_clk_pin rise@0.000ns)
  Data Path Delay:        0.352ns  (logic 0.186ns (52.823%)  route 0.166ns (47.177%))
  Logic Levels:           1  (LUT6=1)
  Clock Path Skew:        0.016ns (DCD - SCD - CPR)
    Destination Clock Delay (DCD):    1.991ns
    Source Clock Delay      (SCD):    1.476ns
    Clock Pessimism Removal (CPR):    0.499ns

    Location             Delay type                Incr(ns)  Path(ns)    Netlist Resource(s)
  -------------------------------------------------------------------    -------------------
                         (clock sys_clk_pin rise edge)
                                                      0.000     0.000 r  
    W5                                                0.000     0.000 r  clk (IN)
                         net (fo=0)                   0.000     0.000    clk
    W5                   IBUF (Prop_ibuf_I_O)         0.226     0.226 r  clk_IBUF_inst/O
                         net (fo=1, routed)           0.631     0.858    clk_IBUF
    BUFGCTRL_X0Y0        BUFG (Prop_bufg_I_O)         0.026     0.884 r  clk_IBUF_BUFG_inst/O
                         net (fo=52, routed)          0.593     1.476    u_debouncer2/CLK
    SLICE_X7Y45          FDCE                                         r  u_debouncer2/r_counter_reg[15]/C
  -------------------------------------------------------------------    -------------------
    SLICE_X7Y45          FDCE (Prop_fdce_C_Q)         0.141     1.617 f  u_debouncer2/r_counter_reg[15]/Q
                         net (fo=19, routed)          0.166     1.783    u_debouncer2/r_counter_reg_n_0_[15]
    SLICE_X7Y44          LUT6 (Prop_lut6_I3_O)        0.045     1.828 r  u_debouncer2/r_counter[12]_i_1__0/O
                         net (fo=1, routed)           0.000     1.828    u_debouncer2/r_counter[12]_i_1__0_n_0
    SLICE_X7Y44          FDCE                                         r  u_debouncer2/r_counter_reg[12]/D
  -------------------------------------------------------------------    -------------------

                         (clock sys_clk_pin rise edge)
                                                      0.000     0.000 r  
    W5                                                0.000     0.000 r  clk (IN)
                         net (fo=0)                   0.000     0.000    clk
    W5                   IBUF (Prop_ibuf_I_O)         0.414     0.414 r  clk_IBUF_inst/O
                         net (fo=1, routed)           0.685     1.099    clk_IBUF
    BUFGCTRL_X0Y0        BUFG (Prop_bufg_I_O)         0.029     1.128 r  clk_IBUF_BUFG_inst/O
                         net (fo=52, routed)          0.864     1.991    u_debouncer2/CLK
    SLICE_X7Y44          FDCE                                         r  u_debouncer2/r_counter_reg[12]/C
                         clock pessimism             -0.499     1.492    
    SLICE_X7Y44          FDCE (Hold_fdce_C_D)         0.092     1.584    u_debouncer2/r_counter_reg[12]
  -------------------------------------------------------------------
                         required time                         -1.584    
                         arrival time                           1.828    
  -------------------------------------------------------------------
                         slack                                  0.244    

Slack (MET) :             0.254ns  (arrival time - required time)
  Source:                 u_debouncer1/r_counter_reg[16]/C
                            (rising edge-triggered cell FDCE clocked by sys_clk_pin  {rise@0.000ns fall@5.000ns period=10.000ns})
  Destination:            u_debouncer1/r_counter_reg[14]/D
                            (rising edge-triggered cell FDCE clocked by sys_clk_pin  {rise@0.000ns fall@5.000ns period=10.000ns})
  Path Group:             sys_clk_pin
  Path Type:              Hold (Min at Fast Process Corner)
  Requirement:            0.000ns  (sys_clk_pin rise@0.000ns - sys_clk_pin rise@0.000ns)
  Data Path Delay:        0.362ns  (logic 0.209ns (57.674%)  route 0.153ns (42.326%))
  Logic Levels:           1  (LUT6=1)
  Clock Path Skew:        0.016ns (DCD - SCD - CPR)
    Destination Clock Delay (DCD):    1.993ns
    Source Clock Delay      (SCD):    1.478ns
    Clock Pessimism Removal (CPR):    0.499ns

    Location             Delay type                Incr(ns)  Path(ns)    Netlist Resource(s)
  -------------------------------------------------------------------    -------------------
                         (clock sys_clk_pin rise edge)
                                                      0.000     0.000 r  
    W5                                                0.000     0.000 r  clk (IN)
                         net (fo=0)                   0.000     0.000    clk
    W5                   IBUF (Prop_ibuf_I_O)         0.226     0.226 r  clk_IBUF_inst/O
                         net (fo=1, routed)           0.631     0.858    clk_IBUF
    BUFGCTRL_X0Y0        BUFG (Prop_bufg_I_O)         0.026     0.884 r  clk_IBUF_BUFG_inst/O
                         net (fo=52, routed)          0.595     1.478    u_debouncer1/CLK
    SLICE_X2Y44          FDCE                                         r  u_debouncer1/r_counter_reg[16]/C
  -------------------------------------------------------------------    -------------------
    SLICE_X2Y44          FDCE (Prop_fdce_C_Q)         0.164     1.642 f  u_debouncer1/r_counter_reg[16]/Q
                         net (fo=19, routed)          0.153     1.796    u_debouncer1/r_counter[16]
    SLICE_X0Y44          LUT6 (Prop_lut6_I2_O)        0.045     1.841 r  u_debouncer1/r_counter[14]_i_1/O
                         net (fo=1, routed)           0.000     1.841    u_debouncer1/r_counter[14]_i_1_n_0
    SLICE_X0Y44          FDCE                                         r  u_debouncer1/r_counter_reg[14]/D
  -------------------------------------------------------------------    -------------------

                         (clock sys_clk_pin rise edge)
                                                      0.000     0.000 r  
    W5                                                0.000     0.000 r  clk (IN)
                         net (fo=0)                   0.000     0.000    clk
    W5                   IBUF (Prop_ibuf_I_O)         0.414     0.414 r  clk_IBUF_inst/O
                         net (fo=1, routed)           0.685     1.099    clk_IBUF
    BUFGCTRL_X0Y0        BUFG (Prop_bufg_I_O)         0.029     1.128 r  clk_IBUF_BUFG_inst/O
                         net (fo=52, routed)          0.866     1.993    u_debouncer1/CLK
    SLICE_X0Y44          FDCE                                         r  u_debouncer1/r_counter_reg[14]/C
                         clock pessimism             -0.499     1.494    
    SLICE_X0Y44          FDCE (Hold_fdce_C_D)         0.092     1.586    u_debouncer1/r_counter_reg[14]
  -------------------------------------------------------------------
                         required time                         -1.586    
                         arrival time                           1.841    
  -------------------------------------------------------------------
                         slack                                  0.254    

Slack (MET) :             0.263ns  (arrival time - required time)
  Source:                 u_debouncer2/r_counter_reg[0]/C
                            (rising edge-triggered cell FDCE clocked by sys_clk_pin  {rise@0.000ns fall@5.000ns period=10.000ns})
  Destination:            u_debouncer2/r_counter_reg[0]/D
                            (rising edge-triggered cell FDCE clocked by sys_clk_pin  {rise@0.000ns fall@5.000ns period=10.000ns})
  Path Group:             sys_clk_pin
  Path Type:              Hold (Min at Fast Process Corner)
  Requirement:            0.000ns  (sys_clk_pin rise@0.000ns - sys_clk_pin rise@0.000ns)
  Data Path Delay:        0.354ns  (logic 0.186ns (52.507%)  route 0.168ns (47.493%))
  Logic Levels:           1  (LUT6=1)
  Clock Path Skew:        0.000ns (DCD - SCD - CPR)
    Destination Clock Delay (DCD):    1.990ns
    Source Clock Delay      (SCD):    1.475ns
    Clock Pessimism Removal (CPR):    0.515ns

    Location             Delay type                Incr(ns)  Path(ns)    Netlist Resource(s)
  -------------------------------------------------------------------    -------------------
                         (clock sys_clk_pin rise edge)
                                                      0.000     0.000 r  
    W5                                                0.000     0.000 r  clk (IN)
                         net (fo=0)                   0.000     0.000    clk
    W5                   IBUF (Prop_ibuf_I_O)         0.226     0.226 r  clk_IBUF_inst/O
                         net (fo=1, routed)           0.631     0.858    clk_IBUF
    BUFGCTRL_X0Y0        BUFG (Prop_bufg_I_O)         0.026     0.884 r  clk_IBUF_BUFG_inst/O
                         net (fo=52, routed)          0.592     1.475    u_debouncer2/CLK
    SLICE_X7Y41          FDCE                                         r  u_debouncer2/r_counter_reg[0]/C
  -------------------------------------------------------------------    -------------------
    SLICE_X7Y41          FDCE (Prop_fdce_C_Q)         0.141     1.616 f  u_debouncer2/r_counter_reg[0]/Q
                         net (fo=3, routed)           0.168     1.784    u_debouncer2/r_counter_reg_n_0_[0]
    SLICE_X7Y41          LUT6 (Prop_lut6_I5_O)        0.045     1.829 r  u_debouncer2/r_counter[0]_i_1__0/O
                         net (fo=1, routed)           0.000     1.829    u_debouncer2/r_counter[0]_i_1__0_n_0
    SLICE_X7Y41          FDCE                                         r  u_debouncer2/r_counter_reg[0]/D
  -------------------------------------------------------------------    -------------------

                         (clock sys_clk_pin rise edge)
                                                      0.000     0.000 r  
    W5                                                0.000     0.000 r  clk (IN)
                         net (fo=0)                   0.000     0.000    clk
    W5                   IBUF (Prop_ibuf_I_O)         0.414     0.414 r  clk_IBUF_inst/O
                         net (fo=1, routed)           0.685     1.099    clk_IBUF
    BUFGCTRL_X0Y0        BUFG (Prop_bufg_I_O)         0.029     1.128 r  clk_IBUF_BUFG_inst/O
                         net (fo=52, routed)          0.863     1.990    u_debouncer2/CLK
    SLICE_X7Y41          FDCE                                         r  u_debouncer2/r_counter_reg[0]/C
                         clock pessimism             -0.515     1.475    
    SLICE_X7Y41          FDCE (Hold_fdce_C_D)         0.091     1.566    u_debouncer2/r_counter_reg[0]
  -------------------------------------------------------------------
                         required time                         -1.566    
                         arrival time                           1.829    
  -------------------------------------------------------------------
                         slack                                  0.263    

Slack (MET) :             0.267ns  (arrival time - required time)
  Source:                 u_pos_pulse/r_btn_reg_reg[0]/C
                            (rising edge-triggered cell FDCE clocked by sys_clk_pin  {rise@0.000ns fall@5.000ns period=10.000ns})
  Destination:            sr7_reg[0]/D
                            (rising edge-triggered cell FDCE clocked by sys_clk_pin  {rise@0.000ns fall@5.000ns period=10.000ns})
  Path Group:             sys_clk_pin
  Path Type:              Hold (Min at Fast Process Corner)
  Requirement:            0.000ns  (sys_clk_pin rise@0.000ns - sys_clk_pin rise@0.000ns)
  Data Path Delay:        0.397ns  (logic 0.186ns (46.820%)  route 0.211ns (53.180%))
  Logic Levels:           1  (LUT2=1)
  Clock Path Skew:        0.039ns (DCD - SCD - CPR)
    Destination Clock Delay (DCD):    1.992ns
    Source Clock Delay      (SCD):    1.475ns
    Clock Pessimism Removal (CPR):    0.478ns

    Location             Delay type                Incr(ns)  Path(ns)    Netlist Resource(s)
  -------------------------------------------------------------------    -------------------
                         (clock sys_clk_pin rise edge)
                                                      0.000     0.000 r  
    W5                                                0.000     0.000 r  clk (IN)
                         net (fo=0)                   0.000     0.000    clk
    W5                   IBUF (Prop_ibuf_I_O)         0.226     0.226 r  clk_IBUF_inst/O
                         net (fo=1, routed)           0.631     0.858    clk_IBUF
    BUFGCTRL_X0Y0        BUFG (Prop_bufg_I_O)         0.026     0.884 r  clk_IBUF_BUFG_inst/O
                         net (fo=52, routed)          0.592     1.475    u_pos_pulse/CLK
    SLICE_X4Y41          FDCE                                         r  u_pos_pulse/r_btn_reg_reg[0]/C
  -------------------------------------------------------------------    -------------------
    SLICE_X4Y41          FDCE (Prop_fdce_C_Q)         0.141     1.616 f  u_pos_pulse/r_btn_reg_reg[0]/Q
                         net (fo=2, routed)           0.211     1.827    u_debouncer1/Q[0]
    SLICE_X3Y41          LUT2 (Prop_lut2_I1_O)        0.045     1.872 r  u_debouncer1/sr7[0]_i_1/O
                         net (fo=2, routed)           0.000     1.872    w_posedge_btnU
    SLICE_X3Y41          FDCE                                         r  sr7_reg[0]/D
  -------------------------------------------------------------------    -------------------

                         (clock sys_clk_pin rise edge)
                                                      0.000     0.000 r  
    W5                                                0.000     0.000 r  clk (IN)
                         net (fo=0)                   0.000     0.000    clk
    W5                   IBUF (Prop_ibuf_I_O)         0.414     0.414 r  clk_IBUF_inst/O
                         net (fo=1, routed)           0.685     1.099    clk_IBUF
    BUFGCTRL_X0Y0        BUFG (Prop_bufg_I_O)         0.029     1.128 r  clk_IBUF_BUFG_inst/O
                         net (fo=52, routed)          0.865     1.992    clk_IBUF_BUFG
    SLICE_X3Y41          FDCE                                         r  sr7_reg[0]/C
                         clock pessimism             -0.478     1.514    
    SLICE_X3Y41          FDCE (Hold_fdce_C_D)         0.091     1.605    sr7_reg[0]
  -------------------------------------------------------------------
                         required time                         -1.605    
                         arrival time                           1.872    
  -------------------------------------------------------------------
                         slack                                  0.267    





Pulse Width Checks
--------------------------------------------------------------------------------------
Clock Name:         sys_clk_pin
Waveform(ns):       { 0.000 5.000 }
Period(ns):         10.000
Sources:            { clk }

Check Type        Corner  Lib Pin  Reference Pin  Required(ns)  Actual(ns)  Slack(ns)  Location       Pin
Min Period        n/a     BUFG/I   n/a            2.155         10.000      7.845      BUFGCTRL_X0Y0  clk_IBUF_BUFG_inst/I
Min Period        n/a     FDCE/C   n/a            1.000         10.000      9.000      SLICE_X3Y41    sr7_reg[0]/C
Min Period        n/a     FDCE/C   n/a            1.000         10.000      9.000      SLICE_X3Y41    sr7_reg[0]_lopt_replica/C
Min Period        n/a     FDCE/C   n/a            1.000         10.000      9.000      SLICE_X3Y41    sr7_reg[1]/C
Min Period        n/a     FDCE/C   n/a            1.000         10.000      9.000      SLICE_X2Y41    sr7_reg[1]_lopt_replica/C
Min Period        n/a     FDCE/C   n/a            1.000         10.000      9.000      SLICE_X3Y41    sr7_reg[2]/C
Min Period        n/a     FDCE/C   n/a            1.000         10.000      9.000      SLICE_X2Y41    sr7_reg[2]_lopt_replica/C
Min Period        n/a     FDCE/C   n/a            1.000         10.000      9.000      SLICE_X2Y41    sr7_reg[3]/C
Min Period        n/a     FDCE/C   n/a            1.000         10.000      9.000      SLICE_X2Y41    sr7_reg[3]_lopt_replica/C
Min Period        n/a     FDCE/C   n/a            1.000         10.000      9.000      SLICE_X2Y41    sr7_reg[4]/C
Low Pulse Width   Slow    FDCE/C   n/a            0.500         5.000       4.500      SLICE_X3Y41    sr7_reg[0]/C
Low Pulse Width   Fast    FDCE/C   n/a            0.500         5.000       4.500      SLICE_X3Y41    sr7_reg[0]/C
Low Pulse Width   Slow    FDCE/C   n/a            0.500         5.000       4.500      SLICE_X3Y41    sr7_reg[0]_lopt_replica/C
Low Pulse Width   Fast    FDCE/C   n/a            0.500         5.000       4.500      SLICE_X3Y41    sr7_reg[0]_lopt_replica/C
Low Pulse Width   Slow    FDCE/C   n/a            0.500         5.000       4.500      SLICE_X3Y41    sr7_reg[1]/C
Low Pulse Width   Fast    FDCE/C   n/a            0.500         5.000       4.500      SLICE_X3Y41    sr7_reg[1]/C
Low Pulse Width   Slow    FDCE/C   n/a            0.500         5.000       4.500      SLICE_X2Y41    sr7_reg[1]_lopt_replica/C
Low Pulse Width   Fast    FDCE/C   n/a            0.500         5.000       4.500      SLICE_X2Y41    sr7_reg[1]_lopt_replica/C
Low Pulse Width   Slow    FDCE/C   n/a            0.500         5.000       4.500      SLICE_X3Y41    sr7_reg[2]/C
Low Pulse Width   Fast    FDCE/C   n/a            0.500         5.000       4.500      SLICE_X3Y41    sr7_reg[2]/C
High Pulse Width  Slow    FDCE/C   n/a            0.500         5.000       4.500      SLICE_X3Y41    sr7_reg[0]/C
High Pulse Width  Fast    FDCE/C   n/a            0.500         5.000       4.500      SLICE_X3Y41    sr7_reg[0]/C
High Pulse Width  Slow    FDCE/C   n/a            0.500         5.000       4.500      SLICE_X3Y41    sr7_reg[0]_lopt_replica/C
High Pulse Width  Fast    FDCE/C   n/a            0.500         5.000       4.500      SLICE_X3Y41    sr7_reg[0]_lopt_replica/C
High Pulse Width  Slow    FDCE/C   n/a            0.500         5.000       4.500      SLICE_X3Y41    sr7_reg[1]/C
High Pulse Width  Fast    FDCE/C   n/a            0.500         5.000       4.500      SLICE_X3Y41    sr7_reg[1]/C
High Pulse Width  Slow    FDCE/C   n/a            0.500         5.000       4.500      SLICE_X2Y41    sr7_reg[1]_lopt_replica/C
High Pulse Width  Fast    FDCE/C   n/a            0.500         5.000       4.500      SLICE_X2Y41    sr7_reg[1]_lopt_replica/C
High Pulse Width  Slow    FDCE/C   n/a            0.500         5.000       4.500      SLICE_X3Y41    sr7_reg[2]/C
High Pulse Width  Fast    FDCE/C   n/a            0.500         5.000       4.500      SLICE_X3Y41    sr7_reg[2]/C



