Copyright 1986-2021 Xilinx, Inc. All Rights Reserved.
--------------------------------------------------------------------------------------------------------------------------------------------------------------------------------
| Tool Version : Vivado v.2021.1 (win64) Build 3247384 Thu Jun 10 19:36:33 MDT 2021
| Date         : Fri Mar  6 12:56:12 2026
| Host         : DESKTOP-FAVD00F running 64-bit major release  (build 9200)
| Command      : report_timing_summary -max_paths 10 -file top_timing_summary_routed.rpt -pb top_timing_summary_routed.pb -rpx top_timing_summary_routed.rpx -warn_on_violation
| Design       : top
| Device       : 7a35t-cpg236
| Speed File   : -1  PRODUCTION 1.23 2018-06-13
--------------------------------------------------------------------------------------------------------------------------------------------------------------------------------

Timing Summary Report

------------------------------------------------------------------------------------------------
| Timer Settings
| --------------
------------------------------------------------------------------------------------------------

  Enable Multi Corner Analysis               :  Yes
  Enable Pessimism Removal                   :  Yes
  Pessimism Removal Resolution               :  Nearest Common Node
  Enable Input Delay Default Clock           :  No
  Enable Preset / Clear Arcs                 :  No
  Disable Flight Delays                      :  No
  Ignore I/O Paths                           :  No
  Timing Early Launch at Borrowing Latches   :  No
  Borrow Time for Max Delay Exceptions       :  Yes
  Merge Timing Exceptions                    :  Yes

  Corner  Analyze    Analyze    
  Name    Max Paths  Min Paths  
  ------  ---------  ---------  
  Slow    Yes        Yes        
  Fast    Yes        Yes        


------------------------------------------------------------------------------------------------
| Report Methodology
| ------------------
------------------------------------------------------------------------------------------------

Rule       Severity  Description                    Violations  
---------  --------  -----------------------------  ----------  
TIMING-18  Warning   Missing input or output delay  3           

Note: This report is based on the most recent report_methodology run and may not be up-to-date. Run report_methodology on the current design for the latest report.



check_timing report

Table of Contents
-----------------
1. checking no_clock (0)
2. checking constant_clock (0)
3. checking pulse_width_clock (0)
4. checking unconstrained_internal_endpoints (0)
5. checking no_input_delay (2)
6. checking no_output_delay (1)
7. checking multiple_clock (0)
8. checking generated_clocks (0)
9. checking loops (0)
10. checking partial_input_delay (0)
11. checking partial_output_delay (0)
12. checking latch_loops (0)

1. checking no_clock (0)
------------------------
 There are 0 register/latch pins with no clock.


2. checking constant_clock (0)
------------------------------
 There are 0 register/latch pins with constant_clock.


3. checking pulse_width_clock (0)
---------------------------------
 There are 0 register/latch pins which need pulse_width check


4. checking unconstrained_internal_endpoints (0)
------------------------------------------------
 There are 0 pins that are not constrained for maximum delay.

 There are 0 pins that are not constrained for maximum delay due to constant clock.


5. checking no_input_delay (2)
------------------------------
 There are 2 input ports with no input delay specified. (HIGH)

 There are 0 input ports with no input delay but user has a false path constraint.


6. checking no_output_delay (1)
-------------------------------
 There is 1 port with no output delay specified. (HIGH)

 There are 0 ports with no output delay but user has a false path constraint

 There are 0 ports with no output delay but with a timing clock defined on it or propagating through it


7. checking multiple_clock (0)
------------------------------
 There are 0 register/latch pins with multiple clocks.


8. checking generated_clocks (0)
--------------------------------
 There are 0 generated clocks that are not connected to a clock source.


9. checking loops (0)
---------------------
 There are 0 combinational loops in the design.


10. checking partial_input_delay (0)
------------------------------------
 There are 0 input ports with partial input delay specified.


11. checking partial_output_delay (0)
-------------------------------------
 There are 0 ports with partial output delay specified.


12. checking latch_loops (0)
----------------------------
 There are 0 combinational latch loops in the design through latch input



------------------------------------------------------------------------------------------------
| Design Timing Summary
| ---------------------
------------------------------------------------------------------------------------------------

    WNS(ns)      TNS(ns)  TNS Failing Endpoints  TNS Total Endpoints      WHS(ns)      THS(ns)  THS Failing Endpoints  THS Total Endpoints     WPWS(ns)     TPWS(ns)  TPWS Failing Endpoints  TPWS Total Endpoints  
    -------      -------  ---------------------  -------------------      -------      -------  ---------------------  -------------------     --------     --------  ----------------------  --------------------  
      5.327        0.000                      0                  263        0.041        0.000                      0                  263        4.500        0.000                       0                   145  


All user specified timing constraints are met.


------------------------------------------------------------------------------------------------
| Clock Summary
| -------------
------------------------------------------------------------------------------------------------

Clock        Waveform(ns)       Period(ns)      Frequency(MHz)
-----        ------------       ----------      --------------
sys_clk_pin  {0.000 5.000}      10.000          100.000         


------------------------------------------------------------------------------------------------
| Intra Clock Table
| -----------------
------------------------------------------------------------------------------------------------

Clock             WNS(ns)      TNS(ns)  TNS Failing Endpoints  TNS Total Endpoints      WHS(ns)      THS(ns)  THS Failing Endpoints  THS Total Endpoints     WPWS(ns)     TPWS(ns)  TPWS Failing Endpoints  TPWS Total Endpoints  
-----             -------      -------  ---------------------  -------------------      -------      -------  ---------------------  -------------------     --------     --------  ----------------------  --------------------  
sys_clk_pin         5.327        0.000                      0                  263        0.041        0.000                      0                  263        4.500        0.000                       0                   145  


------------------------------------------------------------------------------------------------
| Inter Clock Table
| -----------------
------------------------------------------------------------------------------------------------

From Clock    To Clock          WNS(ns)      TNS(ns)  TNS Failing Endpoints  TNS Total Endpoints      WHS(ns)      THS(ns)  THS Failing Endpoints  THS Total Endpoints  
----------    --------          -------      -------  ---------------------  -------------------      -------      -------  ---------------------  -------------------  


------------------------------------------------------------------------------------------------
| Other Path Groups Table
| -----------------------
------------------------------------------------------------------------------------------------

Path Group    From Clock    To Clock          WNS(ns)      TNS(ns)  TNS Failing Endpoints  TNS Total Endpoints      WHS(ns)      THS(ns)  THS Failing Endpoints  THS Total Endpoints  
----------    ----------    --------          -------      -------  ---------------------  -------------------      -------      -------  ---------------------  -------------------  


------------------------------------------------------------------------------------------------
| Timing Details
| --------------
------------------------------------------------------------------------------------------------


---------------------------------------------------------------------------------------------------
From Clock:  sys_clk_pin
  To Clock:  sys_clk_pin

Setup :            0  Failing Endpoints,  Worst Slack        5.327ns,  Total Violation        0.000ns
Hold  :            0  Failing Endpoints,  Worst Slack        0.041ns,  Total Violation        0.000ns
PW    :            0  Failing Endpoints,  Worst Slack        4.500ns,  Total Violation        0.000ns
---------------------------------------------------------------------------------------------------


Max Delay Paths
--------------------------------------------------------------------------------------
Slack (MET) :             5.327ns  (required time - arrival time)
  Source:                 u_control_tower/r_data_for_check_reg[5]/C
                            (rising edge-triggered cell FDRE clocked by sys_clk_pin  {rise@0.000ns fall@5.000ns period=10.000ns})
  Destination:            u_control_tower/u_fsm_pattern/FSM_sequential_current_state_reg[1]/D
                            (rising edge-triggered cell FDCE clocked by sys_clk_pin  {rise@0.000ns fall@5.000ns period=10.000ns})
  Path Group:             sys_clk_pin
  Path Type:              Setup (Max at Slow Process Corner)
  Requirement:            10.000ns  (sys_clk_pin rise@10.000ns - sys_clk_pin rise@0.000ns)
  Data Path Delay:        4.642ns  (logic 1.476ns (31.798%)  route 3.166ns (68.202%))
  Logic Levels:           4  (LUT4=1 LUT5=3)
  Clock Path Skew:        -0.025ns (DCD - SCD + CPR)
    Destination Clock Delay (DCD):    4.860ns = ( 14.860 - 10.000 ) 
    Source Clock Delay      (SCD):    5.159ns
    Clock Pessimism Removal (CPR):    0.274ns
  Clock Uncertainty:      0.035ns  ((TSJ^2 + TIJ^2)^1/2 + DJ) / 2 + PE
    Total System Jitter     (TSJ):    0.071ns
    Total Input Jitter      (TIJ):    0.000ns
    Discrete Jitter          (DJ):    0.000ns
    Phase Error              (PE):    0.000ns

    Location             Delay type                Incr(ns)  Path(ns)    Netlist Resource(s)
  -------------------------------------------------------------------    -------------------
                         (clock sys_clk_pin rise edge)
                                                      0.000     0.000 r  
    W5                                                0.000     0.000 r  clk (IN)
                         net (fo=0)                   0.000     0.000    clk
    W5                   IBUF (Prop_ibuf_I_O)         1.458     1.458 r  clk_IBUF_inst/O
                         net (fo=1, routed)           1.967     3.425    clk_IBUF
    BUFGCTRL_X0Y0        BUFG (Prop_bufg_I_O)         0.096     3.521 r  clk_IBUF_BUFG_inst/O
                         net (fo=144, routed)         1.638     5.159    u_control_tower/clk_IBUF_BUFG
    SLICE_X2Y43          FDRE                                         r  u_control_tower/r_data_for_check_reg[5]/C
  -------------------------------------------------------------------    -------------------
    SLICE_X2Y43          FDRE (Prop_fdre_C_Q)         0.518     5.677 r  u_control_tower/r_data_for_check_reg[5]/Q
                         net (fo=8, routed)           0.917     6.595    u_control_tower/u_fsm_pattern/FSM_sequential_current_state[2]_i_5_2
    SLICE_X2Y43          LUT5 (Prop_lut5_I1_O)        0.146     6.741 r  u_control_tower/u_fsm_pattern/FSM_sequential_current_state[1]_i_8/O
                         net (fo=6, routed)           0.634     7.374    u_control_tower/u_fsm_pattern/FSM_sequential_current_state[1]_i_8_n_0
    SLICE_X2Y42          LUT4 (Prop_lut4_I1_O)        0.357     7.731 r  u_control_tower/u_fsm_pattern/FSM_sequential_current_state[3]_i_4/O
                         net (fo=4, routed)           0.940     8.672    u_control_tower/u_fsm_pattern/FSM_sequential_current_state[3]_i_4_n_0
    SLICE_X0Y43          LUT5 (Prop_lut5_I1_O)        0.331     9.003 r  u_control_tower/u_fsm_pattern/FSM_sequential_current_state[1]_i_2/O
                         net (fo=1, routed)           0.674     9.677    u_control_tower/u_fsm_pattern/FSM_sequential_current_state[1]_i_2_n_0
    SLICE_X0Y43          LUT5 (Prop_lut5_I0_O)        0.124     9.801 r  u_control_tower/u_fsm_pattern/FSM_sequential_current_state[1]_i_1/O
                         net (fo=1, routed)           0.000     9.801    u_control_tower/u_fsm_pattern/next_state[1]
    SLICE_X0Y43          FDCE                                         r  u_control_tower/u_fsm_pattern/FSM_sequential_current_state_reg[1]/D
  -------------------------------------------------------------------    -------------------

                         (clock sys_clk_pin rise edge)
                                                     10.000    10.000 r  
    W5                                                0.000    10.000 r  clk (IN)
                         net (fo=0)                   0.000    10.000    clk
    W5                   IBUF (Prop_ibuf_I_O)         1.388    11.388 r  clk_IBUF_inst/O
                         net (fo=1, routed)           1.862    13.250    clk_IBUF
    BUFGCTRL_X0Y0        BUFG (Prop_bufg_I_O)         0.091    13.341 r  clk_IBUF_BUFG_inst/O
                         net (fo=144, routed)         1.519    14.860    u_control_tower/u_fsm_pattern/clk_IBUF_BUFG
    SLICE_X0Y43          FDCE                                         r  u_control_tower/u_fsm_pattern/FSM_sequential_current_state_reg[1]/C
                         clock pessimism              0.274    15.134    
                         clock uncertainty           -0.035    15.099    
    SLICE_X0Y43          FDCE (Setup_fdce_C_D)        0.029    15.128    u_control_tower/u_fsm_pattern/FSM_sequential_current_state_reg[1]
  -------------------------------------------------------------------
                         required time                         15.128    
                         arrival time                          -9.801    
  -------------------------------------------------------------------
                         slack                                  5.327    

Slack (MET) :             5.522ns  (required time - arrival time)
  Source:                 u_uart_controller/u_uart_rx/r_baud_tick_count_reg[0]/C
                            (rising edge-triggered cell FDCE clocked by sys_clk_pin  {rise@0.000ns fall@5.000ns period=10.000ns})
  Destination:            u_uart_controller/u_uart_rx/r_bit_index_reg[0]/CE
                            (rising edge-triggered cell FDCE clocked by sys_clk_pin  {rise@0.000ns fall@5.000ns period=10.000ns})
  Path Group:             sys_clk_pin
  Path Type:              Setup (Max at Slow Process Corner)
  Requirement:            10.000ns  (sys_clk_pin rise@10.000ns - sys_clk_pin rise@0.000ns)
  Data Path Delay:        4.131ns  (logic 1.120ns (27.114%)  route 3.011ns (72.886%))
  Logic Levels:           3  (LUT3=1 LUT5=2)
  Clock Path Skew:        -0.107ns (DCD - SCD + CPR)
    Destination Clock Delay (DCD):    4.861ns = ( 14.861 - 10.000 ) 
    Source Clock Delay      (SCD):    5.148ns
    Clock Pessimism Removal (CPR):    0.180ns
  Clock Uncertainty:      0.035ns  ((TSJ^2 + TIJ^2)^1/2 + DJ) / 2 + PE
    Total System Jitter     (TSJ):    0.071ns
    Total Input Jitter      (TIJ):    0.000ns
    Discrete Jitter          (DJ):    0.000ns
    Phase Error              (PE):    0.000ns

    Location             Delay type                Incr(ns)  Path(ns)    Netlist Resource(s)
  -------------------------------------------------------------------    -------------------
                         (clock sys_clk_pin rise edge)
                                                      0.000     0.000 r  
    W5                                                0.000     0.000 r  clk (IN)
                         net (fo=0)                   0.000     0.000    clk
    W5                   IBUF (Prop_ibuf_I_O)         1.458     1.458 r  clk_IBUF_inst/O
                         net (fo=1, routed)           1.967     3.425    clk_IBUF
    BUFGCTRL_X0Y0        BUFG (Prop_bufg_I_O)         0.096     3.521 r  clk_IBUF_BUFG_inst/O
                         net (fo=144, routed)         1.627     5.148    u_uart_controller/u_uart_rx/CLK
    SLICE_X2Y50          FDCE                                         r  u_uart_controller/u_uart_rx/r_baud_tick_count_reg[0]/C
  -------------------------------------------------------------------    -------------------
    SLICE_X2Y50          FDCE (Prop_fdce_C_Q)         0.518     5.666 r  u_uart_controller/u_uart_rx/r_baud_tick_count_reg[0]/Q
                         net (fo=4, routed)           0.980     6.646    u_uart_controller/u_uart_rx/r_baud_tick_count[0]
    SLICE_X2Y49          LUT3 (Prop_lut3_I1_O)        0.124     6.770 f  u_uart_controller/u_uart_rx/r_baud_tick_count[3]_i_3/O
                         net (fo=6, routed)           1.143     7.912    u_uart_controller/u_uart_rx/r_baud_tick_count[3]_i_3_n_0
    SLICE_X4Y47          LUT5 (Prop_lut5_I4_O)        0.152     8.064 r  u_uart_controller/u_uart_rx/r_bit_index[3]_i_4/O
                         net (fo=1, routed)           0.301     8.365    u_uart_controller/u_uart_rx/r_bit_index[3]_i_4_n_0
    SLICE_X3Y47          LUT5 (Prop_lut5_I4_O)        0.326     8.691 r  u_uart_controller/u_uart_rx/r_bit_index[3]_i_1/O
                         net (fo=4, routed)           0.587     9.279    u_uart_controller/u_uart_rx/r_bit_index[3]_i_1_n_0
    SLICE_X3Y47          FDCE                                         r  u_uart_controller/u_uart_rx/r_bit_index_reg[0]/CE
  -------------------------------------------------------------------    -------------------

                         (clock sys_clk_pin rise edge)
                                                     10.000    10.000 r  
    W5                                                0.000    10.000 r  clk (IN)
                         net (fo=0)                   0.000    10.000    clk
    W5                   IBUF (Prop_ibuf_I_O)         1.388    11.388 r  clk_IBUF_inst/O
                         net (fo=1, routed)           1.862    13.250    clk_IBUF
    BUFGCTRL_X0Y0        BUFG (Prop_bufg_I_O)         0.091    13.341 r  clk_IBUF_BUFG_inst/O
                         net (fo=144, routed)         1.520    14.861    u_uart_controller/u_uart_rx/CLK
    SLICE_X3Y47          FDCE                                         r  u_uart_controller/u_uart_rx/r_bit_index_reg[0]/C
                         clock pessimism              0.180    15.041    
                         clock uncertainty           -0.035    15.006    
    SLICE_X3Y47          FDCE (Setup_fdce_C_CE)      -0.205    14.801    u_uart_controller/u_uart_rx/r_bit_index_reg[0]
  -------------------------------------------------------------------
                         required time                         14.801    
                         arrival time                          -9.279    
  -------------------------------------------------------------------
                         slack                                  5.522    

Slack (MET) :             5.522ns  (required time - arrival time)
  Source:                 u_uart_controller/u_uart_rx/r_baud_tick_count_reg[0]/C
                            (rising edge-triggered cell FDCE clocked by sys_clk_pin  {rise@0.000ns fall@5.000ns period=10.000ns})
  Destination:            u_uart_controller/u_uart_rx/r_bit_index_reg[1]/CE
                            (rising edge-triggered cell FDCE clocked by sys_clk_pin  {rise@0.000ns fall@5.000ns period=10.000ns})
  Path Group:             sys_clk_pin
  Path Type:              Setup (Max at Slow Process Corner)
  Requirement:            10.000ns  (sys_clk_pin rise@10.000ns - sys_clk_pin rise@0.000ns)
  Data Path Delay:        4.131ns  (logic 1.120ns (27.114%)  route 3.011ns (72.886%))
  Logic Levels:           3  (LUT3=1 LUT5=2)
  Clock Path Skew:        -0.107ns (DCD - SCD + CPR)
    Destination Clock Delay (DCD):    4.861ns = ( 14.861 - 10.000 ) 
    Source Clock Delay      (SCD):    5.148ns
    Clock Pessimism Removal (CPR):    0.180ns
  Clock Uncertainty:      0.035ns  ((TSJ^2 + TIJ^2)^1/2 + DJ) / 2 + PE
    Total System Jitter     (TSJ):    0.071ns
    Total Input Jitter      (TIJ):    0.000ns
    Discrete Jitter          (DJ):    0.000ns
    Phase Error              (PE):    0.000ns

    Location             Delay type                Incr(ns)  Path(ns)    Netlist Resource(s)
  -------------------------------------------------------------------    -------------------
                         (clock sys_clk_pin rise edge)
                                                      0.000     0.000 r  
    W5                                                0.000     0.000 r  clk (IN)
                         net (fo=0)                   0.000     0.000    clk
    W5                   IBUF (Prop_ibuf_I_O)         1.458     1.458 r  clk_IBUF_inst/O
                         net (fo=1, routed)           1.967     3.425    clk_IBUF
    BUFGCTRL_X0Y0        BUFG (Prop_bufg_I_O)         0.096     3.521 r  clk_IBUF_BUFG_inst/O
                         net (fo=144, routed)         1.627     5.148    u_uart_controller/u_uart_rx/CLK
    SLICE_X2Y50          FDCE                                         r  u_uart_controller/u_uart_rx/r_baud_tick_count_reg[0]/C
  -------------------------------------------------------------------    -------------------
    SLICE_X2Y50          FDCE (Prop_fdce_C_Q)         0.518     5.666 r  u_uart_controller/u_uart_rx/r_baud_tick_count_reg[0]/Q
                         net (fo=4, routed)           0.980     6.646    u_uart_controller/u_uart_rx/r_baud_tick_count[0]
    SLICE_X2Y49          LUT3 (Prop_lut3_I1_O)        0.124     6.770 f  u_uart_controller/u_uart_rx/r_baud_tick_count[3]_i_3/O
                         net (fo=6, routed)           1.143     7.912    u_uart_controller/u_uart_rx/r_baud_tick_count[3]_i_3_n_0
    SLICE_X4Y47          LUT5 (Prop_lut5_I4_O)        0.152     8.064 r  u_uart_controller/u_uart_rx/r_bit_index[3]_i_4/O
                         net (fo=1, routed)           0.301     8.365    u_uart_controller/u_uart_rx/r_bit_index[3]_i_4_n_0
    SLICE_X3Y47          LUT5 (Prop_lut5_I4_O)        0.326     8.691 r  u_uart_controller/u_uart_rx/r_bit_index[3]_i_1/O
                         net (fo=4, routed)           0.587     9.279    u_uart_controller/u_uart_rx/r_bit_index[3]_i_1_n_0
    SLICE_X3Y47          FDCE                                         r  u_uart_controller/u_uart_rx/r_bit_index_reg[1]/CE
  -------------------------------------------------------------------    -------------------

                         (clock sys_clk_pin rise edge)
                                                     10.000    10.000 r  
    W5                                                0.000    10.000 r  clk (IN)
                         net (fo=0)                   0.000    10.000    clk
    W5                   IBUF (Prop_ibuf_I_O)         1.388    11.388 r  clk_IBUF_inst/O
                         net (fo=1, routed)           1.862    13.250    clk_IBUF
    BUFGCTRL_X0Y0        BUFG (Prop_bufg_I_O)         0.091    13.341 r  clk_IBUF_BUFG_inst/O
                         net (fo=144, routed)         1.520    14.861    u_uart_controller/u_uart_rx/CLK
    SLICE_X3Y47          FDCE                                         r  u_uart_controller/u_uart_rx/r_bit_index_reg[1]/C
                         clock pessimism              0.180    15.041    
                         clock uncertainty           -0.035    15.006    
    SLICE_X3Y47          FDCE (Setup_fdce_C_CE)      -0.205    14.801    u_uart_controller/u_uart_rx/r_bit_index_reg[1]
  -------------------------------------------------------------------
                         required time                         14.801    
                         arrival time                          -9.279    
  -------------------------------------------------------------------
                         slack                                  5.522    

Slack (MET) :             5.522ns  (required time - arrival time)
  Source:                 u_uart_controller/u_uart_rx/r_baud_tick_count_reg[0]/C
                            (rising edge-triggered cell FDCE clocked by sys_clk_pin  {rise@0.000ns fall@5.000ns period=10.000ns})
  Destination:            u_uart_controller/u_uart_rx/r_bit_index_reg[2]/CE
                            (rising edge-triggered cell FDCE clocked by sys_clk_pin  {rise@0.000ns fall@5.000ns period=10.000ns})
  Path Group:             sys_clk_pin
  Path Type:              Setup (Max at Slow Process Corner)
  Requirement:            10.000ns  (sys_clk_pin rise@10.000ns - sys_clk_pin rise@0.000ns)
  Data Path Delay:        4.131ns  (logic 1.120ns (27.114%)  route 3.011ns (72.886%))
  Logic Levels:           3  (LUT3=1 LUT5=2)
  Clock Path Skew:        -0.107ns (DCD - SCD + CPR)
    Destination Clock Delay (DCD):    4.861ns = ( 14.861 - 10.000 ) 
    Source Clock Delay      (SCD):    5.148ns
    Clock Pessimism Removal (CPR):    0.180ns
  Clock Uncertainty:      0.035ns  ((TSJ^2 + TIJ^2)^1/2 + DJ) / 2 + PE
    Total System Jitter     (TSJ):    0.071ns
    Total Input Jitter      (TIJ):    0.000ns
    Discrete Jitter          (DJ):    0.000ns
    Phase Error              (PE):    0.000ns

    Location             Delay type                Incr(ns)  Path(ns)    Netlist Resource(s)
  -------------------------------------------------------------------    -------------------
                         (clock sys_clk_pin rise edge)
                                                      0.000     0.000 r  
    W5                                                0.000     0.000 r  clk (IN)
                         net (fo=0)                   0.000     0.000    clk
    W5                   IBUF (Prop_ibuf_I_O)         1.458     1.458 r  clk_IBUF_inst/O
                         net (fo=1, routed)           1.967     3.425    clk_IBUF
    BUFGCTRL_X0Y0        BUFG (Prop_bufg_I_O)         0.096     3.521 r  clk_IBUF_BUFG_inst/O
                         net (fo=144, routed)         1.627     5.148    u_uart_controller/u_uart_rx/CLK
    SLICE_X2Y50          FDCE                                         r  u_uart_controller/u_uart_rx/r_baud_tick_count_reg[0]/C
  -------------------------------------------------------------------    -------------------
    SLICE_X2Y50          FDCE (Prop_fdce_C_Q)         0.518     5.666 r  u_uart_controller/u_uart_rx/r_baud_tick_count_reg[0]/Q
                         net (fo=4, routed)           0.980     6.646    u_uart_controller/u_uart_rx/r_baud_tick_count[0]
    SLICE_X2Y49          LUT3 (Prop_lut3_I1_O)        0.124     6.770 f  u_uart_controller/u_uart_rx/r_baud_tick_count[3]_i_3/O
                         net (fo=6, routed)           1.143     7.912    u_uart_controller/u_uart_rx/r_baud_tick_count[3]_i_3_n_0
    SLICE_X4Y47          LUT5 (Prop_lut5_I4_O)        0.152     8.064 r  u_uart_controller/u_uart_rx/r_bit_index[3]_i_4/O
                         net (fo=1, routed)           0.301     8.365    u_uart_controller/u_uart_rx/r_bit_index[3]_i_4_n_0
    SLICE_X3Y47          LUT5 (Prop_lut5_I4_O)        0.326     8.691 r  u_uart_controller/u_uart_rx/r_bit_index[3]_i_1/O
                         net (fo=4, routed)           0.587     9.279    u_uart_controller/u_uart_rx/r_bit_index[3]_i_1_n_0
    SLICE_X3Y47          FDCE                                         r  u_uart_controller/u_uart_rx/r_bit_index_reg[2]/CE
  -------------------------------------------------------------------    -------------------

                         (clock sys_clk_pin rise edge)
                                                     10.000    10.000 r  
    W5                                                0.000    10.000 r  clk (IN)
                         net (fo=0)                   0.000    10.000    clk
    W5                   IBUF (Prop_ibuf_I_O)         1.388    11.388 r  clk_IBUF_inst/O
                         net (fo=1, routed)           1.862    13.250    clk_IBUF
    BUFGCTRL_X0Y0        BUFG (Prop_bufg_I_O)         0.091    13.341 r  clk_IBUF_BUFG_inst/O
                         net (fo=144, routed)         1.520    14.861    u_uart_controller/u_uart_rx/CLK
    SLICE_X3Y47          FDCE                                         r  u_uart_controller/u_uart_rx/r_bit_index_reg[2]/C
                         clock pessimism              0.180    15.041    
                         clock uncertainty           -0.035    15.006    
    SLICE_X3Y47          FDCE (Setup_fdce_C_CE)      -0.205    14.801    u_uart_controller/u_uart_rx/r_bit_index_reg[2]
  -------------------------------------------------------------------
                         required time                         14.801    
                         arrival time                          -9.279    
  -------------------------------------------------------------------
                         slack                                  5.522    

Slack (MET) :             5.522ns  (required time - arrival time)
  Source:                 u_uart_controller/u_uart_rx/r_baud_tick_count_reg[0]/C
                            (rising edge-triggered cell FDCE clocked by sys_clk_pin  {rise@0.000ns fall@5.000ns period=10.000ns})
  Destination:            u_uart_controller/u_uart_rx/r_bit_index_reg[3]/CE
                            (rising edge-triggered cell FDCE clocked by sys_clk_pin  {rise@0.000ns fall@5.000ns period=10.000ns})
  Path Group:             sys_clk_pin
  Path Type:              Setup (Max at Slow Process Corner)
  Requirement:            10.000ns  (sys_clk_pin rise@10.000ns - sys_clk_pin rise@0.000ns)
  Data Path Delay:        4.131ns  (logic 1.120ns (27.114%)  route 3.011ns (72.886%))
  Logic Levels:           3  (LUT3=1 LUT5=2)
  Clock Path Skew:        -0.107ns (DCD - SCD + CPR)
    Destination Clock Delay (DCD):    4.861ns = ( 14.861 - 10.000 ) 
    Source Clock Delay      (SCD):    5.148ns
    Clock Pessimism Removal (CPR):    0.180ns
  Clock Uncertainty:      0.035ns  ((TSJ^2 + TIJ^2)^1/2 + DJ) / 2 + PE
    Total System Jitter     (TSJ):    0.071ns
    Total Input Jitter      (TIJ):    0.000ns
    Discrete Jitter          (DJ):    0.000ns
    Phase Error              (PE):    0.000ns

    Location             Delay type                Incr(ns)  Path(ns)    Netlist Resource(s)
  -------------------------------------------------------------------    -------------------
                         (clock sys_clk_pin rise edge)
                                                      0.000     0.000 r  
    W5                                                0.000     0.000 r  clk (IN)
                         net (fo=0)                   0.000     0.000    clk
    W5                   IBUF (Prop_ibuf_I_O)         1.458     1.458 r  clk_IBUF_inst/O
                         net (fo=1, routed)           1.967     3.425    clk_IBUF
    BUFGCTRL_X0Y0        BUFG (Prop_bufg_I_O)         0.096     3.521 r  clk_IBUF_BUFG_inst/O
                         net (fo=144, routed)         1.627     5.148    u_uart_controller/u_uart_rx/CLK
    SLICE_X2Y50          FDCE                                         r  u_uart_controller/u_uart_rx/r_baud_tick_count_reg[0]/C
  -------------------------------------------------------------------    -------------------
    SLICE_X2Y50          FDCE (Prop_fdce_C_Q)         0.518     5.666 r  u_uart_controller/u_uart_rx/r_baud_tick_count_reg[0]/Q
                         net (fo=4, routed)           0.980     6.646    u_uart_controller/u_uart_rx/r_baud_tick_count[0]
    SLICE_X2Y49          LUT3 (Prop_lut3_I1_O)        0.124     6.770 f  u_uart_controller/u_uart_rx/r_baud_tick_count[3]_i_3/O
                         net (fo=6, routed)           1.143     7.912    u_uart_controller/u_uart_rx/r_baud_tick_count[3]_i_3_n_0
    SLICE_X4Y47          LUT5 (Prop_lut5_I4_O)        0.152     8.064 r  u_uart_controller/u_uart_rx/r_bit_index[3]_i_4/O
                         net (fo=1, routed)           0.301     8.365    u_uart_controller/u_uart_rx/r_bit_index[3]_i_4_n_0
    SLICE_X3Y47          LUT5 (Prop_lut5_I4_O)        0.326     8.691 r  u_uart_controller/u_uart_rx/r_bit_index[3]_i_1/O
                         net (fo=4, routed)           0.587     9.279    u_uart_controller/u_uart_rx/r_bit_index[3]_i_1_n_0
    SLICE_X3Y47          FDCE                                         r  u_uart_controller/u_uart_rx/r_bit_index_reg[3]/CE
  -------------------------------------------------------------------    -------------------

                         (clock sys_clk_pin rise edge)
                                                     10.000    10.000 r  
    W5                                                0.000    10.000 r  clk (IN)
                         net (fo=0)                   0.000    10.000    clk
    W5                   IBUF (Prop_ibuf_I_O)         1.388    11.388 r  clk_IBUF_inst/O
                         net (fo=1, routed)           1.862    13.250    clk_IBUF
    BUFGCTRL_X0Y0        BUFG (Prop_bufg_I_O)         0.091    13.341 r  clk_IBUF_BUFG_inst/O
                         net (fo=144, routed)         1.520    14.861    u_uart_controller/u_uart_rx/CLK
    SLICE_X3Y47          FDCE                                         r  u_uart_controller/u_uart_rx/r_bit_index_reg[3]/C
                         clock pessimism              0.180    15.041    
                         clock uncertainty           -0.035    15.006    
    SLICE_X3Y47          FDCE (Setup_fdce_C_CE)      -0.205    14.801    u_uart_controller/u_uart_rx/r_bit_index_reg[3]
  -------------------------------------------------------------------
                         required time                         14.801    
                         arrival time                          -9.279    
  -------------------------------------------------------------------
                         slack                                  5.522    

Slack (MET) :             5.567ns  (required time - arrival time)
  Source:                 u_control_tower/queue_data_reg[1][7]/C
                            (rising edge-triggered cell FDCE clocked by sys_clk_pin  {rise@0.000ns fall@5.000ns period=10.000ns})
  Destination:            u_control_tower/FSM_onehot_read_write_mode_reg[1]/D
                            (rising edge-triggered cell FDCE clocked by sys_clk_pin  {rise@0.000ns fall@5.000ns period=10.000ns})
  Path Group:             sys_clk_pin
  Path Type:              Setup (Max at Slow Process Corner)
  Requirement:            10.000ns  (sys_clk_pin rise@10.000ns - sys_clk_pin rise@0.000ns)
  Data Path Delay:        4.409ns  (logic 1.174ns (26.629%)  route 3.235ns (73.371%))
  Logic Levels:           4  (LUT5=1 LUT6=3)
  Clock Path Skew:        -0.036ns (DCD - SCD + CPR)
    Destination Clock Delay (DCD):    4.860ns = ( 14.860 - 10.000 ) 
    Source Clock Delay      (SCD):    5.156ns
    Clock Pessimism Removal (CPR):    0.260ns
  Clock Uncertainty:      0.035ns  ((TSJ^2 + TIJ^2)^1/2 + DJ) / 2 + PE
    Total System Jitter     (TSJ):    0.071ns
    Total Input Jitter      (TIJ):    0.000ns
    Discrete Jitter          (DJ):    0.000ns
    Phase Error              (PE):    0.000ns

    Location             Delay type                Incr(ns)  Path(ns)    Netlist Resource(s)
  -------------------------------------------------------------------    -------------------
                         (clock sys_clk_pin rise edge)
                                                      0.000     0.000 r  
    W5                                                0.000     0.000 r  clk (IN)
                         net (fo=0)                   0.000     0.000    clk
    W5                   IBUF (Prop_ibuf_I_O)         1.458     1.458 r  clk_IBUF_inst/O
                         net (fo=1, routed)           1.967     3.425    clk_IBUF
    BUFGCTRL_X0Y0        BUFG (Prop_bufg_I_O)         0.096     3.521 r  clk_IBUF_BUFG_inst/O
                         net (fo=144, routed)         1.635     5.156    u_control_tower/clk_IBUF_BUFG
    SLICE_X6Y44          FDCE                                         r  u_control_tower/queue_data_reg[1][7]/C
  -------------------------------------------------------------------    -------------------
    SLICE_X6Y44          FDCE (Prop_fdce_C_Q)         0.478     5.634 f  u_control_tower/queue_data_reg[1][7]/Q
                         net (fo=1, routed)           1.107     6.741    u_control_tower/queue_data_reg[1][7]
    SLICE_X6Y43          LUT6 (Prop_lut6_I0_O)        0.298     7.039 f  u_control_tower/r_data_for_check[7]_i_6/O
                         net (fo=1, routed)           0.575     7.615    u_control_tower/r_data_for_check[7]_i_6_n_0
    SLICE_X4Y43          LUT6 (Prop_lut6_I4_O)        0.124     7.739 f  u_control_tower/r_data_for_check[7]_i_3/O
                         net (fo=2, routed)           0.826     8.565    u_control_tower/r_data_for_check[7]_i_3_n_0
    SLICE_X3Y43          LUT6 (Prop_lut6_I3_O)        0.124     8.689 r  u_control_tower/FSM_onehot_read_write_mode[2]_i_5/O
                         net (fo=3, routed)           0.726     9.415    u_control_tower/FSM_onehot_read_write_mode[2]_i_5_n_0
    SLICE_X1Y44          LUT5 (Prop_lut5_I4_O)        0.150     9.565 r  u_control_tower/FSM_onehot_read_write_mode[1]_i_1/O
                         net (fo=1, routed)           0.000     9.565    u_control_tower/FSM_onehot_read_write_mode[1]_i_1_n_0
    SLICE_X1Y44          FDCE                                         r  u_control_tower/FSM_onehot_read_write_mode_reg[1]/D
  -------------------------------------------------------------------    -------------------

                         (clock sys_clk_pin rise edge)
                                                     10.000    10.000 r  
    W5                                                0.000    10.000 r  clk (IN)
                         net (fo=0)                   0.000    10.000    clk
    W5                   IBUF (Prop_ibuf_I_O)         1.388    11.388 r  clk_IBUF_inst/O
                         net (fo=1, routed)           1.862    13.250    clk_IBUF
    BUFGCTRL_X0Y0        BUFG (Prop_bufg_I_O)         0.091    13.341 r  clk_IBUF_BUFG_inst/O
                         net (fo=144, routed)         1.519    14.860    u_control_tower/clk_IBUF_BUFG
    SLICE_X1Y44          FDCE                                         r  u_control_tower/FSM_onehot_read_write_mode_reg[1]/C
                         clock pessimism              0.260    15.120    
                         clock uncertainty           -0.035    15.085    
    SLICE_X1Y44          FDCE (Setup_fdce_C_D)        0.047    15.132    u_control_tower/FSM_onehot_read_write_mode_reg[1]
  -------------------------------------------------------------------
                         required time                         15.132    
                         arrival time                          -9.565    
  -------------------------------------------------------------------
                         slack                                  5.567    

Slack (MET) :             5.577ns  (required time - arrival time)
  Source:                 u_control_tower/r_data_for_check_reg[5]/C
                            (rising edge-triggered cell FDRE clocked by sys_clk_pin  {rise@0.000ns fall@5.000ns period=10.000ns})
  Destination:            u_control_tower/u_fsm_pattern/FSM_sequential_current_state_reg[0]/D
                            (rising edge-triggered cell FDCE clocked by sys_clk_pin  {rise@0.000ns fall@5.000ns period=10.000ns})
  Path Group:             sys_clk_pin
  Path Type:              Setup (Max at Slow Process Corner)
  Requirement:            10.000ns  (sys_clk_pin rise@10.000ns - sys_clk_pin rise@0.000ns)
  Data Path Delay:        4.394ns  (logic 1.492ns (33.955%)  route 2.902ns (66.045%))
  Logic Levels:           4  (LUT3=1 LUT5=2 LUT6=1)
  Clock Path Skew:        -0.025ns (DCD - SCD + CPR)
    Destination Clock Delay (DCD):    4.860ns = ( 14.860 - 10.000 ) 
    Source Clock Delay      (SCD):    5.159ns
    Clock Pessimism Removal (CPR):    0.274ns
  Clock Uncertainty:      0.035ns  ((TSJ^2 + TIJ^2)^1/2 + DJ) / 2 + PE
    Total System Jitter     (TSJ):    0.071ns
    Total Input Jitter      (TIJ):    0.000ns
    Discrete Jitter          (DJ):    0.000ns
    Phase Error              (PE):    0.000ns

    Location             Delay type                Incr(ns)  Path(ns)    Netlist Resource(s)
  -------------------------------------------------------------------    -------------------
                         (clock sys_clk_pin rise edge)
                                                      0.000     0.000 r  
    W5                                                0.000     0.000 r  clk (IN)
                         net (fo=0)                   0.000     0.000    clk
    W5                   IBUF (Prop_ibuf_I_O)         1.458     1.458 r  clk_IBUF_inst/O
                         net (fo=1, routed)           1.967     3.425    clk_IBUF
    BUFGCTRL_X0Y0        BUFG (Prop_bufg_I_O)         0.096     3.521 r  clk_IBUF_BUFG_inst/O
                         net (fo=144, routed)         1.638     5.159    u_control_tower/clk_IBUF_BUFG
    SLICE_X2Y43          FDRE                                         r  u_control_tower/r_data_for_check_reg[5]/C
  -------------------------------------------------------------------    -------------------
    SLICE_X2Y43          FDRE (Prop_fdre_C_Q)         0.518     5.677 r  u_control_tower/r_data_for_check_reg[5]/Q
                         net (fo=8, routed)           0.917     6.595    u_control_tower/u_fsm_pattern/FSM_sequential_current_state[2]_i_5_2
    SLICE_X2Y43          LUT5 (Prop_lut5_I1_O)        0.146     6.741 r  u_control_tower/u_fsm_pattern/FSM_sequential_current_state[1]_i_8/O
                         net (fo=6, routed)           1.044     7.785    u_control_tower/u_fsm_pattern/FSM_sequential_current_state[1]_i_8_n_0
    SLICE_X2Y42          LUT3 (Prop_lut3_I1_O)        0.356     8.141 r  u_control_tower/u_fsm_pattern/FSM_sequential_current_state[0]_i_7/O
                         net (fo=1, routed)           0.649     8.790    u_control_tower/u_fsm_pattern/FSM_sequential_current_state[0]_i_7_n_0
    SLICE_X1Y42          LUT6 (Prop_lut6_I2_O)        0.348     9.138 r  u_control_tower/u_fsm_pattern/FSM_sequential_current_state[0]_i_3/O
                         net (fo=1, routed)           0.291     9.429    u_control_tower/u_fsm_pattern/FSM_sequential_current_state[0]_i_3_n_0
    SLICE_X1Y43          LUT5 (Prop_lut5_I2_O)        0.124     9.553 r  u_control_tower/u_fsm_pattern/FSM_sequential_current_state[0]_i_1/O
                         net (fo=1, routed)           0.000     9.553    u_control_tower/u_fsm_pattern/next_state[0]
    SLICE_X1Y43          FDCE                                         r  u_control_tower/u_fsm_pattern/FSM_sequential_current_state_reg[0]/D
  -------------------------------------------------------------------    -------------------

                         (clock sys_clk_pin rise edge)
                                                     10.000    10.000 r  
    W5                                                0.000    10.000 r  clk (IN)
                         net (fo=0)                   0.000    10.000    clk
    W5                   IBUF (Prop_ibuf_I_O)         1.388    11.388 r  clk_IBUF_inst/O
                         net (fo=1, routed)           1.862    13.250    clk_IBUF
    BUFGCTRL_X0Y0        BUFG (Prop_bufg_I_O)         0.091    13.341 r  clk_IBUF_BUFG_inst/O
                         net (fo=144, routed)         1.519    14.860    u_control_tower/u_fsm_pattern/clk_IBUF_BUFG
    SLICE_X1Y43          FDCE                                         r  u_control_tower/u_fsm_pattern/FSM_sequential_current_state_reg[0]/C
                         clock pessimism              0.274    15.134    
                         clock uncertainty           -0.035    15.099    
    SLICE_X1Y43          FDCE (Setup_fdce_C_D)        0.031    15.130    u_control_tower/u_fsm_pattern/FSM_sequential_current_state_reg[0]
  -------------------------------------------------------------------
                         required time                         15.130    
                         arrival time                          -9.553    
  -------------------------------------------------------------------
                         slack                                  5.577    

Slack (MET) :             5.672ns  (required time - arrival time)
  Source:                 u_uart_controller/u_uart_rx/data_out_reg[6]/C
                            (rising edge-triggered cell FDCE clocked by sys_clk_pin  {rise@0.000ns fall@5.000ns period=10.000ns})
  Destination:            u_control_tower/r_data_for_check_reg[1]/R
                            (rising edge-triggered cell FDRE clocked by sys_clk_pin  {rise@0.000ns fall@5.000ns period=10.000ns})
  Path Group:             sys_clk_pin
  Path Type:              Setup (Max at Slow Process Corner)
  Requirement:            10.000ns  (sys_clk_pin rise@10.000ns - sys_clk_pin rise@0.000ns)
  Data Path Delay:        3.524ns  (logic 0.833ns (23.637%)  route 2.691ns (76.363%))
  Logic Levels:           2  (LUT4=1 LUT5=1)
  Clock Path Skew:        -0.036ns (DCD - SCD + CPR)
    Destination Clock Delay (DCD):    4.860ns = ( 14.860 - 10.000 ) 
    Source Clock Delay      (SCD):    5.156ns
    Clock Pessimism Removal (CPR):    0.260ns
  Clock Uncertainty:      0.035ns  ((TSJ^2 + TIJ^2)^1/2 + DJ) / 2 + PE
    Total System Jitter     (TSJ):    0.071ns
    Total Input Jitter      (TIJ):    0.000ns
    Discrete Jitter          (DJ):    0.000ns
    Phase Error              (PE):    0.000ns

    Location             Delay type                Incr(ns)  Path(ns)    Netlist Resource(s)
  -------------------------------------------------------------------    -------------------
                         (clock sys_clk_pin rise edge)
                                                      0.000     0.000 r  
    W5                                                0.000     0.000 r  clk (IN)
                         net (fo=0)                   0.000     0.000    clk
    W5                   IBUF (Prop_ibuf_I_O)         1.458     1.458 r  clk_IBUF_inst/O
                         net (fo=1, routed)           1.967     3.425    clk_IBUF
    BUFGCTRL_X0Y0        BUFG (Prop_bufg_I_O)         0.096     3.521 r  clk_IBUF_BUFG_inst/O
                         net (fo=144, routed)         1.635     5.156    u_uart_controller/u_uart_rx/CLK
    SLICE_X4Y46          FDCE                                         r  u_uart_controller/u_uart_rx/data_out_reg[6]/C
  -------------------------------------------------------------------    -------------------
    SLICE_X4Y46          FDCE (Prop_fdce_C_Q)         0.419     5.575 f  u_uart_controller/u_uart_rx/data_out_reg[6]/Q
                         net (fo=11, routed)          1.794     7.369    u_uart_controller/u_uart_rx/Q[6]
    SLICE_X2Y44          LUT5 (Prop_lut5_I2_O)        0.297     7.666 r  u_uart_controller/u_uart_rx/FSM_onehot_read_write_mode[2]_i_2/O
                         net (fo=4, routed)           0.415     8.081    u_control_tower/FSM_onehot_read_write_mode_reg[2]_0
    SLICE_X1Y44          LUT4 (Prop_lut4_I0_O)        0.117     8.198 r  u_control_tower/r_data_for_check[7]_i_1/O
                         net (fo=8, routed)           0.482     8.680    u_control_tower/r_data_for_check[7]_i_1_n_0
    SLICE_X2Y43          FDRE                                         r  u_control_tower/r_data_for_check_reg[1]/R
  -------------------------------------------------------------------    -------------------

                         (clock sys_clk_pin rise edge)
                                                     10.000    10.000 r  
    W5                                                0.000    10.000 r  clk (IN)
                         net (fo=0)                   0.000    10.000    clk
    W5                   IBUF (Prop_ibuf_I_O)         1.388    11.388 r  clk_IBUF_inst/O
                         net (fo=1, routed)           1.862    13.250    clk_IBUF
    BUFGCTRL_X0Y0        BUFG (Prop_bufg_I_O)         0.091    13.341 r  clk_IBUF_BUFG_inst/O
                         net (fo=144, routed)         1.519    14.860    u_control_tower/clk_IBUF_BUFG
    SLICE_X2Y43          FDRE                                         r  u_control_tower/r_data_for_check_reg[1]/C
                         clock pessimism              0.260    15.120    
                         clock uncertainty           -0.035    15.085    
    SLICE_X2Y43          FDRE (Setup_fdre_C_R)       -0.732    14.353    u_control_tower/r_data_for_check_reg[1]
  -------------------------------------------------------------------
                         required time                         14.353    
                         arrival time                          -8.680    
  -------------------------------------------------------------------
                         slack                                  5.672    

Slack (MET) :             5.672ns  (required time - arrival time)
  Source:                 u_uart_controller/u_uart_rx/data_out_reg[6]/C
                            (rising edge-triggered cell FDCE clocked by sys_clk_pin  {rise@0.000ns fall@5.000ns period=10.000ns})
  Destination:            u_control_tower/r_data_for_check_reg[2]/R
                            (rising edge-triggered cell FDRE clocked by sys_clk_pin  {rise@0.000ns fall@5.000ns period=10.000ns})
  Path Group:             sys_clk_pin
  Path Type:              Setup (Max at Slow Process Corner)
  Requirement:            10.000ns  (sys_clk_pin rise@10.000ns - sys_clk_pin rise@0.000ns)
  Data Path Delay:        3.524ns  (logic 0.833ns (23.637%)  route 2.691ns (76.363%))
  Logic Levels:           2  (LUT4=1 LUT5=1)
  Clock Path Skew:        -0.036ns (DCD - SCD + CPR)
    Destination Clock Delay (DCD):    4.860ns = ( 14.860 - 10.000 ) 
    Source Clock Delay      (SCD):    5.156ns
    Clock Pessimism Removal (CPR):    0.260ns
  Clock Uncertainty:      0.035ns  ((TSJ^2 + TIJ^2)^1/2 + DJ) / 2 + PE
    Total System Jitter     (TSJ):    0.071ns
    Total Input Jitter      (TIJ):    0.000ns
    Discrete Jitter          (DJ):    0.000ns
    Phase Error              (PE):    0.000ns

    Location             Delay type                Incr(ns)  Path(ns)    Netlist Resource(s)
  -------------------------------------------------------------------    -------------------
                         (clock sys_clk_pin rise edge)
                                                      0.000     0.000 r  
    W5                                                0.000     0.000 r  clk (IN)
                         net (fo=0)                   0.000     0.000    clk
    W5                   IBUF (Prop_ibuf_I_O)         1.458     1.458 r  clk_IBUF_inst/O
                         net (fo=1, routed)           1.967     3.425    clk_IBUF
    BUFGCTRL_X0Y0        BUFG (Prop_bufg_I_O)         0.096     3.521 r  clk_IBUF_BUFG_inst/O
                         net (fo=144, routed)         1.635     5.156    u_uart_controller/u_uart_rx/CLK
    SLICE_X4Y46          FDCE                                         r  u_uart_controller/u_uart_rx/data_out_reg[6]/C
  -------------------------------------------------------------------    -------------------
    SLICE_X4Y46          FDCE (Prop_fdce_C_Q)         0.419     5.575 f  u_uart_controller/u_uart_rx/data_out_reg[6]/Q
                         net (fo=11, routed)          1.794     7.369    u_uart_controller/u_uart_rx/Q[6]
    SLICE_X2Y44          LUT5 (Prop_lut5_I2_O)        0.297     7.666 r  u_uart_controller/u_uart_rx/FSM_onehot_read_write_mode[2]_i_2/O
                         net (fo=4, routed)           0.415     8.081    u_control_tower/FSM_onehot_read_write_mode_reg[2]_0
    SLICE_X1Y44          LUT4 (Prop_lut4_I0_O)        0.117     8.198 r  u_control_tower/r_data_for_check[7]_i_1/O
                         net (fo=8, routed)           0.482     8.680    u_control_tower/r_data_for_check[7]_i_1_n_0
    SLICE_X2Y43          FDRE                                         r  u_control_tower/r_data_for_check_reg[2]/R
  -------------------------------------------------------------------    -------------------

                         (clock sys_clk_pin rise edge)
                                                     10.000    10.000 r  
    W5                                                0.000    10.000 r  clk (IN)
                         net (fo=0)                   0.000    10.000    clk
    W5                   IBUF (Prop_ibuf_I_O)         1.388    11.388 r  clk_IBUF_inst/O
                         net (fo=1, routed)           1.862    13.250    clk_IBUF
    BUFGCTRL_X0Y0        BUFG (Prop_bufg_I_O)         0.091    13.341 r  clk_IBUF_BUFG_inst/O
                         net (fo=144, routed)         1.519    14.860    u_control_tower/clk_IBUF_BUFG
    SLICE_X2Y43          FDRE                                         r  u_control_tower/r_data_for_check_reg[2]/C
                         clock pessimism              0.260    15.120    
                         clock uncertainty           -0.035    15.085    
    SLICE_X2Y43          FDRE (Setup_fdre_C_R)       -0.732    14.353    u_control_tower/r_data_for_check_reg[2]
  -------------------------------------------------------------------
                         required time                         14.353    
                         arrival time                          -8.680    
  -------------------------------------------------------------------
                         slack                                  5.672    

Slack (MET) :             5.672ns  (required time - arrival time)
  Source:                 u_uart_controller/u_uart_rx/data_out_reg[6]/C
                            (rising edge-triggered cell FDCE clocked by sys_clk_pin  {rise@0.000ns fall@5.000ns period=10.000ns})
  Destination:            u_control_tower/r_data_for_check_reg[4]/R
                            (rising edge-triggered cell FDRE clocked by sys_clk_pin  {rise@0.000ns fall@5.000ns period=10.000ns})
  Path Group:             sys_clk_pin
  Path Type:              Setup (Max at Slow Process Corner)
  Requirement:            10.000ns  (sys_clk_pin rise@10.000ns - sys_clk_pin rise@0.000ns)
  Data Path Delay:        3.524ns  (logic 0.833ns (23.637%)  route 2.691ns (76.363%))
  Logic Levels:           2  (LUT4=1 LUT5=1)
  Clock Path Skew:        -0.036ns (DCD - SCD + CPR)
    Destination Clock Delay (DCD):    4.860ns = ( 14.860 - 10.000 ) 
    Source Clock Delay      (SCD):    5.156ns
    Clock Pessimism Removal (CPR):    0.260ns
  Clock Uncertainty:      0.035ns  ((TSJ^2 + TIJ^2)^1/2 + DJ) / 2 + PE
    Total System Jitter     (TSJ):    0.071ns
    Total Input Jitter      (TIJ):    0.000ns
    Discrete Jitter          (DJ):    0.000ns
    Phase Error              (PE):    0.000ns

    Location             Delay type                Incr(ns)  Path(ns)    Netlist Resource(s)
  -------------------------------------------------------------------    -------------------
                         (clock sys_clk_pin rise edge)
                                                      0.000     0.000 r  
    W5                                                0.000     0.000 r  clk (IN)
                         net (fo=0)                   0.000     0.000    clk
    W5                   IBUF (Prop_ibuf_I_O)         1.458     1.458 r  clk_IBUF_inst/O
                         net (fo=1, routed)           1.967     3.425    clk_IBUF
    BUFGCTRL_X0Y0        BUFG (Prop_bufg_I_O)         0.096     3.521 r  clk_IBUF_BUFG_inst/O
                         net (fo=144, routed)         1.635     5.156    u_uart_controller/u_uart_rx/CLK
    SLICE_X4Y46          FDCE                                         r  u_uart_controller/u_uart_rx/data_out_reg[6]/C
  -------------------------------------------------------------------    -------------------
    SLICE_X4Y46          FDCE (Prop_fdce_C_Q)         0.419     5.575 f  u_uart_controller/u_uart_rx/data_out_reg[6]/Q
                         net (fo=11, routed)          1.794     7.369    u_uart_controller/u_uart_rx/Q[6]
    SLICE_X2Y44          LUT5 (Prop_lut5_I2_O)        0.297     7.666 r  u_uart_controller/u_uart_rx/FSM_onehot_read_write_mode[2]_i_2/O
                         net (fo=4, routed)           0.415     8.081    u_control_tower/FSM_onehot_read_write_mode_reg[2]_0
    SLICE_X1Y44          LUT4 (Prop_lut4_I0_O)        0.117     8.198 r  u_control_tower/r_data_for_check[7]_i_1/O
                         net (fo=8, routed)           0.482     8.680    u_control_tower/r_data_for_check[7]_i_1_n_0
    SLICE_X2Y43          FDRE                                         r  u_control_tower/r_data_for_check_reg[4]/R
  -------------------------------------------------------------------    -------------------

                         (clock sys_clk_pin rise edge)
                                                     10.000    10.000 r  
    W5                                                0.000    10.000 r  clk (IN)
                         net (fo=0)                   0.000    10.000    clk
    W5                   IBUF (Prop_ibuf_I_O)         1.388    11.388 r  clk_IBUF_inst/O
                         net (fo=1, routed)           1.862    13.250    clk_IBUF
    BUFGCTRL_X0Y0        BUFG (Prop_bufg_I_O)         0.091    13.341 r  clk_IBUF_BUFG_inst/O
                         net (fo=144, routed)         1.519    14.860    u_control_tower/clk_IBUF_BUFG
    SLICE_X2Y43          FDRE                                         r  u_control_tower/r_data_for_check_reg[4]/C
                         clock pessimism              0.260    15.120    
                         clock uncertainty           -0.035    15.085    
    SLICE_X2Y43          FDRE (Setup_fdre_C_R)       -0.732    14.353    u_control_tower/r_data_for_check_reg[4]
  -------------------------------------------------------------------
                         required time                         14.353    
                         arrival time                          -8.680    
  -------------------------------------------------------------------
                         slack                                  5.672    





Min Delay Paths
--------------------------------------------------------------------------------------
Slack (MET) :             0.041ns  (arrival time - required time)
  Source:                 u_uart_controller/u_uart_rx/r_baud_tick_count_reg[3]/C
                            (rising edge-triggered cell FDCE clocked by sys_clk_pin  {rise@0.000ns fall@5.000ns period=10.000ns})
  Destination:            u_uart_controller/u_uart_rx/r_baud_tick_count_reg[0]/D
                            (rising edge-triggered cell FDCE clocked by sys_clk_pin  {rise@0.000ns fall@5.000ns period=10.000ns})
  Path Group:             sys_clk_pin
  Path Type:              Hold (Min at Fast Process Corner)
  Requirement:            0.000ns  (sys_clk_pin rise@0.000ns - sys_clk_pin rise@0.000ns)
  Data Path Delay:        0.430ns  (logic 0.209ns (48.588%)  route 0.221ns (51.412%))
  Logic Levels:           1  (LUT5=1)
  Clock Path Skew:        0.269ns (DCD - SCD - CPR)
    Destination Clock Delay (DCD):    1.992ns
    Source Clock Delay      (SCD):    1.479ns
    Clock Pessimism Removal (CPR):    0.244ns

    Location             Delay type                Incr(ns)  Path(ns)    Netlist Resource(s)
  -------------------------------------------------------------------    -------------------
                         (clock sys_clk_pin rise edge)
                                                      0.000     0.000 r  
    W5                                                0.000     0.000 r  clk (IN)
                         net (fo=0)                   0.000     0.000    clk
    W5                   IBUF (Prop_ibuf_I_O)         0.226     0.226 r  clk_IBUF_inst/O
                         net (fo=1, routed)           0.631     0.858    clk_IBUF
    BUFGCTRL_X0Y0        BUFG (Prop_bufg_I_O)         0.026     0.884 r  clk_IBUF_BUFG_inst/O
                         net (fo=144, routed)         0.596     1.479    u_uart_controller/u_uart_rx/CLK
    SLICE_X2Y49          FDCE                                         r  u_uart_controller/u_uart_rx/r_baud_tick_count_reg[3]/C
  -------------------------------------------------------------------    -------------------
    SLICE_X2Y49          FDCE (Prop_fdce_C_Q)         0.164     1.643 f  u_uart_controller/u_uart_rx/r_baud_tick_count_reg[3]/Q
                         net (fo=9, routed)           0.221     1.864    u_uart_controller/u_uart_rx/r_baud_tick_count[3]
    SLICE_X2Y50          LUT5 (Prop_lut5_I1_O)        0.045     1.909 r  u_uart_controller/u_uart_rx/r_baud_tick_count[0]_i_1/O
                         net (fo=1, routed)           0.000     1.909    u_uart_controller/u_uart_rx/r_baud_tick_count[0]_i_1_n_0
    SLICE_X2Y50          FDCE                                         r  u_uart_controller/u_uart_rx/r_baud_tick_count_reg[0]/D
  -------------------------------------------------------------------    -------------------

                         (clock sys_clk_pin rise edge)
                                                      0.000     0.000 r  
    W5                                                0.000     0.000 r  clk (IN)
                         net (fo=0)                   0.000     0.000    clk
    W5                   IBUF (Prop_ibuf_I_O)         0.414     0.414 r  clk_IBUF_inst/O
                         net (fo=1, routed)           0.685     1.099    clk_IBUF
    BUFGCTRL_X0Y0        BUFG (Prop_bufg_I_O)         0.029     1.128 r  clk_IBUF_BUFG_inst/O
                         net (fo=144, routed)         0.864     1.992    u_uart_controller/u_uart_rx/CLK
    SLICE_X2Y50          FDCE                                         r  u_uart_controller/u_uart_rx/r_baud_tick_count_reg[0]/C
                         clock pessimism             -0.244     1.748    
    SLICE_X2Y50          FDCE (Hold_fdce_C_D)         0.120     1.868    u_uart_controller/u_uart_rx/r_baud_tick_count_reg[0]
  -------------------------------------------------------------------
                         required time                         -1.868    
                         arrival time                           1.909    
  -------------------------------------------------------------------
                         slack                                  0.041    

Slack (MET) :             0.044ns  (arrival time - required time)
  Source:                 u_uart_controller/u_uart_rx/r_baud_tick_count_reg[3]/C
                            (rising edge-triggered cell FDCE clocked by sys_clk_pin  {rise@0.000ns fall@5.000ns period=10.000ns})
  Destination:            u_uart_controller/u_uart_rx/r_baud_tick_count_reg[1]/D
                            (rising edge-triggered cell FDCE clocked by sys_clk_pin  {rise@0.000ns fall@5.000ns period=10.000ns})
  Path Group:             sys_clk_pin
  Path Type:              Hold (Min at Fast Process Corner)
  Requirement:            0.000ns  (sys_clk_pin rise@0.000ns - sys_clk_pin rise@0.000ns)
  Data Path Delay:        0.434ns  (logic 0.209ns (48.140%)  route 0.225ns (51.860%))
  Logic Levels:           1  (LUT6=1)
  Clock Path Skew:        0.269ns (DCD - SCD - CPR)
    Destination Clock Delay (DCD):    1.992ns
    Source Clock Delay      (SCD):    1.479ns
    Clock Pessimism Removal (CPR):    0.244ns

    Location             Delay type                Incr(ns)  Path(ns)    Netlist Resource(s)
  -------------------------------------------------------------------    -------------------
                         (clock sys_clk_pin rise edge)
                                                      0.000     0.000 r  
    W5                                                0.000     0.000 r  clk (IN)
                         net (fo=0)                   0.000     0.000    clk
    W5                   IBUF (Prop_ibuf_I_O)         0.226     0.226 r  clk_IBUF_inst/O
                         net (fo=1, routed)           0.631     0.858    clk_IBUF
    BUFGCTRL_X0Y0        BUFG (Prop_bufg_I_O)         0.026     0.884 r  clk_IBUF_BUFG_inst/O
                         net (fo=144, routed)         0.596     1.479    u_uart_controller/u_uart_rx/CLK
    SLICE_X2Y49          FDCE                                         r  u_uart_controller/u_uart_rx/r_baud_tick_count_reg[3]/C
  -------------------------------------------------------------------    -------------------
    SLICE_X2Y49          FDCE (Prop_fdce_C_Q)         0.164     1.643 f  u_uart_controller/u_uart_rx/r_baud_tick_count_reg[3]/Q
                         net (fo=9, routed)           0.225     1.868    u_uart_controller/u_uart_rx/r_baud_tick_count[3]
    SLICE_X2Y50          LUT6 (Prop_lut6_I1_O)        0.045     1.913 r  u_uart_controller/u_uart_rx/r_baud_tick_count[1]_i_1/O
                         net (fo=1, routed)           0.000     1.913    u_uart_controller/u_uart_rx/r_baud_tick_count[1]_i_1_n_0
    SLICE_X2Y50          FDCE                                         r  u_uart_controller/u_uart_rx/r_baud_tick_count_reg[1]/D
  -------------------------------------------------------------------    -------------------

                         (clock sys_clk_pin rise edge)
                                                      0.000     0.000 r  
    W5                                                0.000     0.000 r  clk (IN)
                         net (fo=0)                   0.000     0.000    clk
    W5                   IBUF (Prop_ibuf_I_O)         0.414     0.414 r  clk_IBUF_inst/O
                         net (fo=1, routed)           0.685     1.099    clk_IBUF
    BUFGCTRL_X0Y0        BUFG (Prop_bufg_I_O)         0.029     1.128 r  clk_IBUF_BUFG_inst/O
                         net (fo=144, routed)         0.864     1.992    u_uart_controller/u_uart_rx/CLK
    SLICE_X2Y50          FDCE                                         r  u_uart_controller/u_uart_rx/r_baud_tick_count_reg[1]/C
                         clock pessimism             -0.244     1.748    
    SLICE_X2Y50          FDCE (Hold_fdce_C_D)         0.121     1.869    u_uart_controller/u_uart_rx/r_baud_tick_count_reg[1]
  -------------------------------------------------------------------
                         required time                         -1.869    
                         arrival time                           1.913    
  -------------------------------------------------------------------
                         slack                                  0.044    

Slack (MET) :             0.132ns  (arrival time - required time)
  Source:                 u_uart_controller/u_uart_rx/rx_ff2_reg/C
                            (rising edge-triggered cell FDRE clocked by sys_clk_pin  {rise@0.000ns fall@5.000ns period=10.000ns})
  Destination:            u_uart_controller/u_uart_rx/r_data_register_reg[7]/D
                            (rising edge-triggered cell FDCE clocked by sys_clk_pin  {rise@0.000ns fall@5.000ns period=10.000ns})
  Path Group:             sys_clk_pin
  Path Type:              Hold (Min at Fast Process Corner)
  Requirement:            0.000ns  (sys_clk_pin rise@0.000ns - sys_clk_pin rise@0.000ns)
  Data Path Delay:        0.495ns  (logic 0.209ns (42.181%)  route 0.286ns (57.819%))
  Logic Levels:           1  (LUT6=1)
  Clock Path Skew:        0.272ns (DCD - SCD - CPR)
    Destination Clock Delay (DCD):    1.993ns
    Source Clock Delay      (SCD):    1.477ns
    Clock Pessimism Removal (CPR):    0.244ns

    Location             Delay type                Incr(ns)  Path(ns)    Netlist Resource(s)
  -------------------------------------------------------------------    -------------------
                         (clock sys_clk_pin rise edge)
                                                      0.000     0.000 r  
    W5                                                0.000     0.000 r  clk (IN)
                         net (fo=0)                   0.000     0.000    clk
    W5                   IBUF (Prop_ibuf_I_O)         0.226     0.226 r  clk_IBUF_inst/O
                         net (fo=1, routed)           0.631     0.858    clk_IBUF
    BUFGCTRL_X0Y0        BUFG (Prop_bufg_I_O)         0.026     0.884 r  clk_IBUF_BUFG_inst/O
                         net (fo=144, routed)         0.594     1.477    u_uart_controller/u_uart_rx/CLK
    SLICE_X2Y51          FDRE                                         r  u_uart_controller/u_uart_rx/rx_ff2_reg/C
  -------------------------------------------------------------------    -------------------
    SLICE_X2Y51          FDRE (Prop_fdre_C_Q)         0.164     1.641 r  u_uart_controller/u_uart_rx/rx_ff2_reg/Q
                         net (fo=14, routed)          0.286     1.928    u_uart_controller/u_uart_rx/rx_ff2
    SLICE_X3Y46          LUT6 (Prop_lut6_I0_O)        0.045     1.973 r  u_uart_controller/u_uart_rx/r_data_register[7]_i_1/O
                         net (fo=1, routed)           0.000     1.973    u_uart_controller/u_uart_rx/r_data_register[7]_i_1_n_0
    SLICE_X3Y46          FDCE                                         r  u_uart_controller/u_uart_rx/r_data_register_reg[7]/D
  -------------------------------------------------------------------    -------------------

                         (clock sys_clk_pin rise edge)
                                                      0.000     0.000 r  
    W5                                                0.000     0.000 r  clk (IN)
                         net (fo=0)                   0.000     0.000    clk
    W5                   IBUF (Prop_ibuf_I_O)         0.414     0.414 r  clk_IBUF_inst/O
                         net (fo=1, routed)           0.685     1.099    clk_IBUF
    BUFGCTRL_X0Y0        BUFG (Prop_bufg_I_O)         0.029     1.128 r  clk_IBUF_BUFG_inst/O
                         net (fo=144, routed)         0.866     1.993    u_uart_controller/u_uart_rx/CLK
    SLICE_X3Y46          FDCE                                         r  u_uart_controller/u_uart_rx/r_data_register_reg[7]/C
                         clock pessimism             -0.244     1.749    
    SLICE_X3Y46          FDCE (Hold_fdce_C_D)         0.092     1.841    u_uart_controller/u_uart_rx/r_data_register_reg[7]
  -------------------------------------------------------------------
                         required time                         -1.841    
                         arrival time                           1.973    
  -------------------------------------------------------------------
                         slack                                  0.132    

Slack (MET) :             0.180ns  (arrival time - required time)
  Source:                 u_uart_controller/u_uart_rx/r_data_register_reg[6]/C
                            (rising edge-triggered cell FDCE clocked by sys_clk_pin  {rise@0.000ns fall@5.000ns period=10.000ns})
  Destination:            u_uart_controller/u_uart_rx/data_out_reg[6]/D
                            (rising edge-triggered cell FDCE clocked by sys_clk_pin  {rise@0.000ns fall@5.000ns period=10.000ns})
  Path Group:             sys_clk_pin
  Path Type:              Hold (Min at Fast Process Corner)
  Requirement:            0.000ns  (sys_clk_pin rise@0.000ns - sys_clk_pin rise@0.000ns)
  Data Path Delay:        0.269ns  (logic 0.141ns (52.485%)  route 0.128ns (47.515%))
  Logic Levels:           0  
  Clock Path Skew:        0.013ns (DCD - SCD - CPR)
    Destination Clock Delay (DCD):    1.991ns
    Source Clock Delay      (SCD):    1.476ns
    Clock Pessimism Removal (CPR):    0.502ns

    Location             Delay type                Incr(ns)  Path(ns)    Netlist Resource(s)
  -------------------------------------------------------------------    -------------------
                         (clock sys_clk_pin rise edge)
                                                      0.000     0.000 r  
    W5                                                0.000     0.000 r  clk (IN)
                         net (fo=0)                   0.000     0.000    clk
    W5                   IBUF (Prop_ibuf_I_O)         0.226     0.226 r  clk_IBUF_inst/O
                         net (fo=1, routed)           0.631     0.858    clk_IBUF
    BUFGCTRL_X0Y0        BUFG (Prop_bufg_I_O)         0.026     0.884 r  clk_IBUF_BUFG_inst/O
                         net (fo=144, routed)         0.593     1.476    u_uart_controller/u_uart_rx/CLK
    SLICE_X5Y46          FDCE                                         r  u_uart_controller/u_uart_rx/r_data_register_reg[6]/C
  -------------------------------------------------------------------    -------------------
    SLICE_X5Y46          FDCE (Prop_fdce_C_Q)         0.141     1.617 r  u_uart_controller/u_uart_rx/r_data_register_reg[6]/Q
                         net (fo=2, routed)           0.128     1.745    u_uart_controller/u_uart_rx/r_data_register_reg_n_0_[6]
    SLICE_X4Y46          FDCE                                         r  u_uart_controller/u_uart_rx/data_out_reg[6]/D
  -------------------------------------------------------------------    -------------------

                         (clock sys_clk_pin rise edge)
                                                      0.000     0.000 r  
    W5                                                0.000     0.000 r  clk (IN)
                         net (fo=0)                   0.000     0.000    clk
    W5                   IBUF (Prop_ibuf_I_O)         0.414     0.414 r  clk_IBUF_inst/O
                         net (fo=1, routed)           0.685     1.099    clk_IBUF
    BUFGCTRL_X0Y0        BUFG (Prop_bufg_I_O)         0.029     1.128 r  clk_IBUF_BUFG_inst/O
                         net (fo=144, routed)         0.864     1.991    u_uart_controller/u_uart_rx/CLK
    SLICE_X4Y46          FDCE                                         r  u_uart_controller/u_uart_rx/data_out_reg[6]/C
                         clock pessimism             -0.502     1.489    
    SLICE_X4Y46          FDCE (Hold_fdce_C_D)         0.076     1.565    u_uart_controller/u_uart_rx/data_out_reg[6]
  -------------------------------------------------------------------
                         required time                         -1.565    
                         arrival time                           1.745    
  -------------------------------------------------------------------
                         slack                                  0.180    

Slack (MET) :             0.187ns  (arrival time - required time)
  Source:                 u_uart_controller/u_uart_rx/r_data_register_reg[4]/C
                            (rising edge-triggered cell FDCE clocked by sys_clk_pin  {rise@0.000ns fall@5.000ns period=10.000ns})
  Destination:            u_uart_controller/u_uart_rx/data_out_reg[4]/D
                            (rising edge-triggered cell FDCE clocked by sys_clk_pin  {rise@0.000ns fall@5.000ns period=10.000ns})
  Path Group:             sys_clk_pin
  Path Type:              Hold (Min at Fast Process Corner)
  Requirement:            0.000ns  (sys_clk_pin rise@0.000ns - sys_clk_pin rise@0.000ns)
  Data Path Delay:        0.275ns  (logic 0.141ns (51.365%)  route 0.134ns (48.635%))
  Logic Levels:           0  
  Clock Path Skew:        0.013ns (DCD - SCD - CPR)
    Destination Clock Delay (DCD):    1.991ns
    Source Clock Delay      (SCD):    1.476ns
    Clock Pessimism Removal (CPR):    0.502ns

    Location             Delay type                Incr(ns)  Path(ns)    Netlist Resource(s)
  -------------------------------------------------------------------    -------------------
                         (clock sys_clk_pin rise edge)
                                                      0.000     0.000 r  
    W5                                                0.000     0.000 r  clk (IN)
                         net (fo=0)                   0.000     0.000    clk
    W5                   IBUF (Prop_ibuf_I_O)         0.226     0.226 r  clk_IBUF_inst/O
                         net (fo=1, routed)           0.631     0.858    clk_IBUF
    BUFGCTRL_X0Y0        BUFG (Prop_bufg_I_O)         0.026     0.884 r  clk_IBUF_BUFG_inst/O
                         net (fo=144, routed)         0.593     1.476    u_uart_controller/u_uart_rx/CLK
    SLICE_X5Y46          FDCE                                         r  u_uart_controller/u_uart_rx/r_data_register_reg[4]/C
  -------------------------------------------------------------------    -------------------
    SLICE_X5Y46          FDCE (Prop_fdce_C_Q)         0.141     1.617 r  u_uart_controller/u_uart_rx/r_data_register_reg[4]/Q
                         net (fo=2, routed)           0.134     1.751    u_uart_controller/u_uart_rx/r_data_register_reg_n_0_[4]
    SLICE_X4Y46          FDCE                                         r  u_uart_controller/u_uart_rx/data_out_reg[4]/D
  -------------------------------------------------------------------    -------------------

                         (clock sys_clk_pin rise edge)
                                                      0.000     0.000 r  
    W5                                                0.000     0.000 r  clk (IN)
                         net (fo=0)                   0.000     0.000    clk
    W5                   IBUF (Prop_ibuf_I_O)         0.414     0.414 r  clk_IBUF_inst/O
                         net (fo=1, routed)           0.685     1.099    clk_IBUF
    BUFGCTRL_X0Y0        BUFG (Prop_bufg_I_O)         0.029     1.128 r  clk_IBUF_BUFG_inst/O
                         net (fo=144, routed)         0.864     1.991    u_uart_controller/u_uart_rx/CLK
    SLICE_X4Y46          FDCE                                         r  u_uart_controller/u_uart_rx/data_out_reg[4]/C
                         clock pessimism             -0.502     1.489    
    SLICE_X4Y46          FDCE (Hold_fdce_C_D)         0.075     1.564    u_uart_controller/u_uart_rx/data_out_reg[4]
  -------------------------------------------------------------------
                         required time                         -1.564    
                         arrival time                           1.751    
  -------------------------------------------------------------------
                         slack                                  0.187    

Slack (MET) :             0.188ns  (arrival time - required time)
  Source:                 u_uart_controller/u_uart_rx/r_data_register_reg[1]/C
                            (rising edge-triggered cell FDCE clocked by sys_clk_pin  {rise@0.000ns fall@5.000ns period=10.000ns})
  Destination:            u_uart_controller/u_uart_rx/data_out_reg[1]/D
                            (rising edge-triggered cell FDCE clocked by sys_clk_pin  {rise@0.000ns fall@5.000ns period=10.000ns})
  Path Group:             sys_clk_pin
  Path Type:              Hold (Min at Fast Process Corner)
  Requirement:            0.000ns  (sys_clk_pin rise@0.000ns - sys_clk_pin rise@0.000ns)
  Data Path Delay:        0.270ns  (logic 0.141ns (52.143%)  route 0.129ns (47.857%))
  Logic Levels:           0  
  Clock Path Skew:        0.035ns (DCD - SCD - CPR)
    Destination Clock Delay (DCD):    1.991ns
    Source Clock Delay      (SCD):    1.478ns
    Clock Pessimism Removal (CPR):    0.478ns

    Location             Delay type                Incr(ns)  Path(ns)    Netlist Resource(s)
  -------------------------------------------------------------------    -------------------
                         (clock sys_clk_pin rise edge)
                                                      0.000     0.000 r  
    W5                                                0.000     0.000 r  clk (IN)
                         net (fo=0)                   0.000     0.000    clk
    W5                   IBUF (Prop_ibuf_I_O)         0.226     0.226 r  clk_IBUF_inst/O
                         net (fo=1, routed)           0.631     0.858    clk_IBUF
    BUFGCTRL_X0Y0        BUFG (Prop_bufg_I_O)         0.026     0.884 r  clk_IBUF_BUFG_inst/O
                         net (fo=144, routed)         0.595     1.478    u_uart_controller/u_uart_rx/CLK
    SLICE_X3Y46          FDCE                                         r  u_uart_controller/u_uart_rx/r_data_register_reg[1]/C
  -------------------------------------------------------------------    -------------------
    SLICE_X3Y46          FDCE (Prop_fdce_C_Q)         0.141     1.619 r  u_uart_controller/u_uart_rx/r_data_register_reg[1]/Q
                         net (fo=2, routed)           0.129     1.749    u_uart_controller/u_uart_rx/r_data_register_reg_n_0_[1]
    SLICE_X4Y46          FDCE                                         r  u_uart_controller/u_uart_rx/data_out_reg[1]/D
  -------------------------------------------------------------------    -------------------

                         (clock sys_clk_pin rise edge)
                                                      0.000     0.000 r  
    W5                                                0.000     0.000 r  clk (IN)
                         net (fo=0)                   0.000     0.000    clk
    W5                   IBUF (Prop_ibuf_I_O)         0.414     0.414 r  clk_IBUF_inst/O
                         net (fo=1, routed)           0.685     1.099    clk_IBUF
    BUFGCTRL_X0Y0        BUFG (Prop_bufg_I_O)         0.029     1.128 r  clk_IBUF_BUFG_inst/O
                         net (fo=144, routed)         0.864     1.991    u_uart_controller/u_uart_rx/CLK
    SLICE_X4Y46          FDCE                                         r  u_uart_controller/u_uart_rx/data_out_reg[1]/C
                         clock pessimism             -0.478     1.513    
    SLICE_X4Y46          FDCE (Hold_fdce_C_D)         0.047     1.560    u_uart_controller/u_uart_rx/data_out_reg[1]
  -------------------------------------------------------------------
                         required time                         -1.560    
                         arrival time                           1.749    
  -------------------------------------------------------------------
                         slack                                  0.188    

Slack (MET) :             0.189ns  (arrival time - required time)
  Source:                 u_uart_controller/u_uart_rx/r_baud_tick_count_reg[1]/C
                            (rising edge-triggered cell FDCE clocked by sys_clk_pin  {rise@0.000ns fall@5.000ns period=10.000ns})
  Destination:            u_uart_controller/u_uart_rx/r_baud_tick_count_reg[3]/D
                            (rising edge-triggered cell FDCE clocked by sys_clk_pin  {rise@0.000ns fall@5.000ns period=10.000ns})
  Path Group:             sys_clk_pin
  Path Type:              Hold (Min at Fast Process Corner)
  Requirement:            0.000ns  (sys_clk_pin rise@0.000ns - sys_clk_pin rise@0.000ns)
  Data Path Delay:        0.583ns  (logic 0.254ns (43.550%)  route 0.329ns (56.450%))
  Logic Levels:           2  (LUT3=1 LUT5=1)
  Clock Path Skew:        0.273ns (DCD - SCD - CPR)
    Destination Clock Delay (DCD):    1.994ns
    Source Clock Delay      (SCD):    1.477ns
    Clock Pessimism Removal (CPR):    0.244ns

    Location             Delay type                Incr(ns)  Path(ns)    Netlist Resource(s)
  -------------------------------------------------------------------    -------------------
                         (clock sys_clk_pin rise edge)
                                                      0.000     0.000 r  
    W5                                                0.000     0.000 r  clk (IN)
                         net (fo=0)                   0.000     0.000    clk
    W5                   IBUF (Prop_ibuf_I_O)         0.226     0.226 r  clk_IBUF_inst/O
                         net (fo=1, routed)           0.631     0.858    clk_IBUF
    BUFGCTRL_X0Y0        BUFG (Prop_bufg_I_O)         0.026     0.884 r  clk_IBUF_BUFG_inst/O
                         net (fo=144, routed)         0.594     1.477    u_uart_controller/u_uart_rx/CLK
    SLICE_X2Y50          FDCE                                         r  u_uart_controller/u_uart_rx/r_baud_tick_count_reg[1]/C
  -------------------------------------------------------------------    -------------------
    SLICE_X2Y50          FDCE (Prop_fdce_C_Q)         0.164     1.641 f  u_uart_controller/u_uart_rx/r_baud_tick_count_reg[1]/Q
                         net (fo=3, routed)           0.263     1.905    u_uart_controller/u_uart_rx/r_baud_tick_count[1]
    SLICE_X2Y49          LUT3 (Prop_lut3_I0_O)        0.045     1.950 r  u_uart_controller/u_uart_rx/r_baud_tick_count[3]_i_3/O
                         net (fo=6, routed)           0.066     2.015    u_uart_controller/u_uart_rx/r_baud_tick_count[3]_i_3_n_0
    SLICE_X2Y49          LUT5 (Prop_lut5_I4_O)        0.045     2.060 r  u_uart_controller/u_uart_rx/r_baud_tick_count[3]_i_2/O
                         net (fo=1, routed)           0.000     2.060    u_uart_controller/u_uart_rx/r_baud_tick_count[3]_i_2_n_0
    SLICE_X2Y49          FDCE                                         r  u_uart_controller/u_uart_rx/r_baud_tick_count_reg[3]/D
  -------------------------------------------------------------------    -------------------

                         (clock sys_clk_pin rise edge)
                                                      0.000     0.000 r  
    W5                                                0.000     0.000 r  clk (IN)
                         net (fo=0)                   0.000     0.000    clk
    W5                   IBUF (Prop_ibuf_I_O)         0.414     0.414 r  clk_IBUF_inst/O
                         net (fo=1, routed)           0.685     1.099    clk_IBUF
    BUFGCTRL_X0Y0        BUFG (Prop_bufg_I_O)         0.029     1.128 r  clk_IBUF_BUFG_inst/O
                         net (fo=144, routed)         0.867     1.994    u_uart_controller/u_uart_rx/CLK
    SLICE_X2Y49          FDCE                                         r  u_uart_controller/u_uart_rx/r_baud_tick_count_reg[3]/C
                         clock pessimism             -0.244     1.750    
    SLICE_X2Y49          FDCE (Hold_fdce_C_D)         0.121     1.871    u_uart_controller/u_uart_rx/r_baud_tick_count_reg[3]
  -------------------------------------------------------------------
                         required time                         -1.871    
                         arrival time                           2.060    
  -------------------------------------------------------------------
                         slack                                  0.189    

Slack (MET) :             0.191ns  (arrival time - required time)
  Source:                 u_control_tower/u_fsm_pattern/FSM_sequential_current_state_reg[3]/C
                            (rising edge-triggered cell FDCE clocked by sys_clk_pin  {rise@0.000ns fall@5.000ns period=10.000ns})
  Destination:            u_control_tower/u_fsm_pattern/FSM_sequential_current_state_reg[2]/D
                            (rising edge-triggered cell FDCE clocked by sys_clk_pin  {rise@0.000ns fall@5.000ns period=10.000ns})
  Path Group:             sys_clk_pin
  Path Type:              Hold (Min at Fast Process Corner)
  Requirement:            0.000ns  (sys_clk_pin rise@0.000ns - sys_clk_pin rise@0.000ns)
  Data Path Delay:        0.295ns  (logic 0.186ns (63.112%)  route 0.109ns (36.888%))
  Logic Levels:           1  (LUT6=1)
  Clock Path Skew:        0.013ns (DCD - SCD - CPR)
    Destination Clock Delay (DCD):    1.992ns
    Source Clock Delay      (SCD):    1.477ns
    Clock Pessimism Removal (CPR):    0.502ns

    Location             Delay type                Incr(ns)  Path(ns)    Netlist Resource(s)
  -------------------------------------------------------------------    -------------------
                         (clock sys_clk_pin rise edge)
                                                      0.000     0.000 r  
    W5                                                0.000     0.000 r  clk (IN)
                         net (fo=0)                   0.000     0.000    clk
    W5                   IBUF (Prop_ibuf_I_O)         0.226     0.226 r  clk_IBUF_inst/O
                         net (fo=1, routed)           0.631     0.858    clk_IBUF
    BUFGCTRL_X0Y0        BUFG (Prop_bufg_I_O)         0.026     0.884 r  clk_IBUF_BUFG_inst/O
                         net (fo=144, routed)         0.594     1.477    u_control_tower/u_fsm_pattern/clk_IBUF_BUFG
    SLICE_X0Y42          FDCE                                         r  u_control_tower/u_fsm_pattern/FSM_sequential_current_state_reg[3]/C
  -------------------------------------------------------------------    -------------------
    SLICE_X0Y42          FDCE (Prop_fdce_C_Q)         0.141     1.618 r  u_control_tower/u_fsm_pattern/FSM_sequential_current_state_reg[3]/Q
                         net (fo=5, routed)           0.109     1.727    u_control_tower/u_fsm_pattern/current_state[3]
    SLICE_X1Y42          LUT6 (Prop_lut6_I2_O)        0.045     1.772 r  u_control_tower/u_fsm_pattern/FSM_sequential_current_state[2]_i_1/O
                         net (fo=1, routed)           0.000     1.772    u_control_tower/u_fsm_pattern/next_state[2]
    SLICE_X1Y42          FDCE                                         r  u_control_tower/u_fsm_pattern/FSM_sequential_current_state_reg[2]/D
  -------------------------------------------------------------------    -------------------

                         (clock sys_clk_pin rise edge)
                                                      0.000     0.000 r  
    W5                                                0.000     0.000 r  clk (IN)
                         net (fo=0)                   0.000     0.000    clk
    W5                   IBUF (Prop_ibuf_I_O)         0.414     0.414 r  clk_IBUF_inst/O
                         net (fo=1, routed)           0.685     1.099    clk_IBUF
    BUFGCTRL_X0Y0        BUFG (Prop_bufg_I_O)         0.029     1.128 r  clk_IBUF_BUFG_inst/O
                         net (fo=144, routed)         0.865     1.992    u_control_tower/u_fsm_pattern/clk_IBUF_BUFG
    SLICE_X1Y42          FDCE                                         r  u_control_tower/u_fsm_pattern/FSM_sequential_current_state_reg[2]/C
                         clock pessimism             -0.502     1.490    
    SLICE_X1Y42          FDCE (Hold_fdce_C_D)         0.091     1.581    u_control_tower/u_fsm_pattern/FSM_sequential_current_state_reg[2]
  -------------------------------------------------------------------
                         required time                         -1.581    
                         arrival time                           1.772    
  -------------------------------------------------------------------
                         slack                                  0.191    

Slack (MET) :             0.204ns  (arrival time - required time)
  Source:                 u_uart_controller/u_uart_rx/data_out_reg[6]/C
                            (rising edge-triggered cell FDCE clocked by sys_clk_pin  {rise@0.000ns fall@5.000ns period=10.000ns})
  Destination:            u_control_tower/queue_data_reg[6][6]/D
                            (rising edge-triggered cell FDCE clocked by sys_clk_pin  {rise@0.000ns fall@5.000ns period=10.000ns})
  Path Group:             sys_clk_pin
  Path Type:              Hold (Min at Fast Process Corner)
  Requirement:            0.000ns  (sys_clk_pin rise@0.000ns - sys_clk_pin rise@0.000ns)
  Data Path Delay:        0.262ns  (logic 0.128ns (48.789%)  route 0.134ns (51.211%))
  Logic Levels:           0  
  Clock Path Skew:        0.039ns (DCD - SCD - CPR)
    Destination Clock Delay (DCD):    1.993ns
    Source Clock Delay      (SCD):    1.476ns
    Clock Pessimism Removal (CPR):    0.478ns

    Location             Delay type                Incr(ns)  Path(ns)    Netlist Resource(s)
  -------------------------------------------------------------------    -------------------
                         (clock sys_clk_pin rise edge)
                                                      0.000     0.000 r  
    W5                                                0.000     0.000 r  clk (IN)
                         net (fo=0)                   0.000     0.000    clk
    W5                   IBUF (Prop_ibuf_I_O)         0.226     0.226 r  clk_IBUF_inst/O
                         net (fo=1, routed)           0.631     0.858    clk_IBUF
    BUFGCTRL_X0Y0        BUFG (Prop_bufg_I_O)         0.026     0.884 r  clk_IBUF_BUFG_inst/O
                         net (fo=144, routed)         0.593     1.476    u_uart_controller/u_uart_rx/CLK
    SLICE_X4Y46          FDCE                                         r  u_uart_controller/u_uart_rx/data_out_reg[6]/C
  -------------------------------------------------------------------    -------------------
    SLICE_X4Y46          FDCE (Prop_fdce_C_Q)         0.128     1.604 r  u_uart_controller/u_uart_rx/data_out_reg[6]/Q
                         net (fo=11, routed)          0.134     1.738    u_control_tower/Q[6]
    SLICE_X3Y45          FDCE                                         r  u_control_tower/queue_data_reg[6][6]/D
  -------------------------------------------------------------------    -------------------

                         (clock sys_clk_pin rise edge)
                                                      0.000     0.000 r  
    W5                                                0.000     0.000 r  clk (IN)
                         net (fo=0)                   0.000     0.000    clk
    W5                   IBUF (Prop_ibuf_I_O)         0.414     0.414 r  clk_IBUF_inst/O
                         net (fo=1, routed)           0.685     1.099    clk_IBUF
    BUFGCTRL_X0Y0        BUFG (Prop_bufg_I_O)         0.029     1.128 r  clk_IBUF_BUFG_inst/O
                         net (fo=144, routed)         0.866     1.993    u_control_tower/clk_IBUF_BUFG
    SLICE_X3Y45          FDCE                                         r  u_control_tower/queue_data_reg[6][6]/C
                         clock pessimism             -0.478     1.515    
    SLICE_X3Y45          FDCE (Hold_fdce_C_D)         0.019     1.534    u_control_tower/queue_data_reg[6][6]
  -------------------------------------------------------------------
                         required time                         -1.534    
                         arrival time                           1.738    
  -------------------------------------------------------------------
                         slack                                  0.204    

Slack (MET) :             0.206ns  (arrival time - required time)
  Source:                 u_uart_controller/u_uart_rx/rx_ff2_reg/C
                            (rising edge-triggered cell FDRE clocked by sys_clk_pin  {rise@0.000ns fall@5.000ns period=10.000ns})
  Destination:            u_uart_controller/u_uart_rx/r_baud_tick_count_reg[2]/CE
                            (rising edge-triggered cell FDCE clocked by sys_clk_pin  {rise@0.000ns fall@5.000ns period=10.000ns})
  Path Group:             sys_clk_pin
  Path Type:              Hold (Min at Fast Process Corner)
  Requirement:            0.000ns  (sys_clk_pin rise@0.000ns - sys_clk_pin rise@0.000ns)
  Data Path Delay:        0.463ns  (logic 0.209ns (45.143%)  route 0.254ns (54.857%))
  Logic Levels:           1  (LUT4=1)
  Clock Path Skew:        0.273ns (DCD - SCD - CPR)
    Destination Clock Delay (DCD):    1.994ns
    Source Clock Delay      (SCD):    1.477ns
    Clock Pessimism Removal (CPR):    0.244ns

    Location             Delay type                Incr(ns)  Path(ns)    Netlist Resource(s)
  -------------------------------------------------------------------    -------------------
                         (clock sys_clk_pin rise edge)
                                                      0.000     0.000 r  
    W5                                                0.000     0.000 r  clk (IN)
                         net (fo=0)                   0.000     0.000    clk
    W5                   IBUF (Prop_ibuf_I_O)         0.226     0.226 r  clk_IBUF_inst/O
                         net (fo=1, routed)           0.631     0.858    clk_IBUF
    BUFGCTRL_X0Y0        BUFG (Prop_bufg_I_O)         0.026     0.884 r  clk_IBUF_BUFG_inst/O
                         net (fo=144, routed)         0.594     1.477    u_uart_controller/u_uart_rx/CLK
    SLICE_X2Y51          FDRE                                         r  u_uart_controller/u_uart_rx/rx_ff2_reg/C
  -------------------------------------------------------------------    -------------------
    SLICE_X2Y51          FDRE (Prop_fdre_C_Q)         0.164     1.641 f  u_uart_controller/u_uart_rx/rx_ff2_reg/Q
                         net (fo=14, routed)          0.126     1.767    u_uart_controller/u_uart_rx/rx_ff2
    SLICE_X2Y49          LUT4 (Prop_lut4_I3_O)        0.045     1.812 r  u_uart_controller/u_uart_rx/r_baud_tick_count[3]_i_1/O
                         net (fo=4, routed)           0.128     1.940    u_uart_controller/u_uart_rx/r_baud_tick_count_0
    SLICE_X2Y49          FDCE                                         r  u_uart_controller/u_uart_rx/r_baud_tick_count_reg[2]/CE
  -------------------------------------------------------------------    -------------------

                         (clock sys_clk_pin rise edge)
                                                      0.000     0.000 r  
    W5                                                0.000     0.000 r  clk (IN)
                         net (fo=0)                   0.000     0.000    clk
    W5                   IBUF (Prop_ibuf_I_O)         0.414     0.414 r  clk_IBUF_inst/O
                         net (fo=1, routed)           0.685     1.099    clk_IBUF
    BUFGCTRL_X0Y0        BUFG (Prop_bufg_I_O)         0.029     1.128 r  clk_IBUF_BUFG_inst/O
                         net (fo=144, routed)         0.867     1.994    u_uart_controller/u_uart_rx/CLK
    SLICE_X2Y49          FDCE                                         r  u_uart_controller/u_uart_rx/r_baud_tick_count_reg[2]/C
                         clock pessimism             -0.244     1.750    
    SLICE_X2Y49          FDCE (Hold_fdce_C_CE)       -0.016     1.734    u_uart_controller/u_uart_rx/r_baud_tick_count_reg[2]
  -------------------------------------------------------------------
                         required time                         -1.734    
                         arrival time                           1.940    
  -------------------------------------------------------------------
                         slack                                  0.206    





Pulse Width Checks
--------------------------------------------------------------------------------------
Clock Name:         sys_clk_pin
Waveform(ns):       { 0.000 5.000 }
Period(ns):         10.000
Sources:            { clk }

Check Type        Corner  Lib Pin  Reference Pin  Required(ns)  Actual(ns)  Slack(ns)  Location       Pin
Min Period        n/a     BUFG/I   n/a            2.155         10.000      7.845      BUFGCTRL_X0Y0  clk_IBUF_BUFG_inst/I
Min Period        n/a     FDPE/C   n/a            1.000         10.000      9.000      SLICE_X1Y44    u_control_tower/FSM_onehot_read_write_mode_reg[0]/C
Min Period        n/a     FDCE/C   n/a            1.000         10.000      9.000      SLICE_X1Y44    u_control_tower/FSM_onehot_read_write_mode_reg[1]/C
Min Period        n/a     FDCE/C   n/a            1.000         10.000      9.000      SLICE_X1Y44    u_control_tower/FSM_onehot_read_write_mode_reg[2]/C
Min Period        n/a     FDCE/C   n/a            1.000         10.000      9.000      SLICE_X6Y46    u_control_tower/queue_data_reg[0][0]/C
Min Period        n/a     FDCE/C   n/a            1.000         10.000      9.000      SLICE_X6Y43    u_control_tower/queue_data_reg[0][1]/C
Min Period        n/a     FDCE/C   n/a            1.000         10.000      9.000      SLICE_X6Y46    u_control_tower/queue_data_reg[0][2]/C
Min Period        n/a     FDCE/C   n/a            1.000         10.000      9.000      SLICE_X6Y43    u_control_tower/queue_data_reg[0][3]/C
Min Period        n/a     FDCE/C   n/a            1.000         10.000      9.000      SLICE_X6Y46    u_control_tower/queue_data_reg[0][4]/C
Min Period        n/a     FDCE/C   n/a            1.000         10.000      9.000      SLICE_X6Y43    u_control_tower/queue_data_reg[0][5]/C
Low Pulse Width   Slow    FDPE/C   n/a            0.500         5.000       4.500      SLICE_X1Y44    u_control_tower/FSM_onehot_read_write_mode_reg[0]/C
Low Pulse Width   Fast    FDPE/C   n/a            0.500         5.000       4.500      SLICE_X1Y44    u_control_tower/FSM_onehot_read_write_mode_reg[0]/C
Low Pulse Width   Slow    FDCE/C   n/a            0.500         5.000       4.500      SLICE_X1Y44    u_control_tower/FSM_onehot_read_write_mode_reg[1]/C
Low Pulse Width   Fast    FDCE/C   n/a            0.500         5.000       4.500      SLICE_X1Y44    u_control_tower/FSM_onehot_read_write_mode_reg[1]/C
Low Pulse Width   Slow    FDCE/C   n/a            0.500         5.000       4.500      SLICE_X1Y44    u_control_tower/FSM_onehot_read_write_mode_reg[2]/C
Low Pulse Width   Fast    FDCE/C   n/a            0.500         5.000       4.500      SLICE_X1Y44    u_control_tower/FSM_onehot_read_write_mode_reg[2]/C
Low Pulse Width   Slow    FDCE/C   n/a            0.500         5.000       4.500      SLICE_X6Y46    u_control_tower/queue_data_reg[0][0]/C
Low Pulse Width   Fast    FDCE/C   n/a            0.500         5.000       4.500      SLICE_X6Y46    u_control_tower/queue_data_reg[0][0]/C
Low Pulse Width   Slow    FDCE/C   n/a            0.500         5.000       4.500      SLICE_X6Y43    u_control_tower/queue_data_reg[0][1]/C
Low Pulse Width   Fast    FDCE/C   n/a            0.500         5.000       4.500      SLICE_X6Y43    u_control_tower/queue_data_reg[0][1]/C
High Pulse Width  Slow    FDPE/C   n/a            0.500         5.000       4.500      SLICE_X1Y44    u_control_tower/FSM_onehot_read_write_mode_reg[0]/C
High Pulse Width  Fast    FDPE/C   n/a            0.500         5.000       4.500      SLICE_X1Y44    u_control_tower/FSM_onehot_read_write_mode_reg[0]/C
High Pulse Width  Slow    FDCE/C   n/a            0.500         5.000       4.500      SLICE_X1Y44    u_control_tower/FSM_onehot_read_write_mode_reg[1]/C
High Pulse Width  Fast    FDCE/C   n/a            0.500         5.000       4.500      SLICE_X1Y44    u_control_tower/FSM_onehot_read_write_mode_reg[1]/C
High Pulse Width  Slow    FDCE/C   n/a            0.500         5.000       4.500      SLICE_X1Y44    u_control_tower/FSM_onehot_read_write_mode_reg[2]/C
High Pulse Width  Fast    FDCE/C   n/a            0.500         5.000       4.500      SLICE_X1Y44    u_control_tower/FSM_onehot_read_write_mode_reg[2]/C
High Pulse Width  Slow    FDCE/C   n/a            0.500         5.000       4.500      SLICE_X6Y46    u_control_tower/queue_data_reg[0][0]/C
High Pulse Width  Fast    FDCE/C   n/a            0.500         5.000       4.500      SLICE_X6Y46    u_control_tower/queue_data_reg[0][0]/C
High Pulse Width  Slow    FDCE/C   n/a            0.500         5.000       4.500      SLICE_X6Y43    u_control_tower/queue_data_reg[0][1]/C
High Pulse Width  Fast    FDCE/C   n/a            0.500         5.000       4.500      SLICE_X6Y43    u_control_tower/queue_data_reg[0][1]/C



