Copyright 1986-2021 Xilinx, Inc. All Rights Reserved.
--------------------------------------------------------------------------------------------------------------------------------------------------------------------------------------------------------------
| Tool Version : Vivado v.2021.1 (win64) Build 3247384 Thu Jun 10 19:36:33 MDT 2021
| Date         : Fri Feb 27 15:39:35 2026
| Host         : DESKTOP-FAVD00F running 64-bit major release  (build 9200)
| Command      : report_timing_summary -max_paths 10 -file top_my_buzzer_timing_summary_routed.rpt -pb top_my_buzzer_timing_summary_routed.pb -rpx top_my_buzzer_timing_summary_routed.rpx -warn_on_violation
| Design       : top_my_buzzer
| Device       : 7a35t-cpg236
| Speed File   : -1  PRODUCTION 1.23 2018-06-13
--------------------------------------------------------------------------------------------------------------------------------------------------------------------------------------------------------------

Timing Summary Report

------------------------------------------------------------------------------------------------
| Timer Settings
| --------------
------------------------------------------------------------------------------------------------

  Enable Multi Corner Analysis               :  Yes
  Enable Pessimism Removal                   :  Yes
  Pessimism Removal Resolution               :  Nearest Common Node
  Enable Input Delay Default Clock           :  No
  Enable Preset / Clear Arcs                 :  No
  Disable Flight Delays                      :  No
  Ignore I/O Paths                           :  No
  Timing Early Launch at Borrowing Latches   :  No
  Borrow Time for Max Delay Exceptions       :  Yes
  Merge Timing Exceptions                    :  Yes

  Corner  Analyze    Analyze    
  Name    Max Paths  Min Paths  
  ------  ---------  ---------  
  Slow    Yes        Yes        
  Fast    Yes        Yes        


------------------------------------------------------------------------------------------------
| Report Methodology
| ------------------
------------------------------------------------------------------------------------------------

Rule       Severity  Description                    Violations  
---------  --------  -----------------------------  ----------  
TIMING-18  Warning   Missing input or output delay  4           

Note: This report is based on the most recent report_methodology run and may not be up-to-date. Run report_methodology on the current design for the latest report.



check_timing report

Table of Contents
-----------------
1. checking no_clock (0)
2. checking constant_clock (0)
3. checking pulse_width_clock (0)
4. checking unconstrained_internal_endpoints (0)
5. checking no_input_delay (3)
6. checking no_output_delay (1)
7. checking multiple_clock (0)
8. checking generated_clocks (0)
9. checking loops (0)
10. checking partial_input_delay (0)
11. checking partial_output_delay (0)
12. checking latch_loops (0)

1. checking no_clock (0)
------------------------
 There are 0 register/latch pins with no clock.


2. checking constant_clock (0)
------------------------------
 There are 0 register/latch pins with constant_clock.


3. checking pulse_width_clock (0)
---------------------------------
 There are 0 register/latch pins which need pulse_width check


4. checking unconstrained_internal_endpoints (0)
------------------------------------------------
 There are 0 pins that are not constrained for maximum delay.

 There are 0 pins that are not constrained for maximum delay due to constant clock.


5. checking no_input_delay (3)
------------------------------
 There are 3 input ports with no input delay specified. (HIGH)

 There are 0 input ports with no input delay but user has a false path constraint.


6. checking no_output_delay (1)
-------------------------------
 There is 1 port with no output delay specified. (HIGH)

 There are 0 ports with no output delay but user has a false path constraint

 There are 0 ports with no output delay but with a timing clock defined on it or propagating through it


7. checking multiple_clock (0)
------------------------------
 There are 0 register/latch pins with multiple clocks.


8. checking generated_clocks (0)
--------------------------------
 There are 0 generated clocks that are not connected to a clock source.


9. checking loops (0)
---------------------
 There are 0 combinational loops in the design.


10. checking partial_input_delay (0)
------------------------------------
 There are 0 input ports with partial input delay specified.


11. checking partial_output_delay (0)
-------------------------------------
 There are 0 ports with partial output delay specified.


12. checking latch_loops (0)
----------------------------
 There are 0 combinational latch loops in the design through latch input



------------------------------------------------------------------------------------------------
| Design Timing Summary
| ---------------------
------------------------------------------------------------------------------------------------

    WNS(ns)      TNS(ns)  TNS Failing Endpoints  TNS Total Endpoints      WHS(ns)      THS(ns)  THS Failing Endpoints  THS Total Endpoints     WPWS(ns)     TPWS(ns)  TPWS Failing Endpoints  TPWS Total Endpoints  
    -------      -------  ---------------------  -------------------      -------      -------  ---------------------  -------------------     --------     --------  ----------------------  --------------------  
      1.253        0.000                      0                  138        0.199        0.000                      0                  138        4.500        0.000                       0                    83  


All user specified timing constraints are met.


------------------------------------------------------------------------------------------------
| Clock Summary
| -------------
------------------------------------------------------------------------------------------------

Clock        Waveform(ns)       Period(ns)      Frequency(MHz)
-----        ------------       ----------      --------------
sys_clk_pin  {0.000 5.000}      10.000          100.000         


------------------------------------------------------------------------------------------------
| Intra Clock Table
| -----------------
------------------------------------------------------------------------------------------------

Clock             WNS(ns)      TNS(ns)  TNS Failing Endpoints  TNS Total Endpoints      WHS(ns)      THS(ns)  THS Failing Endpoints  THS Total Endpoints     WPWS(ns)     TPWS(ns)  TPWS Failing Endpoints  TPWS Total Endpoints  
-----             -------      -------  ---------------------  -------------------      -------      -------  ---------------------  -------------------     --------     --------  ----------------------  --------------------  
sys_clk_pin         1.253        0.000                      0                  138        0.199        0.000                      0                  138        4.500        0.000                       0                    83  


------------------------------------------------------------------------------------------------
| Inter Clock Table
| -----------------
------------------------------------------------------------------------------------------------

From Clock    To Clock          WNS(ns)      TNS(ns)  TNS Failing Endpoints  TNS Total Endpoints      WHS(ns)      THS(ns)  THS Failing Endpoints  THS Total Endpoints  
----------    --------          -------      -------  ---------------------  -------------------      -------      -------  ---------------------  -------------------  


------------------------------------------------------------------------------------------------
| Other Path Groups Table
| -----------------------
------------------------------------------------------------------------------------------------

Path Group    From Clock    To Clock          WNS(ns)      TNS(ns)  TNS Failing Endpoints  TNS Total Endpoints      WHS(ns)      THS(ns)  THS Failing Endpoints  THS Total Endpoints  
----------    ----------    --------          -------      -------  ---------------------  -------------------      -------      -------  ---------------------  -------------------  


------------------------------------------------------------------------------------------------
| Timing Details
| --------------
------------------------------------------------------------------------------------------------


---------------------------------------------------------------------------------------------------
From Clock:  sys_clk_pin
  To Clock:  sys_clk_pin

Setup :            0  Failing Endpoints,  Worst Slack        1.253ns,  Total Violation        0.000ns
Hold  :            0  Failing Endpoints,  Worst Slack        0.199ns,  Total Violation        0.000ns
PW    :            0  Failing Endpoints,  Worst Slack        4.500ns,  Total Violation        0.000ns
---------------------------------------------------------------------------------------------------


Max Delay Paths
--------------------------------------------------------------------------------------
Slack (MET) :             1.253ns  (required time - arrival time)
  Source:                 u_play_melody/r_counter_reg[23]/C
                            (rising edge-triggered cell FDCE clocked by sys_clk_pin  {rise@0.000ns fall@5.000ns period=10.000ns})
  Destination:            u_play_melody/r_clk_cnt_reg[13]/R
                            (rising edge-triggered cell FDRE clocked by sys_clk_pin  {rise@0.000ns fall@5.000ns period=10.000ns})
  Path Group:             sys_clk_pin
  Path Type:              Setup (Max at Slow Process Corner)
  Requirement:            10.000ns  (sys_clk_pin rise@10.000ns - sys_clk_pin rise@0.000ns)
  Data Path Delay:        8.246ns  (logic 3.762ns (45.622%)  route 4.484ns (54.378%))
  Logic Levels:           14  (CARRY4=10 LUT2=1 LUT4=1 LUT5=1 LUT6=1)
  Clock Path Skew:        -0.037ns (DCD - SCD + CPR)
    Destination Clock Delay (DCD):    4.848ns = ( 14.848 - 10.000 ) 
    Source Clock Delay      (SCD):    5.145ns
    Clock Pessimism Removal (CPR):    0.260ns
  Clock Uncertainty:      0.035ns  ((TSJ^2 + TIJ^2)^1/2 + DJ) / 2 + PE
    Total System Jitter     (TSJ):    0.071ns
    Total Input Jitter      (TIJ):    0.000ns
    Discrete Jitter          (DJ):    0.000ns
    Phase Error              (PE):    0.000ns

    Location             Delay type                Incr(ns)  Path(ns)    Netlist Resource(s)
  -------------------------------------------------------------------    -------------------
                         (clock sys_clk_pin rise edge)
                                                      0.000     0.000 r  
    W5                                                0.000     0.000 r  clk (IN)
                         net (fo=0)                   0.000     0.000    clk
    W5                   IBUF (Prop_ibuf_I_O)         1.458     1.458 r  clk_IBUF_inst/O
                         net (fo=1, routed)           1.967     3.425    clk_IBUF
    BUFGCTRL_X0Y0        BUFG (Prop_bufg_I_O)         0.096     3.521 r  clk_IBUF_BUFG_inst/O
                         net (fo=82, routed)          1.624     5.145    u_play_melody/clk_IBUF_BUFG
    SLICE_X1Y21          FDCE                                         r  u_play_melody/r_counter_reg[23]/C
  -------------------------------------------------------------------    -------------------
    SLICE_X1Y21          FDCE (Prop_fdce_C_Q)         0.456     5.601 r  u_play_melody/r_counter_reg[23]/Q
                         net (fo=53, routed)          1.095     6.697    u_play_melody/r_counter_reg[23]
    SLICE_X2Y17          LUT2 (Prop_lut2_I0_O)        0.124     6.821 r  u_play_melody/open_current_freq2__1_carry_i_7/O
                         net (fo=1, routed)           0.000     6.821    u_play_melody/open_current_freq2__1_carry_i_7_n_0
    SLICE_X2Y17          CARRY4 (Prop_carry4_S[1]_CO[3])
                                                      0.533     7.354 r  u_play_melody/open_current_freq2__1_carry/CO[3]
                         net (fo=1, routed)           0.000     7.354    u_play_melody/open_current_freq2__1_carry_n_0
    SLICE_X2Y18          CARRY4 (Prop_carry4_CI_O[0])
                                                      0.219     7.573 r  u_play_melody/open_current_freq2__1_carry__0/O[0]
                         net (fo=3, routed)           0.585     8.158    u_play_melody/open_current_freq2__1_carry__0_n_7
    SLICE_X0Y18          LUT4 (Prop_lut4_I2_O)        0.295     8.453 r  u_play_melody/open_current_freq2__31_carry__0_i_7/O
                         net (fo=1, routed)           0.000     8.453    u_play_melody/open_current_freq2__31_carry__0_i_7_n_0
    SLICE_X0Y18          CARRY4 (Prop_carry4_S[1]_CO[3])
                                                      0.550     9.003 r  u_play_melody/open_current_freq2__31_carry__0/CO[3]
                         net (fo=1, routed)           0.000     9.003    u_play_melody/open_current_freq2__31_carry__0_n_0
    SLICE_X0Y19          CARRY4 (Prop_carry4_CI_CO[3])
                                                      0.114     9.117 r  u_play_melody/open_current_freq2__31_carry__1/CO[3]
                         net (fo=1, routed)           0.000     9.117    u_play_melody/open_current_freq2__31_carry__1_n_0
    SLICE_X0Y20          CARRY4 (Prop_carry4_CI_CO[3])
                                                      0.114     9.231 r  u_play_melody/open_current_freq2__31_carry__2/CO[3]
                         net (fo=1, routed)           0.000     9.231    u_play_melody/open_current_freq2__31_carry__2_n_0
    SLICE_X0Y21          CARRY4 (Prop_carry4_CI_CO[1])
                                                      0.157     9.388 r  u_play_melody/open_current_freq2__31_carry__3/CO[1]
                         net (fo=24, routed)          0.843    10.230    u_play_melody/open_current_freq2__31_carry__3_n_2
    SLICE_X4Y25          LUT6 (Prop_lut6_I2_O)        0.329    10.559 r  u_play_melody/i__carry_i_1/O
                         net (fo=1, routed)           0.551    11.110    u_play_melody/i__carry_i_1_n_0
    SLICE_X2Y25          CARRY4 (Prop_carry4_DI[3]_CO[3])
                                                      0.396    11.506 r  u_play_melody/r_buzzer_frequency1_inferred__0/i__carry/CO[3]
                         net (fo=1, routed)           0.000    11.506    u_play_melody/r_buzzer_frequency1_inferred__0/i__carry_n_0
    SLICE_X2Y26          CARRY4 (Prop_carry4_CI_CO[3])
                                                      0.117    11.623 r  u_play_melody/r_buzzer_frequency1_inferred__0/i__carry__0/CO[3]
                         net (fo=1, routed)           0.000    11.623    u_play_melody/r_buzzer_frequency1_inferred__0/i__carry__0_n_0
    SLICE_X2Y27          CARRY4 (Prop_carry4_CI_CO[3])
                                                      0.117    11.740 r  u_play_melody/r_buzzer_frequency1_inferred__0/i__carry__1/CO[3]
                         net (fo=1, routed)           0.000    11.740    u_play_melody/r_buzzer_frequency1_inferred__0/i__carry__1_n_0
    SLICE_X2Y28          CARRY4 (Prop_carry4_CI_CO[3])
                                                      0.117    11.857 r  u_play_melody/r_buzzer_frequency1_inferred__0/i__carry__2/CO[3]
                         net (fo=3, routed)           0.759    12.616    u_play_melody/r_buzzer_frequency1_inferred__0/i__carry__2_n_0
    SLICE_X3Y25          LUT5 (Prop_lut5_I2_O)        0.124    12.740 r  u_play_melody/r_clk_cnt[15]_i_1/O
                         net (fo=15, routed)          0.651    13.391    u_play_melody/r_clk_cnt[15]_i_1_n_0
    SLICE_X1Y28          FDRE                                         r  u_play_melody/r_clk_cnt_reg[13]/R
  -------------------------------------------------------------------    -------------------

                         (clock sys_clk_pin rise edge)
                                                     10.000    10.000 r  
    W5                                                0.000    10.000 r  clk (IN)
                         net (fo=0)                   0.000    10.000    clk
    W5                   IBUF (Prop_ibuf_I_O)         1.388    11.388 r  clk_IBUF_inst/O
                         net (fo=1, routed)           1.862    13.250    clk_IBUF
    BUFGCTRL_X0Y0        BUFG (Prop_bufg_I_O)         0.091    13.341 r  clk_IBUF_BUFG_inst/O
                         net (fo=82, routed)          1.507    14.848    u_play_melody/clk_IBUF_BUFG
    SLICE_X1Y28          FDRE                                         r  u_play_melody/r_clk_cnt_reg[13]/C
                         clock pessimism              0.260    15.108    
                         clock uncertainty           -0.035    15.073    
    SLICE_X1Y28          FDRE (Setup_fdre_C_R)       -0.429    14.644    u_play_melody/r_clk_cnt_reg[13]
  -------------------------------------------------------------------
                         required time                         14.644    
                         arrival time                         -13.391    
  -------------------------------------------------------------------
                         slack                                  1.253    

Slack (MET) :             1.253ns  (required time - arrival time)
  Source:                 u_play_melody/r_counter_reg[23]/C
                            (rising edge-triggered cell FDCE clocked by sys_clk_pin  {rise@0.000ns fall@5.000ns period=10.000ns})
  Destination:            u_play_melody/r_clk_cnt_reg[14]/R
                            (rising edge-triggered cell FDRE clocked by sys_clk_pin  {rise@0.000ns fall@5.000ns period=10.000ns})
  Path Group:             sys_clk_pin
  Path Type:              Setup (Max at Slow Process Corner)
  Requirement:            10.000ns  (sys_clk_pin rise@10.000ns - sys_clk_pin rise@0.000ns)
  Data Path Delay:        8.246ns  (logic 3.762ns (45.622%)  route 4.484ns (54.378%))
  Logic Levels:           14  (CARRY4=10 LUT2=1 LUT4=1 LUT5=1 LUT6=1)
  Clock Path Skew:        -0.037ns (DCD - SCD + CPR)
    Destination Clock Delay (DCD):    4.848ns = ( 14.848 - 10.000 ) 
    Source Clock Delay      (SCD):    5.145ns
    Clock Pessimism Removal (CPR):    0.260ns
  Clock Uncertainty:      0.035ns  ((TSJ^2 + TIJ^2)^1/2 + DJ) / 2 + PE
    Total System Jitter     (TSJ):    0.071ns
    Total Input Jitter      (TIJ):    0.000ns
    Discrete Jitter          (DJ):    0.000ns
    Phase Error              (PE):    0.000ns

    Location             Delay type                Incr(ns)  Path(ns)    Netlist Resource(s)
  -------------------------------------------------------------------    -------------------
                         (clock sys_clk_pin rise edge)
                                                      0.000     0.000 r  
    W5                                                0.000     0.000 r  clk (IN)
                         net (fo=0)                   0.000     0.000    clk
    W5                   IBUF (Prop_ibuf_I_O)         1.458     1.458 r  clk_IBUF_inst/O
                         net (fo=1, routed)           1.967     3.425    clk_IBUF
    BUFGCTRL_X0Y0        BUFG (Prop_bufg_I_O)         0.096     3.521 r  clk_IBUF_BUFG_inst/O
                         net (fo=82, routed)          1.624     5.145    u_play_melody/clk_IBUF_BUFG
    SLICE_X1Y21          FDCE                                         r  u_play_melody/r_counter_reg[23]/C
  -------------------------------------------------------------------    -------------------
    SLICE_X1Y21          FDCE (Prop_fdce_C_Q)         0.456     5.601 r  u_play_melody/r_counter_reg[23]/Q
                         net (fo=53, routed)          1.095     6.697    u_play_melody/r_counter_reg[23]
    SLICE_X2Y17          LUT2 (Prop_lut2_I0_O)        0.124     6.821 r  u_play_melody/open_current_freq2__1_carry_i_7/O
                         net (fo=1, routed)           0.000     6.821    u_play_melody/open_current_freq2__1_carry_i_7_n_0
    SLICE_X2Y17          CARRY4 (Prop_carry4_S[1]_CO[3])
                                                      0.533     7.354 r  u_play_melody/open_current_freq2__1_carry/CO[3]
                         net (fo=1, routed)           0.000     7.354    u_play_melody/open_current_freq2__1_carry_n_0
    SLICE_X2Y18          CARRY4 (Prop_carry4_CI_O[0])
                                                      0.219     7.573 r  u_play_melody/open_current_freq2__1_carry__0/O[0]
                         net (fo=3, routed)           0.585     8.158    u_play_melody/open_current_freq2__1_carry__0_n_7
    SLICE_X0Y18          LUT4 (Prop_lut4_I2_O)        0.295     8.453 r  u_play_melody/open_current_freq2__31_carry__0_i_7/O
                         net (fo=1, routed)           0.000     8.453    u_play_melody/open_current_freq2__31_carry__0_i_7_n_0
    SLICE_X0Y18          CARRY4 (Prop_carry4_S[1]_CO[3])
                                                      0.550     9.003 r  u_play_melody/open_current_freq2__31_carry__0/CO[3]
                         net (fo=1, routed)           0.000     9.003    u_play_melody/open_current_freq2__31_carry__0_n_0
    SLICE_X0Y19          CARRY4 (Prop_carry4_CI_CO[3])
                                                      0.114     9.117 r  u_play_melody/open_current_freq2__31_carry__1/CO[3]
                         net (fo=1, routed)           0.000     9.117    u_play_melody/open_current_freq2__31_carry__1_n_0
    SLICE_X0Y20          CARRY4 (Prop_carry4_CI_CO[3])
                                                      0.114     9.231 r  u_play_melody/open_current_freq2__31_carry__2/CO[3]
                         net (fo=1, routed)           0.000     9.231    u_play_melody/open_current_freq2__31_carry__2_n_0
    SLICE_X0Y21          CARRY4 (Prop_carry4_CI_CO[1])
                                                      0.157     9.388 r  u_play_melody/open_current_freq2__31_carry__3/CO[1]
                         net (fo=24, routed)          0.843    10.230    u_play_melody/open_current_freq2__31_carry__3_n_2
    SLICE_X4Y25          LUT6 (Prop_lut6_I2_O)        0.329    10.559 r  u_play_melody/i__carry_i_1/O
                         net (fo=1, routed)           0.551    11.110    u_play_melody/i__carry_i_1_n_0
    SLICE_X2Y25          CARRY4 (Prop_carry4_DI[3]_CO[3])
                                                      0.396    11.506 r  u_play_melody/r_buzzer_frequency1_inferred__0/i__carry/CO[3]
                         net (fo=1, routed)           0.000    11.506    u_play_melody/r_buzzer_frequency1_inferred__0/i__carry_n_0
    SLICE_X2Y26          CARRY4 (Prop_carry4_CI_CO[3])
                                                      0.117    11.623 r  u_play_melody/r_buzzer_frequency1_inferred__0/i__carry__0/CO[3]
                         net (fo=1, routed)           0.000    11.623    u_play_melody/r_buzzer_frequency1_inferred__0/i__carry__0_n_0
    SLICE_X2Y27          CARRY4 (Prop_carry4_CI_CO[3])
                                                      0.117    11.740 r  u_play_melody/r_buzzer_frequency1_inferred__0/i__carry__1/CO[3]
                         net (fo=1, routed)           0.000    11.740    u_play_melody/r_buzzer_frequency1_inferred__0/i__carry__1_n_0
    SLICE_X2Y28          CARRY4 (Prop_carry4_CI_CO[3])
                                                      0.117    11.857 r  u_play_melody/r_buzzer_frequency1_inferred__0/i__carry__2/CO[3]
                         net (fo=3, routed)           0.759    12.616    u_play_melody/r_buzzer_frequency1_inferred__0/i__carry__2_n_0
    SLICE_X3Y25          LUT5 (Prop_lut5_I2_O)        0.124    12.740 r  u_play_melody/r_clk_cnt[15]_i_1/O
                         net (fo=15, routed)          0.651    13.391    u_play_melody/r_clk_cnt[15]_i_1_n_0
    SLICE_X1Y28          FDRE                                         r  u_play_melody/r_clk_cnt_reg[14]/R
  -------------------------------------------------------------------    -------------------

                         (clock sys_clk_pin rise edge)
                                                     10.000    10.000 r  
    W5                                                0.000    10.000 r  clk (IN)
                         net (fo=0)                   0.000    10.000    clk
    W5                   IBUF (Prop_ibuf_I_O)         1.388    11.388 r  clk_IBUF_inst/O
                         net (fo=1, routed)           1.862    13.250    clk_IBUF
    BUFGCTRL_X0Y0        BUFG (Prop_bufg_I_O)         0.091    13.341 r  clk_IBUF_BUFG_inst/O
                         net (fo=82, routed)          1.507    14.848    u_play_melody/clk_IBUF_BUFG
    SLICE_X1Y28          FDRE                                         r  u_play_melody/r_clk_cnt_reg[14]/C
                         clock pessimism              0.260    15.108    
                         clock uncertainty           -0.035    15.073    
    SLICE_X1Y28          FDRE (Setup_fdre_C_R)       -0.429    14.644    u_play_melody/r_clk_cnt_reg[14]
  -------------------------------------------------------------------
                         required time                         14.644    
                         arrival time                         -13.391    
  -------------------------------------------------------------------
                         slack                                  1.253    

Slack (MET) :             1.253ns  (required time - arrival time)
  Source:                 u_play_melody/r_counter_reg[23]/C
                            (rising edge-triggered cell FDCE clocked by sys_clk_pin  {rise@0.000ns fall@5.000ns period=10.000ns})
  Destination:            u_play_melody/r_clk_cnt_reg[15]/R
                            (rising edge-triggered cell FDRE clocked by sys_clk_pin  {rise@0.000ns fall@5.000ns period=10.000ns})
  Path Group:             sys_clk_pin
  Path Type:              Setup (Max at Slow Process Corner)
  Requirement:            10.000ns  (sys_clk_pin rise@10.000ns - sys_clk_pin rise@0.000ns)
  Data Path Delay:        8.246ns  (logic 3.762ns (45.622%)  route 4.484ns (54.378%))
  Logic Levels:           14  (CARRY4=10 LUT2=1 LUT4=1 LUT5=1 LUT6=1)
  Clock Path Skew:        -0.037ns (DCD - SCD + CPR)
    Destination Clock Delay (DCD):    4.848ns = ( 14.848 - 10.000 ) 
    Source Clock Delay      (SCD):    5.145ns
    Clock Pessimism Removal (CPR):    0.260ns
  Clock Uncertainty:      0.035ns  ((TSJ^2 + TIJ^2)^1/2 + DJ) / 2 + PE
    Total System Jitter     (TSJ):    0.071ns
    Total Input Jitter      (TIJ):    0.000ns
    Discrete Jitter          (DJ):    0.000ns
    Phase Error              (PE):    0.000ns

    Location             Delay type                Incr(ns)  Path(ns)    Netlist Resource(s)
  -------------------------------------------------------------------    -------------------
                         (clock sys_clk_pin rise edge)
                                                      0.000     0.000 r  
    W5                                                0.000     0.000 r  clk (IN)
                         net (fo=0)                   0.000     0.000    clk
    W5                   IBUF (Prop_ibuf_I_O)         1.458     1.458 r  clk_IBUF_inst/O
                         net (fo=1, routed)           1.967     3.425    clk_IBUF
    BUFGCTRL_X0Y0        BUFG (Prop_bufg_I_O)         0.096     3.521 r  clk_IBUF_BUFG_inst/O
                         net (fo=82, routed)          1.624     5.145    u_play_melody/clk_IBUF_BUFG
    SLICE_X1Y21          FDCE                                         r  u_play_melody/r_counter_reg[23]/C
  -------------------------------------------------------------------    -------------------
    SLICE_X1Y21          FDCE (Prop_fdce_C_Q)         0.456     5.601 r  u_play_melody/r_counter_reg[23]/Q
                         net (fo=53, routed)          1.095     6.697    u_play_melody/r_counter_reg[23]
    SLICE_X2Y17          LUT2 (Prop_lut2_I0_O)        0.124     6.821 r  u_play_melody/open_current_freq2__1_carry_i_7/O
                         net (fo=1, routed)           0.000     6.821    u_play_melody/open_current_freq2__1_carry_i_7_n_0
    SLICE_X2Y17          CARRY4 (Prop_carry4_S[1]_CO[3])
                                                      0.533     7.354 r  u_play_melody/open_current_freq2__1_carry/CO[3]
                         net (fo=1, routed)           0.000     7.354    u_play_melody/open_current_freq2__1_carry_n_0
    SLICE_X2Y18          CARRY4 (Prop_carry4_CI_O[0])
                                                      0.219     7.573 r  u_play_melody/open_current_freq2__1_carry__0/O[0]
                         net (fo=3, routed)           0.585     8.158    u_play_melody/open_current_freq2__1_carry__0_n_7
    SLICE_X0Y18          LUT4 (Prop_lut4_I2_O)        0.295     8.453 r  u_play_melody/open_current_freq2__31_carry__0_i_7/O
                         net (fo=1, routed)           0.000     8.453    u_play_melody/open_current_freq2__31_carry__0_i_7_n_0
    SLICE_X0Y18          CARRY4 (Prop_carry4_S[1]_CO[3])
                                                      0.550     9.003 r  u_play_melody/open_current_freq2__31_carry__0/CO[3]
                         net (fo=1, routed)           0.000     9.003    u_play_melody/open_current_freq2__31_carry__0_n_0
    SLICE_X0Y19          CARRY4 (Prop_carry4_CI_CO[3])
                                                      0.114     9.117 r  u_play_melody/open_current_freq2__31_carry__1/CO[3]
                         net (fo=1, routed)           0.000     9.117    u_play_melody/open_current_freq2__31_carry__1_n_0
    SLICE_X0Y20          CARRY4 (Prop_carry4_CI_CO[3])
                                                      0.114     9.231 r  u_play_melody/open_current_freq2__31_carry__2/CO[3]
                         net (fo=1, routed)           0.000     9.231    u_play_melody/open_current_freq2__31_carry__2_n_0
    SLICE_X0Y21          CARRY4 (Prop_carry4_CI_CO[1])
                                                      0.157     9.388 r  u_play_melody/open_current_freq2__31_carry__3/CO[1]
                         net (fo=24, routed)          0.843    10.230    u_play_melody/open_current_freq2__31_carry__3_n_2
    SLICE_X4Y25          LUT6 (Prop_lut6_I2_O)        0.329    10.559 r  u_play_melody/i__carry_i_1/O
                         net (fo=1, routed)           0.551    11.110    u_play_melody/i__carry_i_1_n_0
    SLICE_X2Y25          CARRY4 (Prop_carry4_DI[3]_CO[3])
                                                      0.396    11.506 r  u_play_melody/r_buzzer_frequency1_inferred__0/i__carry/CO[3]
                         net (fo=1, routed)           0.000    11.506    u_play_melody/r_buzzer_frequency1_inferred__0/i__carry_n_0
    SLICE_X2Y26          CARRY4 (Prop_carry4_CI_CO[3])
                                                      0.117    11.623 r  u_play_melody/r_buzzer_frequency1_inferred__0/i__carry__0/CO[3]
                         net (fo=1, routed)           0.000    11.623    u_play_melody/r_buzzer_frequency1_inferred__0/i__carry__0_n_0
    SLICE_X2Y27          CARRY4 (Prop_carry4_CI_CO[3])
                                                      0.117    11.740 r  u_play_melody/r_buzzer_frequency1_inferred__0/i__carry__1/CO[3]
                         net (fo=1, routed)           0.000    11.740    u_play_melody/r_buzzer_frequency1_inferred__0/i__carry__1_n_0
    SLICE_X2Y28          CARRY4 (Prop_carry4_CI_CO[3])
                                                      0.117    11.857 r  u_play_melody/r_buzzer_frequency1_inferred__0/i__carry__2/CO[3]
                         net (fo=3, routed)           0.759    12.616    u_play_melody/r_buzzer_frequency1_inferred__0/i__carry__2_n_0
    SLICE_X3Y25          LUT5 (Prop_lut5_I2_O)        0.124    12.740 r  u_play_melody/r_clk_cnt[15]_i_1/O
                         net (fo=15, routed)          0.651    13.391    u_play_melody/r_clk_cnt[15]_i_1_n_0
    SLICE_X1Y28          FDRE                                         r  u_play_melody/r_clk_cnt_reg[15]/R
  -------------------------------------------------------------------    -------------------

                         (clock sys_clk_pin rise edge)
                                                     10.000    10.000 r  
    W5                                                0.000    10.000 r  clk (IN)
                         net (fo=0)                   0.000    10.000    clk
    W5                   IBUF (Prop_ibuf_I_O)         1.388    11.388 r  clk_IBUF_inst/O
                         net (fo=1, routed)           1.862    13.250    clk_IBUF
    BUFGCTRL_X0Y0        BUFG (Prop_bufg_I_O)         0.091    13.341 r  clk_IBUF_BUFG_inst/O
                         net (fo=82, routed)          1.507    14.848    u_play_melody/clk_IBUF_BUFG
    SLICE_X1Y28          FDRE                                         r  u_play_melody/r_clk_cnt_reg[15]/C
                         clock pessimism              0.260    15.108    
                         clock uncertainty           -0.035    15.073    
    SLICE_X1Y28          FDRE (Setup_fdre_C_R)       -0.429    14.644    u_play_melody/r_clk_cnt_reg[15]
  -------------------------------------------------------------------
                         required time                         14.644    
                         arrival time                         -13.391    
  -------------------------------------------------------------------
                         slack                                  1.253    

Slack (MET) :             1.267ns  (required time - arrival time)
  Source:                 u_play_melody/r_counter_reg[23]/C
                            (rising edge-triggered cell FDCE clocked by sys_clk_pin  {rise@0.000ns fall@5.000ns period=10.000ns})
  Destination:            u_play_melody/r_clk_cnt_reg[10]/R
                            (rising edge-triggered cell FDRE clocked by sys_clk_pin  {rise@0.000ns fall@5.000ns period=10.000ns})
  Path Group:             sys_clk_pin
  Path Type:              Setup (Max at Slow Process Corner)
  Requirement:            10.000ns  (sys_clk_pin rise@10.000ns - sys_clk_pin rise@0.000ns)
  Data Path Delay:        8.230ns  (logic 3.762ns (45.713%)  route 4.468ns (54.287%))
  Logic Levels:           14  (CARRY4=10 LUT2=1 LUT4=1 LUT5=1 LUT6=1)
  Clock Path Skew:        -0.039ns (DCD - SCD + CPR)
    Destination Clock Delay (DCD):    4.846ns = ( 14.846 - 10.000 ) 
    Source Clock Delay      (SCD):    5.145ns
    Clock Pessimism Removal (CPR):    0.260ns
  Clock Uncertainty:      0.035ns  ((TSJ^2 + TIJ^2)^1/2 + DJ) / 2 + PE
    Total System Jitter     (TSJ):    0.071ns
    Total Input Jitter      (TIJ):    0.000ns
    Discrete Jitter          (DJ):    0.000ns
    Phase Error              (PE):    0.000ns

    Location             Delay type                Incr(ns)  Path(ns)    Netlist Resource(s)
  -------------------------------------------------------------------    -------------------
                         (clock sys_clk_pin rise edge)
                                                      0.000     0.000 r  
    W5                                                0.000     0.000 r  clk (IN)
                         net (fo=0)                   0.000     0.000    clk
    W5                   IBUF (Prop_ibuf_I_O)         1.458     1.458 r  clk_IBUF_inst/O
                         net (fo=1, routed)           1.967     3.425    clk_IBUF
    BUFGCTRL_X0Y0        BUFG (Prop_bufg_I_O)         0.096     3.521 r  clk_IBUF_BUFG_inst/O
                         net (fo=82, routed)          1.624     5.145    u_play_melody/clk_IBUF_BUFG
    SLICE_X1Y21          FDCE                                         r  u_play_melody/r_counter_reg[23]/C
  -------------------------------------------------------------------    -------------------
    SLICE_X1Y21          FDCE (Prop_fdce_C_Q)         0.456     5.601 r  u_play_melody/r_counter_reg[23]/Q
                         net (fo=53, routed)          1.095     6.697    u_play_melody/r_counter_reg[23]
    SLICE_X2Y17          LUT2 (Prop_lut2_I0_O)        0.124     6.821 r  u_play_melody/open_current_freq2__1_carry_i_7/O
                         net (fo=1, routed)           0.000     6.821    u_play_melody/open_current_freq2__1_carry_i_7_n_0
    SLICE_X2Y17          CARRY4 (Prop_carry4_S[1]_CO[3])
                                                      0.533     7.354 r  u_play_melody/open_current_freq2__1_carry/CO[3]
                         net (fo=1, routed)           0.000     7.354    u_play_melody/open_current_freq2__1_carry_n_0
    SLICE_X2Y18          CARRY4 (Prop_carry4_CI_O[0])
                                                      0.219     7.573 r  u_play_melody/open_current_freq2__1_carry__0/O[0]
                         net (fo=3, routed)           0.585     8.158    u_play_melody/open_current_freq2__1_carry__0_n_7
    SLICE_X0Y18          LUT4 (Prop_lut4_I2_O)        0.295     8.453 r  u_play_melody/open_current_freq2__31_carry__0_i_7/O
                         net (fo=1, routed)           0.000     8.453    u_play_melody/open_current_freq2__31_carry__0_i_7_n_0
    SLICE_X0Y18          CARRY4 (Prop_carry4_S[1]_CO[3])
                                                      0.550     9.003 r  u_play_melody/open_current_freq2__31_carry__0/CO[3]
                         net (fo=1, routed)           0.000     9.003    u_play_melody/open_current_freq2__31_carry__0_n_0
    SLICE_X0Y19          CARRY4 (Prop_carry4_CI_CO[3])
                                                      0.114     9.117 r  u_play_melody/open_current_freq2__31_carry__1/CO[3]
                         net (fo=1, routed)           0.000     9.117    u_play_melody/open_current_freq2__31_carry__1_n_0
    SLICE_X0Y20          CARRY4 (Prop_carry4_CI_CO[3])
                                                      0.114     9.231 r  u_play_melody/open_current_freq2__31_carry__2/CO[3]
                         net (fo=1, routed)           0.000     9.231    u_play_melody/open_current_freq2__31_carry__2_n_0
    SLICE_X0Y21          CARRY4 (Prop_carry4_CI_CO[1])
                                                      0.157     9.388 r  u_play_melody/open_current_freq2__31_carry__3/CO[1]
                         net (fo=24, routed)          0.843    10.230    u_play_melody/open_current_freq2__31_carry__3_n_2
    SLICE_X4Y25          LUT6 (Prop_lut6_I2_O)        0.329    10.559 r  u_play_melody/i__carry_i_1/O
                         net (fo=1, routed)           0.551    11.110    u_play_melody/i__carry_i_1_n_0
    SLICE_X2Y25          CARRY4 (Prop_carry4_DI[3]_CO[3])
                                                      0.396    11.506 r  u_play_melody/r_buzzer_frequency1_inferred__0/i__carry/CO[3]
                         net (fo=1, routed)           0.000    11.506    u_play_melody/r_buzzer_frequency1_inferred__0/i__carry_n_0
    SLICE_X2Y26          CARRY4 (Prop_carry4_CI_CO[3])
                                                      0.117    11.623 r  u_play_melody/r_buzzer_frequency1_inferred__0/i__carry__0/CO[3]
                         net (fo=1, routed)           0.000    11.623    u_play_melody/r_buzzer_frequency1_inferred__0/i__carry__0_n_0
    SLICE_X2Y27          CARRY4 (Prop_carry4_CI_CO[3])
                                                      0.117    11.740 r  u_play_melody/r_buzzer_frequency1_inferred__0/i__carry__1/CO[3]
                         net (fo=1, routed)           0.000    11.740    u_play_melody/r_buzzer_frequency1_inferred__0/i__carry__1_n_0
    SLICE_X2Y28          CARRY4 (Prop_carry4_CI_CO[3])
                                                      0.117    11.857 r  u_play_melody/r_buzzer_frequency1_inferred__0/i__carry__2/CO[3]
                         net (fo=3, routed)           0.759    12.616    u_play_melody/r_buzzer_frequency1_inferred__0/i__carry__2_n_0
    SLICE_X3Y25          LUT5 (Prop_lut5_I2_O)        0.124    12.740 r  u_play_melody/r_clk_cnt[15]_i_1/O
                         net (fo=15, routed)          0.635    13.375    u_play_melody/r_clk_cnt[15]_i_1_n_0
    SLICE_X1Y27          FDRE                                         r  u_play_melody/r_clk_cnt_reg[10]/R
  -------------------------------------------------------------------    -------------------

                         (clock sys_clk_pin rise edge)
                                                     10.000    10.000 r  
    W5                                                0.000    10.000 r  clk (IN)
                         net (fo=0)                   0.000    10.000    clk
    W5                   IBUF (Prop_ibuf_I_O)         1.388    11.388 r  clk_IBUF_inst/O
                         net (fo=1, routed)           1.862    13.250    clk_IBUF
    BUFGCTRL_X0Y0        BUFG (Prop_bufg_I_O)         0.091    13.341 r  clk_IBUF_BUFG_inst/O
                         net (fo=82, routed)          1.505    14.846    u_play_melody/clk_IBUF_BUFG
    SLICE_X1Y27          FDRE                                         r  u_play_melody/r_clk_cnt_reg[10]/C
                         clock pessimism              0.260    15.106    
                         clock uncertainty           -0.035    15.071    
    SLICE_X1Y27          FDRE (Setup_fdre_C_R)       -0.429    14.642    u_play_melody/r_clk_cnt_reg[10]
  -------------------------------------------------------------------
                         required time                         14.642    
                         arrival time                         -13.375    
  -------------------------------------------------------------------
                         slack                                  1.267    

Slack (MET) :             1.267ns  (required time - arrival time)
  Source:                 u_play_melody/r_counter_reg[23]/C
                            (rising edge-triggered cell FDCE clocked by sys_clk_pin  {rise@0.000ns fall@5.000ns period=10.000ns})
  Destination:            u_play_melody/r_clk_cnt_reg[11]/R
                            (rising edge-triggered cell FDRE clocked by sys_clk_pin  {rise@0.000ns fall@5.000ns period=10.000ns})
  Path Group:             sys_clk_pin
  Path Type:              Setup (Max at Slow Process Corner)
  Requirement:            10.000ns  (sys_clk_pin rise@10.000ns - sys_clk_pin rise@0.000ns)
  Data Path Delay:        8.230ns  (logic 3.762ns (45.713%)  route 4.468ns (54.287%))
  Logic Levels:           14  (CARRY4=10 LUT2=1 LUT4=1 LUT5=1 LUT6=1)
  Clock Path Skew:        -0.039ns (DCD - SCD + CPR)
    Destination Clock Delay (DCD):    4.846ns = ( 14.846 - 10.000 ) 
    Source Clock Delay      (SCD):    5.145ns
    Clock Pessimism Removal (CPR):    0.260ns
  Clock Uncertainty:      0.035ns  ((TSJ^2 + TIJ^2)^1/2 + DJ) / 2 + PE
    Total System Jitter     (TSJ):    0.071ns
    Total Input Jitter      (TIJ):    0.000ns
    Discrete Jitter          (DJ):    0.000ns
    Phase Error              (PE):    0.000ns

    Location             Delay type                Incr(ns)  Path(ns)    Netlist Resource(s)
  -------------------------------------------------------------------    -------------------
                         (clock sys_clk_pin rise edge)
                                                      0.000     0.000 r  
    W5                                                0.000     0.000 r  clk (IN)
                         net (fo=0)                   0.000     0.000    clk
    W5                   IBUF (Prop_ibuf_I_O)         1.458     1.458 r  clk_IBUF_inst/O
                         net (fo=1, routed)           1.967     3.425    clk_IBUF
    BUFGCTRL_X0Y0        BUFG (Prop_bufg_I_O)         0.096     3.521 r  clk_IBUF_BUFG_inst/O
                         net (fo=82, routed)          1.624     5.145    u_play_melody/clk_IBUF_BUFG
    SLICE_X1Y21          FDCE                                         r  u_play_melody/r_counter_reg[23]/C
  -------------------------------------------------------------------    -------------------
    SLICE_X1Y21          FDCE (Prop_fdce_C_Q)         0.456     5.601 r  u_play_melody/r_counter_reg[23]/Q
                         net (fo=53, routed)          1.095     6.697    u_play_melody/r_counter_reg[23]
    SLICE_X2Y17          LUT2 (Prop_lut2_I0_O)        0.124     6.821 r  u_play_melody/open_current_freq2__1_carry_i_7/O
                         net (fo=1, routed)           0.000     6.821    u_play_melody/open_current_freq2__1_carry_i_7_n_0
    SLICE_X2Y17          CARRY4 (Prop_carry4_S[1]_CO[3])
                                                      0.533     7.354 r  u_play_melody/open_current_freq2__1_carry/CO[3]
                         net (fo=1, routed)           0.000     7.354    u_play_melody/open_current_freq2__1_carry_n_0
    SLICE_X2Y18          CARRY4 (Prop_carry4_CI_O[0])
                                                      0.219     7.573 r  u_play_melody/open_current_freq2__1_carry__0/O[0]
                         net (fo=3, routed)           0.585     8.158    u_play_melody/open_current_freq2__1_carry__0_n_7
    SLICE_X0Y18          LUT4 (Prop_lut4_I2_O)        0.295     8.453 r  u_play_melody/open_current_freq2__31_carry__0_i_7/O
                         net (fo=1, routed)           0.000     8.453    u_play_melody/open_current_freq2__31_carry__0_i_7_n_0
    SLICE_X0Y18          CARRY4 (Prop_carry4_S[1]_CO[3])
                                                      0.550     9.003 r  u_play_melody/open_current_freq2__31_carry__0/CO[3]
                         net (fo=1, routed)           0.000     9.003    u_play_melody/open_current_freq2__31_carry__0_n_0
    SLICE_X0Y19          CARRY4 (Prop_carry4_CI_CO[3])
                                                      0.114     9.117 r  u_play_melody/open_current_freq2__31_carry__1/CO[3]
                         net (fo=1, routed)           0.000     9.117    u_play_melody/open_current_freq2__31_carry__1_n_0
    SLICE_X0Y20          CARRY4 (Prop_carry4_CI_CO[3])
                                                      0.114     9.231 r  u_play_melody/open_current_freq2__31_carry__2/CO[3]
                         net (fo=1, routed)           0.000     9.231    u_play_melody/open_current_freq2__31_carry__2_n_0
    SLICE_X0Y21          CARRY4 (Prop_carry4_CI_CO[1])
                                                      0.157     9.388 r  u_play_melody/open_current_freq2__31_carry__3/CO[1]
                         net (fo=24, routed)          0.843    10.230    u_play_melody/open_current_freq2__31_carry__3_n_2
    SLICE_X4Y25          LUT6 (Prop_lut6_I2_O)        0.329    10.559 r  u_play_melody/i__carry_i_1/O
                         net (fo=1, routed)           0.551    11.110    u_play_melody/i__carry_i_1_n_0
    SLICE_X2Y25          CARRY4 (Prop_carry4_DI[3]_CO[3])
                                                      0.396    11.506 r  u_play_melody/r_buzzer_frequency1_inferred__0/i__carry/CO[3]
                         net (fo=1, routed)           0.000    11.506    u_play_melody/r_buzzer_frequency1_inferred__0/i__carry_n_0
    SLICE_X2Y26          CARRY4 (Prop_carry4_CI_CO[3])
                                                      0.117    11.623 r  u_play_melody/r_buzzer_frequency1_inferred__0/i__carry__0/CO[3]
                         net (fo=1, routed)           0.000    11.623    u_play_melody/r_buzzer_frequency1_inferred__0/i__carry__0_n_0
    SLICE_X2Y27          CARRY4 (Prop_carry4_CI_CO[3])
                                                      0.117    11.740 r  u_play_melody/r_buzzer_frequency1_inferred__0/i__carry__1/CO[3]
                         net (fo=1, routed)           0.000    11.740    u_play_melody/r_buzzer_frequency1_inferred__0/i__carry__1_n_0
    SLICE_X2Y28          CARRY4 (Prop_carry4_CI_CO[3])
                                                      0.117    11.857 r  u_play_melody/r_buzzer_frequency1_inferred__0/i__carry__2/CO[3]
                         net (fo=3, routed)           0.759    12.616    u_play_melody/r_buzzer_frequency1_inferred__0/i__carry__2_n_0
    SLICE_X3Y25          LUT5 (Prop_lut5_I2_O)        0.124    12.740 r  u_play_melody/r_clk_cnt[15]_i_1/O
                         net (fo=15, routed)          0.635    13.375    u_play_melody/r_clk_cnt[15]_i_1_n_0
    SLICE_X1Y27          FDRE                                         r  u_play_melody/r_clk_cnt_reg[11]/R
  -------------------------------------------------------------------    -------------------

                         (clock sys_clk_pin rise edge)
                                                     10.000    10.000 r  
    W5                                                0.000    10.000 r  clk (IN)
                         net (fo=0)                   0.000    10.000    clk
    W5                   IBUF (Prop_ibuf_I_O)         1.388    11.388 r  clk_IBUF_inst/O
                         net (fo=1, routed)           1.862    13.250    clk_IBUF
    BUFGCTRL_X0Y0        BUFG (Prop_bufg_I_O)         0.091    13.341 r  clk_IBUF_BUFG_inst/O
                         net (fo=82, routed)          1.505    14.846    u_play_melody/clk_IBUF_BUFG
    SLICE_X1Y27          FDRE                                         r  u_play_melody/r_clk_cnt_reg[11]/C
                         clock pessimism              0.260    15.106    
                         clock uncertainty           -0.035    15.071    
    SLICE_X1Y27          FDRE (Setup_fdre_C_R)       -0.429    14.642    u_play_melody/r_clk_cnt_reg[11]
  -------------------------------------------------------------------
                         required time                         14.642    
                         arrival time                         -13.375    
  -------------------------------------------------------------------
                         slack                                  1.267    

Slack (MET) :             1.267ns  (required time - arrival time)
  Source:                 u_play_melody/r_counter_reg[23]/C
                            (rising edge-triggered cell FDCE clocked by sys_clk_pin  {rise@0.000ns fall@5.000ns period=10.000ns})
  Destination:            u_play_melody/r_clk_cnt_reg[12]/R
                            (rising edge-triggered cell FDRE clocked by sys_clk_pin  {rise@0.000ns fall@5.000ns period=10.000ns})
  Path Group:             sys_clk_pin
  Path Type:              Setup (Max at Slow Process Corner)
  Requirement:            10.000ns  (sys_clk_pin rise@10.000ns - sys_clk_pin rise@0.000ns)
  Data Path Delay:        8.230ns  (logic 3.762ns (45.713%)  route 4.468ns (54.287%))
  Logic Levels:           14  (CARRY4=10 LUT2=1 LUT4=1 LUT5=1 LUT6=1)
  Clock Path Skew:        -0.039ns (DCD - SCD + CPR)
    Destination Clock Delay (DCD):    4.846ns = ( 14.846 - 10.000 ) 
    Source Clock Delay      (SCD):    5.145ns
    Clock Pessimism Removal (CPR):    0.260ns
  Clock Uncertainty:      0.035ns  ((TSJ^2 + TIJ^2)^1/2 + DJ) / 2 + PE
    Total System Jitter     (TSJ):    0.071ns
    Total Input Jitter      (TIJ):    0.000ns
    Discrete Jitter          (DJ):    0.000ns
    Phase Error              (PE):    0.000ns

    Location             Delay type                Incr(ns)  Path(ns)    Netlist Resource(s)
  -------------------------------------------------------------------    -------------------
                         (clock sys_clk_pin rise edge)
                                                      0.000     0.000 r  
    W5                                                0.000     0.000 r  clk (IN)
                         net (fo=0)                   0.000     0.000    clk
    W5                   IBUF (Prop_ibuf_I_O)         1.458     1.458 r  clk_IBUF_inst/O
                         net (fo=1, routed)           1.967     3.425    clk_IBUF
    BUFGCTRL_X0Y0        BUFG (Prop_bufg_I_O)         0.096     3.521 r  clk_IBUF_BUFG_inst/O
                         net (fo=82, routed)          1.624     5.145    u_play_melody/clk_IBUF_BUFG
    SLICE_X1Y21          FDCE                                         r  u_play_melody/r_counter_reg[23]/C
  -------------------------------------------------------------------    -------------------
    SLICE_X1Y21          FDCE (Prop_fdce_C_Q)         0.456     5.601 r  u_play_melody/r_counter_reg[23]/Q
                         net (fo=53, routed)          1.095     6.697    u_play_melody/r_counter_reg[23]
    SLICE_X2Y17          LUT2 (Prop_lut2_I0_O)        0.124     6.821 r  u_play_melody/open_current_freq2__1_carry_i_7/O
                         net (fo=1, routed)           0.000     6.821    u_play_melody/open_current_freq2__1_carry_i_7_n_0
    SLICE_X2Y17          CARRY4 (Prop_carry4_S[1]_CO[3])
                                                      0.533     7.354 r  u_play_melody/open_current_freq2__1_carry/CO[3]
                         net (fo=1, routed)           0.000     7.354    u_play_melody/open_current_freq2__1_carry_n_0
    SLICE_X2Y18          CARRY4 (Prop_carry4_CI_O[0])
                                                      0.219     7.573 r  u_play_melody/open_current_freq2__1_carry__0/O[0]
                         net (fo=3, routed)           0.585     8.158    u_play_melody/open_current_freq2__1_carry__0_n_7
    SLICE_X0Y18          LUT4 (Prop_lut4_I2_O)        0.295     8.453 r  u_play_melody/open_current_freq2__31_carry__0_i_7/O
                         net (fo=1, routed)           0.000     8.453    u_play_melody/open_current_freq2__31_carry__0_i_7_n_0
    SLICE_X0Y18          CARRY4 (Prop_carry4_S[1]_CO[3])
                                                      0.550     9.003 r  u_play_melody/open_current_freq2__31_carry__0/CO[3]
                         net (fo=1, routed)           0.000     9.003    u_play_melody/open_current_freq2__31_carry__0_n_0
    SLICE_X0Y19          CARRY4 (Prop_carry4_CI_CO[3])
                                                      0.114     9.117 r  u_play_melody/open_current_freq2__31_carry__1/CO[3]
                         net (fo=1, routed)           0.000     9.117    u_play_melody/open_current_freq2__31_carry__1_n_0
    SLICE_X0Y20          CARRY4 (Prop_carry4_CI_CO[3])
                                                      0.114     9.231 r  u_play_melody/open_current_freq2__31_carry__2/CO[3]
                         net (fo=1, routed)           0.000     9.231    u_play_melody/open_current_freq2__31_carry__2_n_0
    SLICE_X0Y21          CARRY4 (Prop_carry4_CI_CO[1])
                                                      0.157     9.388 r  u_play_melody/open_current_freq2__31_carry__3/CO[1]
                         net (fo=24, routed)          0.843    10.230    u_play_melody/open_current_freq2__31_carry__3_n_2
    SLICE_X4Y25          LUT6 (Prop_lut6_I2_O)        0.329    10.559 r  u_play_melody/i__carry_i_1/O
                         net (fo=1, routed)           0.551    11.110    u_play_melody/i__carry_i_1_n_0
    SLICE_X2Y25          CARRY4 (Prop_carry4_DI[3]_CO[3])
                                                      0.396    11.506 r  u_play_melody/r_buzzer_frequency1_inferred__0/i__carry/CO[3]
                         net (fo=1, routed)           0.000    11.506    u_play_melody/r_buzzer_frequency1_inferred__0/i__carry_n_0
    SLICE_X2Y26          CARRY4 (Prop_carry4_CI_CO[3])
                                                      0.117    11.623 r  u_play_melody/r_buzzer_frequency1_inferred__0/i__carry__0/CO[3]
                         net (fo=1, routed)           0.000    11.623    u_play_melody/r_buzzer_frequency1_inferred__0/i__carry__0_n_0
    SLICE_X2Y27          CARRY4 (Prop_carry4_CI_CO[3])
                                                      0.117    11.740 r  u_play_melody/r_buzzer_frequency1_inferred__0/i__carry__1/CO[3]
                         net (fo=1, routed)           0.000    11.740    u_play_melody/r_buzzer_frequency1_inferred__0/i__carry__1_n_0
    SLICE_X2Y28          CARRY4 (Prop_carry4_CI_CO[3])
                                                      0.117    11.857 r  u_play_melody/r_buzzer_frequency1_inferred__0/i__carry__2/CO[3]
                         net (fo=3, routed)           0.759    12.616    u_play_melody/r_buzzer_frequency1_inferred__0/i__carry__2_n_0
    SLICE_X3Y25          LUT5 (Prop_lut5_I2_O)        0.124    12.740 r  u_play_melody/r_clk_cnt[15]_i_1/O
                         net (fo=15, routed)          0.635    13.375    u_play_melody/r_clk_cnt[15]_i_1_n_0
    SLICE_X1Y27          FDRE                                         r  u_play_melody/r_clk_cnt_reg[12]/R
  -------------------------------------------------------------------    -------------------

                         (clock sys_clk_pin rise edge)
                                                     10.000    10.000 r  
    W5                                                0.000    10.000 r  clk (IN)
                         net (fo=0)                   0.000    10.000    clk
    W5                   IBUF (Prop_ibuf_I_O)         1.388    11.388 r  clk_IBUF_inst/O
                         net (fo=1, routed)           1.862    13.250    clk_IBUF
    BUFGCTRL_X0Y0        BUFG (Prop_bufg_I_O)         0.091    13.341 r  clk_IBUF_BUFG_inst/O
                         net (fo=82, routed)          1.505    14.846    u_play_melody/clk_IBUF_BUFG
    SLICE_X1Y27          FDRE                                         r  u_play_melody/r_clk_cnt_reg[12]/C
                         clock pessimism              0.260    15.106    
                         clock uncertainty           -0.035    15.071    
    SLICE_X1Y27          FDRE (Setup_fdre_C_R)       -0.429    14.642    u_play_melody/r_clk_cnt_reg[12]
  -------------------------------------------------------------------
                         required time                         14.642    
                         arrival time                         -13.375    
  -------------------------------------------------------------------
                         slack                                  1.267    

Slack (MET) :             1.267ns  (required time - arrival time)
  Source:                 u_play_melody/r_counter_reg[23]/C
                            (rising edge-triggered cell FDCE clocked by sys_clk_pin  {rise@0.000ns fall@5.000ns period=10.000ns})
  Destination:            u_play_melody/r_clk_cnt_reg[9]/R
                            (rising edge-triggered cell FDRE clocked by sys_clk_pin  {rise@0.000ns fall@5.000ns period=10.000ns})
  Path Group:             sys_clk_pin
  Path Type:              Setup (Max at Slow Process Corner)
  Requirement:            10.000ns  (sys_clk_pin rise@10.000ns - sys_clk_pin rise@0.000ns)
  Data Path Delay:        8.230ns  (logic 3.762ns (45.713%)  route 4.468ns (54.287%))
  Logic Levels:           14  (CARRY4=10 LUT2=1 LUT4=1 LUT5=1 LUT6=1)
  Clock Path Skew:        -0.039ns (DCD - SCD + CPR)
    Destination Clock Delay (DCD):    4.846ns = ( 14.846 - 10.000 ) 
    Source Clock Delay      (SCD):    5.145ns
    Clock Pessimism Removal (CPR):    0.260ns
  Clock Uncertainty:      0.035ns  ((TSJ^2 + TIJ^2)^1/2 + DJ) / 2 + PE
    Total System Jitter     (TSJ):    0.071ns
    Total Input Jitter      (TIJ):    0.000ns
    Discrete Jitter          (DJ):    0.000ns
    Phase Error              (PE):    0.000ns

    Location             Delay type                Incr(ns)  Path(ns)    Netlist Resource(s)
  -------------------------------------------------------------------    -------------------
                         (clock sys_clk_pin rise edge)
                                                      0.000     0.000 r  
    W5                                                0.000     0.000 r  clk (IN)
                         net (fo=0)                   0.000     0.000    clk
    W5                   IBUF (Prop_ibuf_I_O)         1.458     1.458 r  clk_IBUF_inst/O
                         net (fo=1, routed)           1.967     3.425    clk_IBUF
    BUFGCTRL_X0Y0        BUFG (Prop_bufg_I_O)         0.096     3.521 r  clk_IBUF_BUFG_inst/O
                         net (fo=82, routed)          1.624     5.145    u_play_melody/clk_IBUF_BUFG
    SLICE_X1Y21          FDCE                                         r  u_play_melody/r_counter_reg[23]/C
  -------------------------------------------------------------------    -------------------
    SLICE_X1Y21          FDCE (Prop_fdce_C_Q)         0.456     5.601 r  u_play_melody/r_counter_reg[23]/Q
                         net (fo=53, routed)          1.095     6.697    u_play_melody/r_counter_reg[23]
    SLICE_X2Y17          LUT2 (Prop_lut2_I0_O)        0.124     6.821 r  u_play_melody/open_current_freq2__1_carry_i_7/O
                         net (fo=1, routed)           0.000     6.821    u_play_melody/open_current_freq2__1_carry_i_7_n_0
    SLICE_X2Y17          CARRY4 (Prop_carry4_S[1]_CO[3])
                                                      0.533     7.354 r  u_play_melody/open_current_freq2__1_carry/CO[3]
                         net (fo=1, routed)           0.000     7.354    u_play_melody/open_current_freq2__1_carry_n_0
    SLICE_X2Y18          CARRY4 (Prop_carry4_CI_O[0])
                                                      0.219     7.573 r  u_play_melody/open_current_freq2__1_carry__0/O[0]
                         net (fo=3, routed)           0.585     8.158    u_play_melody/open_current_freq2__1_carry__0_n_7
    SLICE_X0Y18          LUT4 (Prop_lut4_I2_O)        0.295     8.453 r  u_play_melody/open_current_freq2__31_carry__0_i_7/O
                         net (fo=1, routed)           0.000     8.453    u_play_melody/open_current_freq2__31_carry__0_i_7_n_0
    SLICE_X0Y18          CARRY4 (Prop_carry4_S[1]_CO[3])
                                                      0.550     9.003 r  u_play_melody/open_current_freq2__31_carry__0/CO[3]
                         net (fo=1, routed)           0.000     9.003    u_play_melody/open_current_freq2__31_carry__0_n_0
    SLICE_X0Y19          CARRY4 (Prop_carry4_CI_CO[3])
                                                      0.114     9.117 r  u_play_melody/open_current_freq2__31_carry__1/CO[3]
                         net (fo=1, routed)           0.000     9.117    u_play_melody/open_current_freq2__31_carry__1_n_0
    SLICE_X0Y20          CARRY4 (Prop_carry4_CI_CO[3])
                                                      0.114     9.231 r  u_play_melody/open_current_freq2__31_carry__2/CO[3]
                         net (fo=1, routed)           0.000     9.231    u_play_melody/open_current_freq2__31_carry__2_n_0
    SLICE_X0Y21          CARRY4 (Prop_carry4_CI_CO[1])
                                                      0.157     9.388 r  u_play_melody/open_current_freq2__31_carry__3/CO[1]
                         net (fo=24, routed)          0.843    10.230    u_play_melody/open_current_freq2__31_carry__3_n_2
    SLICE_X4Y25          LUT6 (Prop_lut6_I2_O)        0.329    10.559 r  u_play_melody/i__carry_i_1/O
                         net (fo=1, routed)           0.551    11.110    u_play_melody/i__carry_i_1_n_0
    SLICE_X2Y25          CARRY4 (Prop_carry4_DI[3]_CO[3])
                                                      0.396    11.506 r  u_play_melody/r_buzzer_frequency1_inferred__0/i__carry/CO[3]
                         net (fo=1, routed)           0.000    11.506    u_play_melody/r_buzzer_frequency1_inferred__0/i__carry_n_0
    SLICE_X2Y26          CARRY4 (Prop_carry4_CI_CO[3])
                                                      0.117    11.623 r  u_play_melody/r_buzzer_frequency1_inferred__0/i__carry__0/CO[3]
                         net (fo=1, routed)           0.000    11.623    u_play_melody/r_buzzer_frequency1_inferred__0/i__carry__0_n_0
    SLICE_X2Y27          CARRY4 (Prop_carry4_CI_CO[3])
                                                      0.117    11.740 r  u_play_melody/r_buzzer_frequency1_inferred__0/i__carry__1/CO[3]
                         net (fo=1, routed)           0.000    11.740    u_play_melody/r_buzzer_frequency1_inferred__0/i__carry__1_n_0
    SLICE_X2Y28          CARRY4 (Prop_carry4_CI_CO[3])
                                                      0.117    11.857 r  u_play_melody/r_buzzer_frequency1_inferred__0/i__carry__2/CO[3]
                         net (fo=3, routed)           0.759    12.616    u_play_melody/r_buzzer_frequency1_inferred__0/i__carry__2_n_0
    SLICE_X3Y25          LUT5 (Prop_lut5_I2_O)        0.124    12.740 r  u_play_melody/r_clk_cnt[15]_i_1/O
                         net (fo=15, routed)          0.635    13.375    u_play_melody/r_clk_cnt[15]_i_1_n_0
    SLICE_X1Y27          FDRE                                         r  u_play_melody/r_clk_cnt_reg[9]/R
  -------------------------------------------------------------------    -------------------

                         (clock sys_clk_pin rise edge)
                                                     10.000    10.000 r  
    W5                                                0.000    10.000 r  clk (IN)
                         net (fo=0)                   0.000    10.000    clk
    W5                   IBUF (Prop_ibuf_I_O)         1.388    11.388 r  clk_IBUF_inst/O
                         net (fo=1, routed)           1.862    13.250    clk_IBUF
    BUFGCTRL_X0Y0        BUFG (Prop_bufg_I_O)         0.091    13.341 r  clk_IBUF_BUFG_inst/O
                         net (fo=82, routed)          1.505    14.846    u_play_melody/clk_IBUF_BUFG
    SLICE_X1Y27          FDRE                                         r  u_play_melody/r_clk_cnt_reg[9]/C
                         clock pessimism              0.260    15.106    
                         clock uncertainty           -0.035    15.071    
    SLICE_X1Y27          FDRE (Setup_fdre_C_R)       -0.429    14.642    u_play_melody/r_clk_cnt_reg[9]
  -------------------------------------------------------------------
                         required time                         14.642    
                         arrival time                         -13.375    
  -------------------------------------------------------------------
                         slack                                  1.267    

Slack (MET) :             1.341ns  (required time - arrival time)
  Source:                 u_play_melody/r_counter_reg[23]/C
                            (rising edge-triggered cell FDCE clocked by sys_clk_pin  {rise@0.000ns fall@5.000ns period=10.000ns})
  Destination:            u_play_melody/r_clk_cnt_reg[5]/R
                            (rising edge-triggered cell FDRE clocked by sys_clk_pin  {rise@0.000ns fall@5.000ns period=10.000ns})
  Path Group:             sys_clk_pin
  Path Type:              Setup (Max at Slow Process Corner)
  Requirement:            10.000ns  (sys_clk_pin rise@10.000ns - sys_clk_pin rise@0.000ns)
  Data Path Delay:        8.154ns  (logic 3.762ns (46.136%)  route 4.392ns (53.864%))
  Logic Levels:           14  (CARRY4=10 LUT2=1 LUT4=1 LUT5=1 LUT6=1)
  Clock Path Skew:        -0.040ns (DCD - SCD + CPR)
    Destination Clock Delay (DCD):    4.845ns = ( 14.845 - 10.000 ) 
    Source Clock Delay      (SCD):    5.145ns
    Clock Pessimism Removal (CPR):    0.260ns
  Clock Uncertainty:      0.035ns  ((TSJ^2 + TIJ^2)^1/2 + DJ) / 2 + PE
    Total System Jitter     (TSJ):    0.071ns
    Total Input Jitter      (TIJ):    0.000ns
    Discrete Jitter          (DJ):    0.000ns
    Phase Error              (PE):    0.000ns

    Location             Delay type                Incr(ns)  Path(ns)    Netlist Resource(s)
  -------------------------------------------------------------------    -------------------
                         (clock sys_clk_pin rise edge)
                                                      0.000     0.000 r  
    W5                                                0.000     0.000 r  clk (IN)
                         net (fo=0)                   0.000     0.000    clk
    W5                   IBUF (Prop_ibuf_I_O)         1.458     1.458 r  clk_IBUF_inst/O
                         net (fo=1, routed)           1.967     3.425    clk_IBUF
    BUFGCTRL_X0Y0        BUFG (Prop_bufg_I_O)         0.096     3.521 r  clk_IBUF_BUFG_inst/O
                         net (fo=82, routed)          1.624     5.145    u_play_melody/clk_IBUF_BUFG
    SLICE_X1Y21          FDCE                                         r  u_play_melody/r_counter_reg[23]/C
  -------------------------------------------------------------------    -------------------
    SLICE_X1Y21          FDCE (Prop_fdce_C_Q)         0.456     5.601 r  u_play_melody/r_counter_reg[23]/Q
                         net (fo=53, routed)          1.095     6.697    u_play_melody/r_counter_reg[23]
    SLICE_X2Y17          LUT2 (Prop_lut2_I0_O)        0.124     6.821 r  u_play_melody/open_current_freq2__1_carry_i_7/O
                         net (fo=1, routed)           0.000     6.821    u_play_melody/open_current_freq2__1_carry_i_7_n_0
    SLICE_X2Y17          CARRY4 (Prop_carry4_S[1]_CO[3])
                                                      0.533     7.354 r  u_play_melody/open_current_freq2__1_carry/CO[3]
                         net (fo=1, routed)           0.000     7.354    u_play_melody/open_current_freq2__1_carry_n_0
    SLICE_X2Y18          CARRY4 (Prop_carry4_CI_O[0])
                                                      0.219     7.573 r  u_play_melody/open_current_freq2__1_carry__0/O[0]
                         net (fo=3, routed)           0.585     8.158    u_play_melody/open_current_freq2__1_carry__0_n_7
    SLICE_X0Y18          LUT4 (Prop_lut4_I2_O)        0.295     8.453 r  u_play_melody/open_current_freq2__31_carry__0_i_7/O
                         net (fo=1, routed)           0.000     8.453    u_play_melody/open_current_freq2__31_carry__0_i_7_n_0
    SLICE_X0Y18          CARRY4 (Prop_carry4_S[1]_CO[3])
                                                      0.550     9.003 r  u_play_melody/open_current_freq2__31_carry__0/CO[3]
                         net (fo=1, routed)           0.000     9.003    u_play_melody/open_current_freq2__31_carry__0_n_0
    SLICE_X0Y19          CARRY4 (Prop_carry4_CI_CO[3])
                                                      0.114     9.117 r  u_play_melody/open_current_freq2__31_carry__1/CO[3]
                         net (fo=1, routed)           0.000     9.117    u_play_melody/open_current_freq2__31_carry__1_n_0
    SLICE_X0Y20          CARRY4 (Prop_carry4_CI_CO[3])
                                                      0.114     9.231 r  u_play_melody/open_current_freq2__31_carry__2/CO[3]
                         net (fo=1, routed)           0.000     9.231    u_play_melody/open_current_freq2__31_carry__2_n_0
    SLICE_X0Y21          CARRY4 (Prop_carry4_CI_CO[1])
                                                      0.157     9.388 r  u_play_melody/open_current_freq2__31_carry__3/CO[1]
                         net (fo=24, routed)          0.843    10.230    u_play_melody/open_current_freq2__31_carry__3_n_2
    SLICE_X4Y25          LUT6 (Prop_lut6_I2_O)        0.329    10.559 r  u_play_melody/i__carry_i_1/O
                         net (fo=1, routed)           0.551    11.110    u_play_melody/i__carry_i_1_n_0
    SLICE_X2Y25          CARRY4 (Prop_carry4_DI[3]_CO[3])
                                                      0.396    11.506 r  u_play_melody/r_buzzer_frequency1_inferred__0/i__carry/CO[3]
                         net (fo=1, routed)           0.000    11.506    u_play_melody/r_buzzer_frequency1_inferred__0/i__carry_n_0
    SLICE_X2Y26          CARRY4 (Prop_carry4_CI_CO[3])
                                                      0.117    11.623 r  u_play_melody/r_buzzer_frequency1_inferred__0/i__carry__0/CO[3]
                         net (fo=1, routed)           0.000    11.623    u_play_melody/r_buzzer_frequency1_inferred__0/i__carry__0_n_0
    SLICE_X2Y27          CARRY4 (Prop_carry4_CI_CO[3])
                                                      0.117    11.740 r  u_play_melody/r_buzzer_frequency1_inferred__0/i__carry__1/CO[3]
                         net (fo=1, routed)           0.000    11.740    u_play_melody/r_buzzer_frequency1_inferred__0/i__carry__1_n_0
    SLICE_X2Y28          CARRY4 (Prop_carry4_CI_CO[3])
                                                      0.117    11.857 r  u_play_melody/r_buzzer_frequency1_inferred__0/i__carry__2/CO[3]
                         net (fo=3, routed)           0.759    12.616    u_play_melody/r_buzzer_frequency1_inferred__0/i__carry__2_n_0
    SLICE_X3Y25          LUT5 (Prop_lut5_I2_O)        0.124    12.740 r  u_play_melody/r_clk_cnt[15]_i_1/O
                         net (fo=15, routed)          0.560    13.299    u_play_melody/r_clk_cnt[15]_i_1_n_0
    SLICE_X1Y26          FDRE                                         r  u_play_melody/r_clk_cnt_reg[5]/R
  -------------------------------------------------------------------    -------------------

                         (clock sys_clk_pin rise edge)
                                                     10.000    10.000 r  
    W5                                                0.000    10.000 r  clk (IN)
                         net (fo=0)                   0.000    10.000    clk
    W5                   IBUF (Prop_ibuf_I_O)         1.388    11.388 r  clk_IBUF_inst/O
                         net (fo=1, routed)           1.862    13.250    clk_IBUF
    BUFGCTRL_X0Y0        BUFG (Prop_bufg_I_O)         0.091    13.341 r  clk_IBUF_BUFG_inst/O
                         net (fo=82, routed)          1.504    14.845    u_play_melody/clk_IBUF_BUFG
    SLICE_X1Y26          FDRE                                         r  u_play_melody/r_clk_cnt_reg[5]/C
                         clock pessimism              0.260    15.105    
                         clock uncertainty           -0.035    15.070    
    SLICE_X1Y26          FDRE (Setup_fdre_C_R)       -0.429    14.641    u_play_melody/r_clk_cnt_reg[5]
  -------------------------------------------------------------------
                         required time                         14.641    
                         arrival time                         -13.299    
  -------------------------------------------------------------------
                         slack                                  1.341    

Slack (MET) :             1.341ns  (required time - arrival time)
  Source:                 u_play_melody/r_counter_reg[23]/C
                            (rising edge-triggered cell FDCE clocked by sys_clk_pin  {rise@0.000ns fall@5.000ns period=10.000ns})
  Destination:            u_play_melody/r_clk_cnt_reg[6]/R
                            (rising edge-triggered cell FDRE clocked by sys_clk_pin  {rise@0.000ns fall@5.000ns period=10.000ns})
  Path Group:             sys_clk_pin
  Path Type:              Setup (Max at Slow Process Corner)
  Requirement:            10.000ns  (sys_clk_pin rise@10.000ns - sys_clk_pin rise@0.000ns)
  Data Path Delay:        8.154ns  (logic 3.762ns (46.136%)  route 4.392ns (53.864%))
  Logic Levels:           14  (CARRY4=10 LUT2=1 LUT4=1 LUT5=1 LUT6=1)
  Clock Path Skew:        -0.040ns (DCD - SCD + CPR)
    Destination Clock Delay (DCD):    4.845ns = ( 14.845 - 10.000 ) 
    Source Clock Delay      (SCD):    5.145ns
    Clock Pessimism Removal (CPR):    0.260ns
  Clock Uncertainty:      0.035ns  ((TSJ^2 + TIJ^2)^1/2 + DJ) / 2 + PE
    Total System Jitter     (TSJ):    0.071ns
    Total Input Jitter      (TIJ):    0.000ns
    Discrete Jitter          (DJ):    0.000ns
    Phase Error              (PE):    0.000ns

    Location             Delay type                Incr(ns)  Path(ns)    Netlist Resource(s)
  -------------------------------------------------------------------    -------------------
                         (clock sys_clk_pin rise edge)
                                                      0.000     0.000 r  
    W5                                                0.000     0.000 r  clk (IN)
                         net (fo=0)                   0.000     0.000    clk
    W5                   IBUF (Prop_ibuf_I_O)         1.458     1.458 r  clk_IBUF_inst/O
                         net (fo=1, routed)           1.967     3.425    clk_IBUF
    BUFGCTRL_X0Y0        BUFG (Prop_bufg_I_O)         0.096     3.521 r  clk_IBUF_BUFG_inst/O
                         net (fo=82, routed)          1.624     5.145    u_play_melody/clk_IBUF_BUFG
    SLICE_X1Y21          FDCE                                         r  u_play_melody/r_counter_reg[23]/C
  -------------------------------------------------------------------    -------------------
    SLICE_X1Y21          FDCE (Prop_fdce_C_Q)         0.456     5.601 r  u_play_melody/r_counter_reg[23]/Q
                         net (fo=53, routed)          1.095     6.697    u_play_melody/r_counter_reg[23]
    SLICE_X2Y17          LUT2 (Prop_lut2_I0_O)        0.124     6.821 r  u_play_melody/open_current_freq2__1_carry_i_7/O
                         net (fo=1, routed)           0.000     6.821    u_play_melody/open_current_freq2__1_carry_i_7_n_0
    SLICE_X2Y17          CARRY4 (Prop_carry4_S[1]_CO[3])
                                                      0.533     7.354 r  u_play_melody/open_current_freq2__1_carry/CO[3]
                         net (fo=1, routed)           0.000     7.354    u_play_melody/open_current_freq2__1_carry_n_0
    SLICE_X2Y18          CARRY4 (Prop_carry4_CI_O[0])
                                                      0.219     7.573 r  u_play_melody/open_current_freq2__1_carry__0/O[0]
                         net (fo=3, routed)           0.585     8.158    u_play_melody/open_current_freq2__1_carry__0_n_7
    SLICE_X0Y18          LUT4 (Prop_lut4_I2_O)        0.295     8.453 r  u_play_melody/open_current_freq2__31_carry__0_i_7/O
                         net (fo=1, routed)           0.000     8.453    u_play_melody/open_current_freq2__31_carry__0_i_7_n_0
    SLICE_X0Y18          CARRY4 (Prop_carry4_S[1]_CO[3])
                                                      0.550     9.003 r  u_play_melody/open_current_freq2__31_carry__0/CO[3]
                         net (fo=1, routed)           0.000     9.003    u_play_melody/open_current_freq2__31_carry__0_n_0
    SLICE_X0Y19          CARRY4 (Prop_carry4_CI_CO[3])
                                                      0.114     9.117 r  u_play_melody/open_current_freq2__31_carry__1/CO[3]
                         net (fo=1, routed)           0.000     9.117    u_play_melody/open_current_freq2__31_carry__1_n_0
    SLICE_X0Y20          CARRY4 (Prop_carry4_CI_CO[3])
                                                      0.114     9.231 r  u_play_melody/open_current_freq2__31_carry__2/CO[3]
                         net (fo=1, routed)           0.000     9.231    u_play_melody/open_current_freq2__31_carry__2_n_0
    SLICE_X0Y21          CARRY4 (Prop_carry4_CI_CO[1])
                                                      0.157     9.388 r  u_play_melody/open_current_freq2__31_carry__3/CO[1]
                         net (fo=24, routed)          0.843    10.230    u_play_melody/open_current_freq2__31_carry__3_n_2
    SLICE_X4Y25          LUT6 (Prop_lut6_I2_O)        0.329    10.559 r  u_play_melody/i__carry_i_1/O
                         net (fo=1, routed)           0.551    11.110    u_play_melody/i__carry_i_1_n_0
    SLICE_X2Y25          CARRY4 (Prop_carry4_DI[3]_CO[3])
                                                      0.396    11.506 r  u_play_melody/r_buzzer_frequency1_inferred__0/i__carry/CO[3]
                         net (fo=1, routed)           0.000    11.506    u_play_melody/r_buzzer_frequency1_inferred__0/i__carry_n_0
    SLICE_X2Y26          CARRY4 (Prop_carry4_CI_CO[3])
                                                      0.117    11.623 r  u_play_melody/r_buzzer_frequency1_inferred__0/i__carry__0/CO[3]
                         net (fo=1, routed)           0.000    11.623    u_play_melody/r_buzzer_frequency1_inferred__0/i__carry__0_n_0
    SLICE_X2Y27          CARRY4 (Prop_carry4_CI_CO[3])
                                                      0.117    11.740 r  u_play_melody/r_buzzer_frequency1_inferred__0/i__carry__1/CO[3]
                         net (fo=1, routed)           0.000    11.740    u_play_melody/r_buzzer_frequency1_inferred__0/i__carry__1_n_0
    SLICE_X2Y28          CARRY4 (Prop_carry4_CI_CO[3])
                                                      0.117    11.857 r  u_play_melody/r_buzzer_frequency1_inferred__0/i__carry__2/CO[3]
                         net (fo=3, routed)           0.759    12.616    u_play_melody/r_buzzer_frequency1_inferred__0/i__carry__2_n_0
    SLICE_X3Y25          LUT5 (Prop_lut5_I2_O)        0.124    12.740 r  u_play_melody/r_clk_cnt[15]_i_1/O
                         net (fo=15, routed)          0.560    13.299    u_play_melody/r_clk_cnt[15]_i_1_n_0
    SLICE_X1Y26          FDRE                                         r  u_play_melody/r_clk_cnt_reg[6]/R
  -------------------------------------------------------------------    -------------------

                         (clock sys_clk_pin rise edge)
                                                     10.000    10.000 r  
    W5                                                0.000    10.000 r  clk (IN)
                         net (fo=0)                   0.000    10.000    clk
    W5                   IBUF (Prop_ibuf_I_O)         1.388    11.388 r  clk_IBUF_inst/O
                         net (fo=1, routed)           1.862    13.250    clk_IBUF
    BUFGCTRL_X0Y0        BUFG (Prop_bufg_I_O)         0.091    13.341 r  clk_IBUF_BUFG_inst/O
                         net (fo=82, routed)          1.504    14.845    u_play_melody/clk_IBUF_BUFG
    SLICE_X1Y26          FDRE                                         r  u_play_melody/r_clk_cnt_reg[6]/C
                         clock pessimism              0.260    15.105    
                         clock uncertainty           -0.035    15.070    
    SLICE_X1Y26          FDRE (Setup_fdre_C_R)       -0.429    14.641    u_play_melody/r_clk_cnt_reg[6]
  -------------------------------------------------------------------
                         required time                         14.641    
                         arrival time                         -13.299    
  -------------------------------------------------------------------
                         slack                                  1.341    

Slack (MET) :             1.341ns  (required time - arrival time)
  Source:                 u_play_melody/r_counter_reg[23]/C
                            (rising edge-triggered cell FDCE clocked by sys_clk_pin  {rise@0.000ns fall@5.000ns period=10.000ns})
  Destination:            u_play_melody/r_clk_cnt_reg[7]/R
                            (rising edge-triggered cell FDRE clocked by sys_clk_pin  {rise@0.000ns fall@5.000ns period=10.000ns})
  Path Group:             sys_clk_pin
  Path Type:              Setup (Max at Slow Process Corner)
  Requirement:            10.000ns  (sys_clk_pin rise@10.000ns - sys_clk_pin rise@0.000ns)
  Data Path Delay:        8.154ns  (logic 3.762ns (46.136%)  route 4.392ns (53.864%))
  Logic Levels:           14  (CARRY4=10 LUT2=1 LUT4=1 LUT5=1 LUT6=1)
  Clock Path Skew:        -0.040ns (DCD - SCD + CPR)
    Destination Clock Delay (DCD):    4.845ns = ( 14.845 - 10.000 ) 
    Source Clock Delay      (SCD):    5.145ns
    Clock Pessimism Removal (CPR):    0.260ns
  Clock Uncertainty:      0.035ns  ((TSJ^2 + TIJ^2)^1/2 + DJ) / 2 + PE
    Total System Jitter     (TSJ):    0.071ns
    Total Input Jitter      (TIJ):    0.000ns
    Discrete Jitter          (DJ):    0.000ns
    Phase Error              (PE):    0.000ns

    Location             Delay type                Incr(ns)  Path(ns)    Netlist Resource(s)
  -------------------------------------------------------------------    -------------------
                         (clock sys_clk_pin rise edge)
                                                      0.000     0.000 r  
    W5                                                0.000     0.000 r  clk (IN)
                         net (fo=0)                   0.000     0.000    clk
    W5                   IBUF (Prop_ibuf_I_O)         1.458     1.458 r  clk_IBUF_inst/O
                         net (fo=1, routed)           1.967     3.425    clk_IBUF
    BUFGCTRL_X0Y0        BUFG (Prop_bufg_I_O)         0.096     3.521 r  clk_IBUF_BUFG_inst/O
                         net (fo=82, routed)          1.624     5.145    u_play_melody/clk_IBUF_BUFG
    SLICE_X1Y21          FDCE                                         r  u_play_melody/r_counter_reg[23]/C
  -------------------------------------------------------------------    -------------------
    SLICE_X1Y21          FDCE (Prop_fdce_C_Q)         0.456     5.601 r  u_play_melody/r_counter_reg[23]/Q
                         net (fo=53, routed)          1.095     6.697    u_play_melody/r_counter_reg[23]
    SLICE_X2Y17          LUT2 (Prop_lut2_I0_O)        0.124     6.821 r  u_play_melody/open_current_freq2__1_carry_i_7/O
                         net (fo=1, routed)           0.000     6.821    u_play_melody/open_current_freq2__1_carry_i_7_n_0
    SLICE_X2Y17          CARRY4 (Prop_carry4_S[1]_CO[3])
                                                      0.533     7.354 r  u_play_melody/open_current_freq2__1_carry/CO[3]
                         net (fo=1, routed)           0.000     7.354    u_play_melody/open_current_freq2__1_carry_n_0
    SLICE_X2Y18          CARRY4 (Prop_carry4_CI_O[0])
                                                      0.219     7.573 r  u_play_melody/open_current_freq2__1_carry__0/O[0]
                         net (fo=3, routed)           0.585     8.158    u_play_melody/open_current_freq2__1_carry__0_n_7
    SLICE_X0Y18          LUT4 (Prop_lut4_I2_O)        0.295     8.453 r  u_play_melody/open_current_freq2__31_carry__0_i_7/O
                         net (fo=1, routed)           0.000     8.453    u_play_melody/open_current_freq2__31_carry__0_i_7_n_0
    SLICE_X0Y18          CARRY4 (Prop_carry4_S[1]_CO[3])
                                                      0.550     9.003 r  u_play_melody/open_current_freq2__31_carry__0/CO[3]
                         net (fo=1, routed)           0.000     9.003    u_play_melody/open_current_freq2__31_carry__0_n_0
    SLICE_X0Y19          CARRY4 (Prop_carry4_CI_CO[3])
                                                      0.114     9.117 r  u_play_melody/open_current_freq2__31_carry__1/CO[3]
                         net (fo=1, routed)           0.000     9.117    u_play_melody/open_current_freq2__31_carry__1_n_0
    SLICE_X0Y20          CARRY4 (Prop_carry4_CI_CO[3])
                                                      0.114     9.231 r  u_play_melody/open_current_freq2__31_carry__2/CO[3]
                         net (fo=1, routed)           0.000     9.231    u_play_melody/open_current_freq2__31_carry__2_n_0
    SLICE_X0Y21          CARRY4 (Prop_carry4_CI_CO[1])
                                                      0.157     9.388 r  u_play_melody/open_current_freq2__31_carry__3/CO[1]
                         net (fo=24, routed)          0.843    10.230    u_play_melody/open_current_freq2__31_carry__3_n_2
    SLICE_X4Y25          LUT6 (Prop_lut6_I2_O)        0.329    10.559 r  u_play_melody/i__carry_i_1/O
                         net (fo=1, routed)           0.551    11.110    u_play_melody/i__carry_i_1_n_0
    SLICE_X2Y25          CARRY4 (Prop_carry4_DI[3]_CO[3])
                                                      0.396    11.506 r  u_play_melody/r_buzzer_frequency1_inferred__0/i__carry/CO[3]
                         net (fo=1, routed)           0.000    11.506    u_play_melody/r_buzzer_frequency1_inferred__0/i__carry_n_0
    SLICE_X2Y26          CARRY4 (Prop_carry4_CI_CO[3])
                                                      0.117    11.623 r  u_play_melody/r_buzzer_frequency1_inferred__0/i__carry__0/CO[3]
                         net (fo=1, routed)           0.000    11.623    u_play_melody/r_buzzer_frequency1_inferred__0/i__carry__0_n_0
    SLICE_X2Y27          CARRY4 (Prop_carry4_CI_CO[3])
                                                      0.117    11.740 r  u_play_melody/r_buzzer_frequency1_inferred__0/i__carry__1/CO[3]
                         net (fo=1, routed)           0.000    11.740    u_play_melody/r_buzzer_frequency1_inferred__0/i__carry__1_n_0
    SLICE_X2Y28          CARRY4 (Prop_carry4_CI_CO[3])
                                                      0.117    11.857 r  u_play_melody/r_buzzer_frequency1_inferred__0/i__carry__2/CO[3]
                         net (fo=3, routed)           0.759    12.616    u_play_melody/r_buzzer_frequency1_inferred__0/i__carry__2_n_0
    SLICE_X3Y25          LUT5 (Prop_lut5_I2_O)        0.124    12.740 r  u_play_melody/r_clk_cnt[15]_i_1/O
                         net (fo=15, routed)          0.560    13.299    u_play_melody/r_clk_cnt[15]_i_1_n_0
    SLICE_X1Y26          FDRE                                         r  u_play_melody/r_clk_cnt_reg[7]/R
  -------------------------------------------------------------------    -------------------

                         (clock sys_clk_pin rise edge)
                                                     10.000    10.000 r  
    W5                                                0.000    10.000 r  clk (IN)
                         net (fo=0)                   0.000    10.000    clk
    W5                   IBUF (Prop_ibuf_I_O)         1.388    11.388 r  clk_IBUF_inst/O
                         net (fo=1, routed)           1.862    13.250    clk_IBUF
    BUFGCTRL_X0Y0        BUFG (Prop_bufg_I_O)         0.091    13.341 r  clk_IBUF_BUFG_inst/O
                         net (fo=82, routed)          1.504    14.845    u_play_melody/clk_IBUF_BUFG
    SLICE_X1Y26          FDRE                                         r  u_play_melody/r_clk_cnt_reg[7]/C
                         clock pessimism              0.260    15.105    
                         clock uncertainty           -0.035    15.070    
    SLICE_X1Y26          FDRE (Setup_fdre_C_R)       -0.429    14.641    u_play_melody/r_clk_cnt_reg[7]
  -------------------------------------------------------------------
                         required time                         14.641    
                         arrival time                         -13.299    
  -------------------------------------------------------------------
                         slack                                  1.341    





Min Delay Paths
--------------------------------------------------------------------------------------
Slack (MET) :             0.199ns  (arrival time - required time)
  Source:                 u_btnL_debouncer/r_prev_clean_btn_reg/C
                            (rising edge-triggered cell FDCE clocked by sys_clk_pin  {rise@0.000ns fall@5.000ns period=10.000ns})
  Destination:            u_play_melody/r_play_power_on_reg/D
                            (rising edge-triggered cell FDCE clocked by sys_clk_pin  {rise@0.000ns fall@5.000ns period=10.000ns})
  Path Group:             sys_clk_pin
  Path Type:              Hold (Min at Fast Process Corner)
  Requirement:            0.000ns  (sys_clk_pin rise@0.000ns - sys_clk_pin rise@0.000ns)
  Data Path Delay:        0.319ns  (logic 0.246ns (77.056%)  route 0.073ns (22.944%))
  Logic Levels:           1  (LUT4=1)
  Clock Path Skew:        0.000ns (DCD - SCD - CPR)
    Destination Clock Delay (DCD):    1.978ns
    Source Clock Delay      (SCD):    1.466ns
    Clock Pessimism Removal (CPR):    0.512ns

    Location             Delay type                Incr(ns)  Path(ns)    Netlist Resource(s)
  -------------------------------------------------------------------    -------------------
                         (clock sys_clk_pin rise edge)
                                                      0.000     0.000 r  
    W5                                                0.000     0.000 r  clk (IN)
                         net (fo=0)                   0.000     0.000    clk
    W5                   IBUF (Prop_ibuf_I_O)         0.226     0.226 r  clk_IBUF_inst/O
                         net (fo=1, routed)           0.631     0.858    clk_IBUF
    BUFGCTRL_X0Y0        BUFG (Prop_bufg_I_O)         0.026     0.884 r  clk_IBUF_BUFG_inst/O
                         net (fo=82, routed)          0.583     1.466    u_btnL_debouncer/clk_IBUF_BUFG
    SLICE_X2Y23          FDCE                                         r  u_btnL_debouncer/r_prev_clean_btn_reg/C
  -------------------------------------------------------------------    -------------------
    SLICE_X2Y23          FDCE (Prop_fdce_C_Q)         0.148     1.614 f  u_btnL_debouncer/r_prev_clean_btn_reg/Q
                         net (fo=4, routed)           0.073     1.687    u_btnL_debouncer/r_prev_clean_btn
    SLICE_X2Y23          LUT4 (Prop_lut4_I0_O)        0.098     1.785 r  u_btnL_debouncer/r_play_power_on_i_1/O
                         net (fo=1, routed)           0.000     1.785    u_play_melody/r_play_power_on_reg_0
    SLICE_X2Y23          FDCE                                         r  u_play_melody/r_play_power_on_reg/D
  -------------------------------------------------------------------    -------------------

                         (clock sys_clk_pin rise edge)
                                                      0.000     0.000 r  
    W5                                                0.000     0.000 r  clk (IN)
                         net (fo=0)                   0.000     0.000    clk
    W5                   IBUF (Prop_ibuf_I_O)         0.414     0.414 r  clk_IBUF_inst/O
                         net (fo=1, routed)           0.685     1.099    clk_IBUF
    BUFGCTRL_X0Y0        BUFG (Prop_bufg_I_O)         0.029     1.128 r  clk_IBUF_BUFG_inst/O
                         net (fo=82, routed)          0.851     1.978    u_play_melody/clk_IBUF_BUFG
    SLICE_X2Y23          FDCE                                         r  u_play_melody/r_play_power_on_reg/C
                         clock pessimism             -0.512     1.466    
    SLICE_X2Y23          FDCE (Hold_fdce_C_D)         0.120     1.586    u_play_melody/r_play_power_on_reg
  -------------------------------------------------------------------
                         required time                         -1.586    
                         arrival time                           1.785    
  -------------------------------------------------------------------
                         slack                                  0.199    

Slack (MET) :             0.252ns  (arrival time - required time)
  Source:                 u_btnL_debouncer/r_clean_btn_reg/C
                            (rising edge-triggered cell FDCE clocked by sys_clk_pin  {rise@0.000ns fall@5.000ns period=10.000ns})
  Destination:            u_btnL_debouncer/r_counter_reg[1]/D
                            (rising edge-triggered cell FDCE clocked by sys_clk_pin  {rise@0.000ns fall@5.000ns period=10.000ns})
  Path Group:             sys_clk_pin
  Path Type:              Hold (Min at Fast Process Corner)
  Requirement:            0.000ns  (sys_clk_pin rise@0.000ns - sys_clk_pin rise@0.000ns)
  Data Path Delay:        0.357ns  (logic 0.186ns (52.037%)  route 0.171ns (47.963%))
  Logic Levels:           1  (LUT4=1)
  Clock Path Skew:        0.013ns (DCD - SCD - CPR)
    Destination Clock Delay (DCD):    1.975ns
    Source Clock Delay      (SCD):    1.463ns
    Clock Pessimism Removal (CPR):    0.499ns

    Location             Delay type                Incr(ns)  Path(ns)    Netlist Resource(s)
  -------------------------------------------------------------------    -------------------
                         (clock sys_clk_pin rise edge)
                                                      0.000     0.000 r  
    W5                                                0.000     0.000 r  clk (IN)
                         net (fo=0)                   0.000     0.000    clk
    W5                   IBUF (Prop_ibuf_I_O)         0.226     0.226 r  clk_IBUF_inst/O
                         net (fo=1, routed)           0.631     0.858    clk_IBUF
    BUFGCTRL_X0Y0        BUFG (Prop_bufg_I_O)         0.026     0.884 r  clk_IBUF_BUFG_inst/O
                         net (fo=82, routed)          0.580     1.463    u_btnL_debouncer/clk_IBUF_BUFG
    SLICE_X5Y24          FDCE                                         r  u_btnL_debouncer/r_clean_btn_reg/C
  -------------------------------------------------------------------    -------------------
    SLICE_X5Y24          FDCE (Prop_fdce_C_Q)         0.141     1.604 r  u_btnL_debouncer/r_clean_btn_reg/Q
                         net (fo=23, routed)          0.171     1.776    u_btnL_debouncer/r_clean_btn_reg_0
    SLICE_X7Y24          LUT4 (Prop_lut4_I1_O)        0.045     1.821 r  u_btnL_debouncer/r_counter[1]_i_1/O
                         net (fo=1, routed)           0.000     1.821    u_btnL_debouncer/p_0_in[1]
    SLICE_X7Y24          FDCE                                         r  u_btnL_debouncer/r_counter_reg[1]/D
  -------------------------------------------------------------------    -------------------

                         (clock sys_clk_pin rise edge)
                                                      0.000     0.000 r  
    W5                                                0.000     0.000 r  clk (IN)
                         net (fo=0)                   0.000     0.000    clk
    W5                   IBUF (Prop_ibuf_I_O)         0.414     0.414 r  clk_IBUF_inst/O
                         net (fo=1, routed)           0.685     1.099    clk_IBUF
    BUFGCTRL_X0Y0        BUFG (Prop_bufg_I_O)         0.029     1.128 r  clk_IBUF_BUFG_inst/O
                         net (fo=82, routed)          0.848     1.975    u_btnL_debouncer/clk_IBUF_BUFG
    SLICE_X7Y24          FDCE                                         r  u_btnL_debouncer/r_counter_reg[1]/C
                         clock pessimism             -0.499     1.476    
    SLICE_X7Y24          FDCE (Hold_fdce_C_D)         0.092     1.568    u_btnL_debouncer/r_counter_reg[1]
  -------------------------------------------------------------------
                         required time                         -1.568    
                         arrival time                           1.821    
  -------------------------------------------------------------------
                         slack                                  0.252    

Slack (MET) :             0.258ns  (arrival time - required time)
  Source:                 u_btnR_debouncer/r_prev_clean_btn_reg/C
                            (rising edge-triggered cell FDCE clocked by sys_clk_pin  {rise@0.000ns fall@5.000ns period=10.000ns})
  Destination:            u_play_melody/r_play_open_reg/D
                            (rising edge-triggered cell FDCE clocked by sys_clk_pin  {rise@0.000ns fall@5.000ns period=10.000ns})
  Path Group:             sys_clk_pin
  Path Type:              Hold (Min at Fast Process Corner)
  Requirement:            0.000ns  (sys_clk_pin rise@0.000ns - sys_clk_pin rise@0.000ns)
  Data Path Delay:        0.362ns  (logic 0.186ns (51.444%)  route 0.176ns (48.556%))
  Logic Levels:           1  (LUT6=1)
  Clock Path Skew:        0.013ns (DCD - SCD - CPR)
    Destination Clock Delay (DCD):    1.978ns
    Source Clock Delay      (SCD):    1.466ns
    Clock Pessimism Removal (CPR):    0.499ns

    Location             Delay type                Incr(ns)  Path(ns)    Netlist Resource(s)
  -------------------------------------------------------------------    -------------------
                         (clock sys_clk_pin rise edge)
                                                      0.000     0.000 r  
    W5                                                0.000     0.000 r  clk (IN)
                         net (fo=0)                   0.000     0.000    clk
    W5                   IBUF (Prop_ibuf_I_O)         0.226     0.226 r  clk_IBUF_inst/O
                         net (fo=1, routed)           0.631     0.858    clk_IBUF
    BUFGCTRL_X0Y0        BUFG (Prop_bufg_I_O)         0.026     0.884 r  clk_IBUF_BUFG_inst/O
                         net (fo=82, routed)          0.583     1.466    u_btnR_debouncer/clk_IBUF_BUFG
    SLICE_X1Y23          FDCE                                         r  u_btnR_debouncer/r_prev_clean_btn_reg/C
  -------------------------------------------------------------------    -------------------
    SLICE_X1Y23          FDCE (Prop_fdce_C_Q)         0.141     1.607 f  u_btnR_debouncer/r_prev_clean_btn_reg/Q
                         net (fo=3, routed)           0.176     1.783    u_btnL_debouncer/r_prev_clean_btn_0
    SLICE_X3Y23          LUT6 (Prop_lut6_I2_O)        0.045     1.828 r  u_btnL_debouncer/r_play_open_i_1/O
                         net (fo=1, routed)           0.000     1.828    u_play_melody/r_play_open_reg_1
    SLICE_X3Y23          FDCE                                         r  u_play_melody/r_play_open_reg/D
  -------------------------------------------------------------------    -------------------

                         (clock sys_clk_pin rise edge)
                                                      0.000     0.000 r  
    W5                                                0.000     0.000 r  clk (IN)
                         net (fo=0)                   0.000     0.000    clk
    W5                   IBUF (Prop_ibuf_I_O)         0.414     0.414 r  clk_IBUF_inst/O
                         net (fo=1, routed)           0.685     1.099    clk_IBUF
    BUFGCTRL_X0Y0        BUFG (Prop_bufg_I_O)         0.029     1.128 r  clk_IBUF_BUFG_inst/O
                         net (fo=82, routed)          0.851     1.978    u_play_melody/clk_IBUF_BUFG
    SLICE_X3Y23          FDCE                                         r  u_play_melody/r_play_open_reg/C
                         clock pessimism             -0.499     1.479    
    SLICE_X3Y23          FDCE (Hold_fdce_C_D)         0.091     1.570    u_play_melody/r_play_open_reg
  -------------------------------------------------------------------
                         required time                         -1.570    
                         arrival time                           1.828    
  -------------------------------------------------------------------
                         slack                                  0.258    

Slack (MET) :             0.263ns  (arrival time - required time)
  Source:                 u_play_melody/r_buzzer_frequency_reg/C
                            (rising edge-triggered cell FDCE clocked by sys_clk_pin  {rise@0.000ns fall@5.000ns period=10.000ns})
  Destination:            u_play_melody/r_buzzer_frequency_reg/D
                            (rising edge-triggered cell FDCE clocked by sys_clk_pin  {rise@0.000ns fall@5.000ns period=10.000ns})
  Path Group:             sys_clk_pin
  Path Type:              Hold (Min at Fast Process Corner)
  Requirement:            0.000ns  (sys_clk_pin rise@0.000ns - sys_clk_pin rise@0.000ns)
  Data Path Delay:        0.354ns  (logic 0.186ns (52.498%)  route 0.168ns (47.502%))
  Logic Levels:           1  (LUT5=1)
  Clock Path Skew:        0.000ns (DCD - SCD - CPR)
    Destination Clock Delay (DCD):    1.977ns
    Source Clock Delay      (SCD):    1.465ns
    Clock Pessimism Removal (CPR):    0.512ns

    Location             Delay type                Incr(ns)  Path(ns)    Netlist Resource(s)
  -------------------------------------------------------------------    -------------------
                         (clock sys_clk_pin rise edge)
                                                      0.000     0.000 r  
    W5                                                0.000     0.000 r  clk (IN)
                         net (fo=0)                   0.000     0.000    clk
    W5                   IBUF (Prop_ibuf_I_O)         0.226     0.226 r  clk_IBUF_inst/O
                         net (fo=1, routed)           0.631     0.858    clk_IBUF
    BUFGCTRL_X0Y0        BUFG (Prop_bufg_I_O)         0.026     0.884 r  clk_IBUF_BUFG_inst/O
                         net (fo=82, routed)          0.582     1.465    u_play_melody/clk_IBUF_BUFG
    SLICE_X3Y24          FDCE                                         r  u_play_melody/r_buzzer_frequency_reg/C
  -------------------------------------------------------------------    -------------------
    SLICE_X3Y24          FDCE (Prop_fdce_C_Q)         0.141     1.606 r  u_play_melody/r_buzzer_frequency_reg/Q
                         net (fo=2, routed)           0.168     1.774    u_play_melody/buzzer_OBUF
    SLICE_X3Y24          LUT5 (Prop_lut5_I4_O)        0.045     1.819 r  u_play_melody/r_buzzer_frequency_i_1/O
                         net (fo=1, routed)           0.000     1.819    u_play_melody/r_buzzer_frequency_i_1_n_0
    SLICE_X3Y24          FDCE                                         r  u_play_melody/r_buzzer_frequency_reg/D
  -------------------------------------------------------------------    -------------------

                         (clock sys_clk_pin rise edge)
                                                      0.000     0.000 r  
    W5                                                0.000     0.000 r  clk (IN)
                         net (fo=0)                   0.000     0.000    clk
    W5                   IBUF (Prop_ibuf_I_O)         0.414     0.414 r  clk_IBUF_inst/O
                         net (fo=1, routed)           0.685     1.099    clk_IBUF
    BUFGCTRL_X0Y0        BUFG (Prop_bufg_I_O)         0.029     1.128 r  clk_IBUF_BUFG_inst/O
                         net (fo=82, routed)          0.850     1.977    u_play_melody/clk_IBUF_BUFG
    SLICE_X3Y24          FDCE                                         r  u_play_melody/r_buzzer_frequency_reg/C
                         clock pessimism             -0.512     1.465    
    SLICE_X3Y24          FDCE (Hold_fdce_C_D)         0.091     1.556    u_play_melody/r_buzzer_frequency_reg
  -------------------------------------------------------------------
                         required time                         -1.556    
                         arrival time                           1.819    
  -------------------------------------------------------------------
                         slack                                  0.263    

Slack (MET) :             0.264ns  (arrival time - required time)
  Source:                 u_play_melody/r_clk_cnt_reg[8]/C
                            (rising edge-triggered cell FDRE clocked by sys_clk_pin  {rise@0.000ns fall@5.000ns period=10.000ns})
  Destination:            u_play_melody/r_clk_cnt_reg[8]/D
                            (rising edge-triggered cell FDRE clocked by sys_clk_pin  {rise@0.000ns fall@5.000ns period=10.000ns})
  Path Group:             sys_clk_pin
  Path Type:              Hold (Min at Fast Process Corner)
  Requirement:            0.000ns  (sys_clk_pin rise@0.000ns - sys_clk_pin rise@0.000ns)
  Data Path Delay:        0.369ns  (logic 0.249ns (67.424%)  route 0.120ns (32.576%))
  Logic Levels:           1  (CARRY4=1)
  Clock Path Skew:        0.000ns (DCD - SCD - CPR)
    Destination Clock Delay (DCD):    1.978ns
    Source Clock Delay      (SCD):    1.466ns
    Clock Pessimism Removal (CPR):    0.512ns

    Location             Delay type                Incr(ns)  Path(ns)    Netlist Resource(s)
  -------------------------------------------------------------------    -------------------
                         (clock sys_clk_pin rise edge)
                                                      0.000     0.000 r  
    W5                                                0.000     0.000 r  clk (IN)
                         net (fo=0)                   0.000     0.000    clk
    W5                   IBUF (Prop_ibuf_I_O)         0.226     0.226 r  clk_IBUF_inst/O
                         net (fo=1, routed)           0.631     0.858    clk_IBUF
    BUFGCTRL_X0Y0        BUFG (Prop_bufg_I_O)         0.026     0.884 r  clk_IBUF_BUFG_inst/O
                         net (fo=82, routed)          0.583     1.466    u_play_melody/clk_IBUF_BUFG
    SLICE_X1Y26          FDRE                                         r  u_play_melody/r_clk_cnt_reg[8]/C
  -------------------------------------------------------------------    -------------------
    SLICE_X1Y26          FDRE (Prop_fdre_C_Q)         0.141     1.607 r  u_play_melody/r_clk_cnt_reg[8]/Q
                         net (fo=3, routed)           0.120     1.727    u_play_melody/r_clk_cnt_reg_n_0_[8]
    SLICE_X1Y26          CARRY4 (Prop_carry4_S[3]_O[3])
                                                      0.108     1.835 r  u_play_melody/r_clk_cnt0_carry__0/O[3]
                         net (fo=1, routed)           0.000     1.835    u_play_melody/r_clk_cnt0[8]
    SLICE_X1Y26          FDRE                                         r  u_play_melody/r_clk_cnt_reg[8]/D
  -------------------------------------------------------------------    -------------------

                         (clock sys_clk_pin rise edge)
                                                      0.000     0.000 r  
    W5                                                0.000     0.000 r  clk (IN)
                         net (fo=0)                   0.000     0.000    clk
    W5                   IBUF (Prop_ibuf_I_O)         0.414     0.414 r  clk_IBUF_inst/O
                         net (fo=1, routed)           0.685     1.099    clk_IBUF
    BUFGCTRL_X0Y0        BUFG (Prop_bufg_I_O)         0.029     1.128 r  clk_IBUF_BUFG_inst/O
                         net (fo=82, routed)          0.851     1.978    u_play_melody/clk_IBUF_BUFG
    SLICE_X1Y26          FDRE                                         r  u_play_melody/r_clk_cnt_reg[8]/C
                         clock pessimism             -0.512     1.466    
    SLICE_X1Y26          FDRE (Hold_fdre_C_D)         0.105     1.571    u_play_melody/r_clk_cnt_reg[8]
  -------------------------------------------------------------------
                         required time                         -1.571    
                         arrival time                           1.835    
  -------------------------------------------------------------------
                         slack                                  0.264    

Slack (MET) :             0.268ns  (arrival time - required time)
  Source:                 u_play_melody/r_clk_cnt_reg[13]/C
                            (rising edge-triggered cell FDRE clocked by sys_clk_pin  {rise@0.000ns fall@5.000ns period=10.000ns})
  Destination:            u_play_melody/r_clk_cnt_reg[13]/D
                            (rising edge-triggered cell FDRE clocked by sys_clk_pin  {rise@0.000ns fall@5.000ns period=10.000ns})
  Path Group:             sys_clk_pin
  Path Type:              Hold (Min at Fast Process Corner)
  Requirement:            0.000ns  (sys_clk_pin rise@0.000ns - sys_clk_pin rise@0.000ns)
  Data Path Delay:        0.373ns  (logic 0.256ns (68.576%)  route 0.117ns (31.424%))
  Logic Levels:           1  (CARRY4=1)
  Clock Path Skew:        0.000ns (DCD - SCD - CPR)
    Destination Clock Delay (DCD):    1.981ns
    Source Clock Delay      (SCD):    1.468ns
    Clock Pessimism Removal (CPR):    0.513ns

    Location             Delay type                Incr(ns)  Path(ns)    Netlist Resource(s)
  -------------------------------------------------------------------    -------------------
                         (clock sys_clk_pin rise edge)
                                                      0.000     0.000 r  
    W5                                                0.000     0.000 r  clk (IN)
                         net (fo=0)                   0.000     0.000    clk
    W5                   IBUF (Prop_ibuf_I_O)         0.226     0.226 r  clk_IBUF_inst/O
                         net (fo=1, routed)           0.631     0.858    clk_IBUF
    BUFGCTRL_X0Y0        BUFG (Prop_bufg_I_O)         0.026     0.884 r  clk_IBUF_BUFG_inst/O
                         net (fo=82, routed)          0.585     1.468    u_play_melody/clk_IBUF_BUFG
    SLICE_X1Y28          FDRE                                         r  u_play_melody/r_clk_cnt_reg[13]/C
  -------------------------------------------------------------------    -------------------
    SLICE_X1Y28          FDRE (Prop_fdre_C_Q)         0.141     1.609 r  u_play_melody/r_clk_cnt_reg[13]/Q
                         net (fo=3, routed)           0.117     1.726    u_play_melody/r_clk_cnt_reg_n_0_[13]
    SLICE_X1Y28          CARRY4 (Prop_carry4_S[0]_O[0])
                                                      0.115     1.841 r  u_play_melody/r_clk_cnt0_carry__2/O[0]
                         net (fo=1, routed)           0.000     1.841    u_play_melody/r_clk_cnt0[13]
    SLICE_X1Y28          FDRE                                         r  u_play_melody/r_clk_cnt_reg[13]/D
  -------------------------------------------------------------------    -------------------

                         (clock sys_clk_pin rise edge)
                                                      0.000     0.000 r  
    W5                                                0.000     0.000 r  clk (IN)
                         net (fo=0)                   0.000     0.000    clk
    W5                   IBUF (Prop_ibuf_I_O)         0.414     0.414 r  clk_IBUF_inst/O
                         net (fo=1, routed)           0.685     1.099    clk_IBUF
    BUFGCTRL_X0Y0        BUFG (Prop_bufg_I_O)         0.029     1.128 r  clk_IBUF_BUFG_inst/O
                         net (fo=82, routed)          0.854     1.981    u_play_melody/clk_IBUF_BUFG
    SLICE_X1Y28          FDRE                                         r  u_play_melody/r_clk_cnt_reg[13]/C
                         clock pessimism             -0.513     1.468    
    SLICE_X1Y28          FDRE (Hold_fdre_C_D)         0.105     1.573    u_play_melody/r_clk_cnt_reg[13]
  -------------------------------------------------------------------
                         required time                         -1.573    
                         arrival time                           1.841    
  -------------------------------------------------------------------
                         slack                                  0.268    

Slack (MET) :             0.268ns  (arrival time - required time)
  Source:                 u_play_melody/r_clk_cnt_reg[5]/C
                            (rising edge-triggered cell FDRE clocked by sys_clk_pin  {rise@0.000ns fall@5.000ns period=10.000ns})
  Destination:            u_play_melody/r_clk_cnt_reg[5]/D
                            (rising edge-triggered cell FDRE clocked by sys_clk_pin  {rise@0.000ns fall@5.000ns period=10.000ns})
  Path Group:             sys_clk_pin
  Path Type:              Hold (Min at Fast Process Corner)
  Requirement:            0.000ns  (sys_clk_pin rise@0.000ns - sys_clk_pin rise@0.000ns)
  Data Path Delay:        0.373ns  (logic 0.256ns (68.576%)  route 0.117ns (31.424%))
  Logic Levels:           1  (CARRY4=1)
  Clock Path Skew:        0.000ns (DCD - SCD - CPR)
    Destination Clock Delay (DCD):    1.978ns
    Source Clock Delay      (SCD):    1.466ns
    Clock Pessimism Removal (CPR):    0.512ns

    Location             Delay type                Incr(ns)  Path(ns)    Netlist Resource(s)
  -------------------------------------------------------------------    -------------------
                         (clock sys_clk_pin rise edge)
                                                      0.000     0.000 r  
    W5                                                0.000     0.000 r  clk (IN)
                         net (fo=0)                   0.000     0.000    clk
    W5                   IBUF (Prop_ibuf_I_O)         0.226     0.226 r  clk_IBUF_inst/O
                         net (fo=1, routed)           0.631     0.858    clk_IBUF
    BUFGCTRL_X0Y0        BUFG (Prop_bufg_I_O)         0.026     0.884 r  clk_IBUF_BUFG_inst/O
                         net (fo=82, routed)          0.583     1.466    u_play_melody/clk_IBUF_BUFG
    SLICE_X1Y26          FDRE                                         r  u_play_melody/r_clk_cnt_reg[5]/C
  -------------------------------------------------------------------    -------------------
    SLICE_X1Y26          FDRE (Prop_fdre_C_Q)         0.141     1.607 r  u_play_melody/r_clk_cnt_reg[5]/Q
                         net (fo=3, routed)           0.117     1.724    u_play_melody/r_clk_cnt_reg_n_0_[5]
    SLICE_X1Y26          CARRY4 (Prop_carry4_S[0]_O[0])
                                                      0.115     1.839 r  u_play_melody/r_clk_cnt0_carry__0/O[0]
                         net (fo=1, routed)           0.000     1.839    u_play_melody/r_clk_cnt0[5]
    SLICE_X1Y26          FDRE                                         r  u_play_melody/r_clk_cnt_reg[5]/D
  -------------------------------------------------------------------    -------------------

                         (clock sys_clk_pin rise edge)
                                                      0.000     0.000 r  
    W5                                                0.000     0.000 r  clk (IN)
                         net (fo=0)                   0.000     0.000    clk
    W5                   IBUF (Prop_ibuf_I_O)         0.414     0.414 r  clk_IBUF_inst/O
                         net (fo=1, routed)           0.685     1.099    clk_IBUF
    BUFGCTRL_X0Y0        BUFG (Prop_bufg_I_O)         0.029     1.128 r  clk_IBUF_BUFG_inst/O
                         net (fo=82, routed)          0.851     1.978    u_play_melody/clk_IBUF_BUFG
    SLICE_X1Y26          FDRE                                         r  u_play_melody/r_clk_cnt_reg[5]/C
                         clock pessimism             -0.512     1.466    
    SLICE_X1Y26          FDRE (Hold_fdre_C_D)         0.105     1.571    u_play_melody/r_clk_cnt_reg[5]
  -------------------------------------------------------------------
                         required time                         -1.571    
                         arrival time                           1.839    
  -------------------------------------------------------------------
                         slack                                  0.268    

Slack (MET) :             0.268ns  (arrival time - required time)
  Source:                 u_play_melody/r_clk_cnt_reg[9]/C
                            (rising edge-triggered cell FDRE clocked by sys_clk_pin  {rise@0.000ns fall@5.000ns period=10.000ns})
  Destination:            u_play_melody/r_clk_cnt_reg[9]/D
                            (rising edge-triggered cell FDRE clocked by sys_clk_pin  {rise@0.000ns fall@5.000ns period=10.000ns})
  Path Group:             sys_clk_pin
  Path Type:              Hold (Min at Fast Process Corner)
  Requirement:            0.000ns  (sys_clk_pin rise@0.000ns - sys_clk_pin rise@0.000ns)
  Data Path Delay:        0.373ns  (logic 0.256ns (68.565%)  route 0.117ns (31.435%))
  Logic Levels:           1  (CARRY4=1)
  Clock Path Skew:        0.000ns (DCD - SCD - CPR)
    Destination Clock Delay (DCD):    1.980ns
    Source Clock Delay      (SCD):    1.468ns
    Clock Pessimism Removal (CPR):    0.512ns

    Location             Delay type                Incr(ns)  Path(ns)    Netlist Resource(s)
  -------------------------------------------------------------------    -------------------
                         (clock sys_clk_pin rise edge)
                                                      0.000     0.000 r  
    W5                                                0.000     0.000 r  clk (IN)
                         net (fo=0)                   0.000     0.000    clk
    W5                   IBUF (Prop_ibuf_I_O)         0.226     0.226 r  clk_IBUF_inst/O
                         net (fo=1, routed)           0.631     0.858    clk_IBUF
    BUFGCTRL_X0Y0        BUFG (Prop_bufg_I_O)         0.026     0.884 r  clk_IBUF_BUFG_inst/O
                         net (fo=82, routed)          0.585     1.468    u_play_melody/clk_IBUF_BUFG
    SLICE_X1Y27          FDRE                                         r  u_play_melody/r_clk_cnt_reg[9]/C
  -------------------------------------------------------------------    -------------------
    SLICE_X1Y27          FDRE (Prop_fdre_C_Q)         0.141     1.609 r  u_play_melody/r_clk_cnt_reg[9]/Q
                         net (fo=3, routed)           0.117     1.726    u_play_melody/r_clk_cnt_reg_n_0_[9]
    SLICE_X1Y27          CARRY4 (Prop_carry4_S[0]_O[0])
                                                      0.115     1.841 r  u_play_melody/r_clk_cnt0_carry__1/O[0]
                         net (fo=1, routed)           0.000     1.841    u_play_melody/r_clk_cnt0[9]
    SLICE_X1Y27          FDRE                                         r  u_play_melody/r_clk_cnt_reg[9]/D
  -------------------------------------------------------------------    -------------------

                         (clock sys_clk_pin rise edge)
                                                      0.000     0.000 r  
    W5                                                0.000     0.000 r  clk (IN)
                         net (fo=0)                   0.000     0.000    clk
    W5                   IBUF (Prop_ibuf_I_O)         0.414     0.414 r  clk_IBUF_inst/O
                         net (fo=1, routed)           0.685     1.099    clk_IBUF
    BUFGCTRL_X0Y0        BUFG (Prop_bufg_I_O)         0.029     1.128 r  clk_IBUF_BUFG_inst/O
                         net (fo=82, routed)          0.853     1.980    u_play_melody/clk_IBUF_BUFG
    SLICE_X1Y27          FDRE                                         r  u_play_melody/r_clk_cnt_reg[9]/C
                         clock pessimism             -0.512     1.468    
    SLICE_X1Y27          FDRE (Hold_fdre_C_D)         0.105     1.573    u_play_melody/r_clk_cnt_reg[9]
  -------------------------------------------------------------------
                         required time                         -1.573    
                         arrival time                           1.841    
  -------------------------------------------------------------------
                         slack                                  0.268    

Slack (MET) :             0.269ns  (arrival time - required time)
  Source:                 u_play_melody/r_clk_cnt_reg[15]/C
                            (rising edge-triggered cell FDRE clocked by sys_clk_pin  {rise@0.000ns fall@5.000ns period=10.000ns})
  Destination:            u_play_melody/r_clk_cnt_reg[15]/D
                            (rising edge-triggered cell FDRE clocked by sys_clk_pin  {rise@0.000ns fall@5.000ns period=10.000ns})
  Path Group:             sys_clk_pin
  Path Type:              Hold (Min at Fast Process Corner)
  Requirement:            0.000ns  (sys_clk_pin rise@0.000ns - sys_clk_pin rise@0.000ns)
  Data Path Delay:        0.374ns  (logic 0.252ns (67.467%)  route 0.122ns (32.533%))
  Logic Levels:           1  (CARRY4=1)
  Clock Path Skew:        0.000ns (DCD - SCD - CPR)
    Destination Clock Delay (DCD):    1.981ns
    Source Clock Delay      (SCD):    1.468ns
    Clock Pessimism Removal (CPR):    0.513ns

    Location             Delay type                Incr(ns)  Path(ns)    Netlist Resource(s)
  -------------------------------------------------------------------    -------------------
                         (clock sys_clk_pin rise edge)
                                                      0.000     0.000 r  
    W5                                                0.000     0.000 r  clk (IN)
                         net (fo=0)                   0.000     0.000    clk
    W5                   IBUF (Prop_ibuf_I_O)         0.226     0.226 r  clk_IBUF_inst/O
                         net (fo=1, routed)           0.631     0.858    clk_IBUF
    BUFGCTRL_X0Y0        BUFG (Prop_bufg_I_O)         0.026     0.884 r  clk_IBUF_BUFG_inst/O
                         net (fo=82, routed)          0.585     1.468    u_play_melody/clk_IBUF_BUFG
    SLICE_X1Y28          FDRE                                         r  u_play_melody/r_clk_cnt_reg[15]/C
  -------------------------------------------------------------------    -------------------
    SLICE_X1Y28          FDRE (Prop_fdre_C_Q)         0.141     1.609 r  u_play_melody/r_clk_cnt_reg[15]/Q
                         net (fo=3, routed)           0.122     1.731    u_play_melody/r_clk_cnt_reg_n_0_[15]
    SLICE_X1Y28          CARRY4 (Prop_carry4_S[2]_O[2])
                                                      0.111     1.842 r  u_play_melody/r_clk_cnt0_carry__2/O[2]
                         net (fo=1, routed)           0.000     1.842    u_play_melody/r_clk_cnt0[15]
    SLICE_X1Y28          FDRE                                         r  u_play_melody/r_clk_cnt_reg[15]/D
  -------------------------------------------------------------------    -------------------

                         (clock sys_clk_pin rise edge)
                                                      0.000     0.000 r  
    W5                                                0.000     0.000 r  clk (IN)
                         net (fo=0)                   0.000     0.000    clk
    W5                   IBUF (Prop_ibuf_I_O)         0.414     0.414 r  clk_IBUF_inst/O
                         net (fo=1, routed)           0.685     1.099    clk_IBUF
    BUFGCTRL_X0Y0        BUFG (Prop_bufg_I_O)         0.029     1.128 r  clk_IBUF_BUFG_inst/O
                         net (fo=82, routed)          0.854     1.981    u_play_melody/clk_IBUF_BUFG
    SLICE_X1Y28          FDRE                                         r  u_play_melody/r_clk_cnt_reg[15]/C
                         clock pessimism             -0.513     1.468    
    SLICE_X1Y28          FDRE (Hold_fdre_C_D)         0.105     1.573    u_play_melody/r_clk_cnt_reg[15]
  -------------------------------------------------------------------
                         required time                         -1.573    
                         arrival time                           1.842    
  -------------------------------------------------------------------
                         slack                                  0.269    

Slack (MET) :             0.269ns  (arrival time - required time)
  Source:                 u_play_melody/r_clk_cnt_reg[3]/C
                            (rising edge-triggered cell FDRE clocked by sys_clk_pin  {rise@0.000ns fall@5.000ns period=10.000ns})
  Destination:            u_play_melody/r_clk_cnt_reg[3]/D
                            (rising edge-triggered cell FDRE clocked by sys_clk_pin  {rise@0.000ns fall@5.000ns period=10.000ns})
  Path Group:             sys_clk_pin
  Path Type:              Hold (Min at Fast Process Corner)
  Requirement:            0.000ns  (sys_clk_pin rise@0.000ns - sys_clk_pin rise@0.000ns)
  Data Path Delay:        0.374ns  (logic 0.252ns (67.467%)  route 0.122ns (32.533%))
  Logic Levels:           1  (CARRY4=1)
  Clock Path Skew:        0.000ns (DCD - SCD - CPR)
    Destination Clock Delay (DCD):    1.977ns
    Source Clock Delay      (SCD):    1.465ns
    Clock Pessimism Removal (CPR):    0.512ns

    Location             Delay type                Incr(ns)  Path(ns)    Netlist Resource(s)
  -------------------------------------------------------------------    -------------------
                         (clock sys_clk_pin rise edge)
                                                      0.000     0.000 r  
    W5                                                0.000     0.000 r  clk (IN)
                         net (fo=0)                   0.000     0.000    clk
    W5                   IBUF (Prop_ibuf_I_O)         0.226     0.226 r  clk_IBUF_inst/O
                         net (fo=1, routed)           0.631     0.858    clk_IBUF
    BUFGCTRL_X0Y0        BUFG (Prop_bufg_I_O)         0.026     0.884 r  clk_IBUF_BUFG_inst/O
                         net (fo=82, routed)          0.582     1.465    u_play_melody/clk_IBUF_BUFG
    SLICE_X1Y25          FDRE                                         r  u_play_melody/r_clk_cnt_reg[3]/C
  -------------------------------------------------------------------    -------------------
    SLICE_X1Y25          FDRE (Prop_fdre_C_Q)         0.141     1.606 r  u_play_melody/r_clk_cnt_reg[3]/Q
                         net (fo=3, routed)           0.122     1.728    u_play_melody/r_clk_cnt_reg_n_0_[3]
    SLICE_X1Y25          CARRY4 (Prop_carry4_S[2]_O[2])
                                                      0.111     1.839 r  u_play_melody/r_clk_cnt0_carry/O[2]
                         net (fo=1, routed)           0.000     1.839    u_play_melody/r_clk_cnt0[3]
    SLICE_X1Y25          FDRE                                         r  u_play_melody/r_clk_cnt_reg[3]/D
  -------------------------------------------------------------------    -------------------

                         (clock sys_clk_pin rise edge)
                                                      0.000     0.000 r  
    W5                                                0.000     0.000 r  clk (IN)
                         net (fo=0)                   0.000     0.000    clk
    W5                   IBUF (Prop_ibuf_I_O)         0.414     0.414 r  clk_IBUF_inst/O
                         net (fo=1, routed)           0.685     1.099    clk_IBUF
    BUFGCTRL_X0Y0        BUFG (Prop_bufg_I_O)         0.029     1.128 r  clk_IBUF_BUFG_inst/O
                         net (fo=82, routed)          0.850     1.977    u_play_melody/clk_IBUF_BUFG
    SLICE_X1Y25          FDRE                                         r  u_play_melody/r_clk_cnt_reg[3]/C
                         clock pessimism             -0.512     1.465    
    SLICE_X1Y25          FDRE (Hold_fdre_C_D)         0.105     1.570    u_play_melody/r_clk_cnt_reg[3]
  -------------------------------------------------------------------
                         required time                         -1.570    
                         arrival time                           1.839    
  -------------------------------------------------------------------
                         slack                                  0.269    





Pulse Width Checks
--------------------------------------------------------------------------------------
Clock Name:         sys_clk_pin
Waveform(ns):       { 0.000 5.000 }
Period(ns):         10.000
Sources:            { clk }

Check Type        Corner  Lib Pin  Reference Pin  Required(ns)  Actual(ns)  Slack(ns)  Location       Pin
Min Period        n/a     BUFG/I   n/a            2.155         10.000      7.845      BUFGCTRL_X0Y0  clk_IBUF_BUFG_inst/I
Min Period        n/a     FDCE/C   n/a            1.000         10.000      9.000      SLICE_X5Y24    u_btnL_debouncer/r_clean_btn_reg/C
Min Period        n/a     FDCE/C   n/a            1.000         10.000      9.000      SLICE_X7Y23    u_btnL_debouncer/r_counter_reg[0]/C
Min Period        n/a     FDCE/C   n/a            1.000         10.000      9.000      SLICE_X7Y25    u_btnL_debouncer/r_counter_reg[10]/C
Min Period        n/a     FDCE/C   n/a            1.000         10.000      9.000      SLICE_X7Y25    u_btnL_debouncer/r_counter_reg[11]/C
Min Period        n/a     FDCE/C   n/a            1.000         10.000      9.000      SLICE_X7Y25    u_btnL_debouncer/r_counter_reg[12]/C
Min Period        n/a     FDCE/C   n/a            1.000         10.000      9.000      SLICE_X7Y26    u_btnL_debouncer/r_counter_reg[13]/C
Min Period        n/a     FDCE/C   n/a            1.000         10.000      9.000      SLICE_X7Y26    u_btnL_debouncer/r_counter_reg[14]/C
Min Period        n/a     FDCE/C   n/a            1.000         10.000      9.000      SLICE_X7Y26    u_btnL_debouncer/r_counter_reg[15]/C
Min Period        n/a     FDCE/C   n/a            1.000         10.000      9.000      SLICE_X7Y26    u_btnL_debouncer/r_counter_reg[16]/C
Low Pulse Width   Slow    FDCE/C   n/a            0.500         5.000       4.500      SLICE_X5Y24    u_btnL_debouncer/r_clean_btn_reg/C
Low Pulse Width   Fast    FDCE/C   n/a            0.500         5.000       4.500      SLICE_X5Y24    u_btnL_debouncer/r_clean_btn_reg/C
Low Pulse Width   Slow    FDCE/C   n/a            0.500         5.000       4.500      SLICE_X7Y23    u_btnL_debouncer/r_counter_reg[0]/C
Low Pulse Width   Fast    FDCE/C   n/a            0.500         5.000       4.500      SLICE_X7Y23    u_btnL_debouncer/r_counter_reg[0]/C
Low Pulse Width   Slow    FDCE/C   n/a            0.500         5.000       4.500      SLICE_X7Y25    u_btnL_debouncer/r_counter_reg[10]/C
Low Pulse Width   Fast    FDCE/C   n/a            0.500         5.000       4.500      SLICE_X7Y25    u_btnL_debouncer/r_counter_reg[10]/C
Low Pulse Width   Slow    FDCE/C   n/a            0.500         5.000       4.500      SLICE_X7Y25    u_btnL_debouncer/r_counter_reg[11]/C
Low Pulse Width   Fast    FDCE/C   n/a            0.500         5.000       4.500      SLICE_X7Y25    u_btnL_debouncer/r_counter_reg[11]/C
Low Pulse Width   Slow    FDCE/C   n/a            0.500         5.000       4.500      SLICE_X7Y25    u_btnL_debouncer/r_counter_reg[12]/C
Low Pulse Width   Fast    FDCE/C   n/a            0.500         5.000       4.500      SLICE_X7Y25    u_btnL_debouncer/r_counter_reg[12]/C
High Pulse Width  Slow    FDCE/C   n/a            0.500         5.000       4.500      SLICE_X5Y24    u_btnL_debouncer/r_clean_btn_reg/C
High Pulse Width  Fast    FDCE/C   n/a            0.500         5.000       4.500      SLICE_X5Y24    u_btnL_debouncer/r_clean_btn_reg/C
High Pulse Width  Slow    FDCE/C   n/a            0.500         5.000       4.500      SLICE_X7Y23    u_btnL_debouncer/r_counter_reg[0]/C
High Pulse Width  Fast    FDCE/C   n/a            0.500         5.000       4.500      SLICE_X7Y23    u_btnL_debouncer/r_counter_reg[0]/C
High Pulse Width  Slow    FDCE/C   n/a            0.500         5.000       4.500      SLICE_X7Y25    u_btnL_debouncer/r_counter_reg[10]/C
High Pulse Width  Fast    FDCE/C   n/a            0.500         5.000       4.500      SLICE_X7Y25    u_btnL_debouncer/r_counter_reg[10]/C
High Pulse Width  Slow    FDCE/C   n/a            0.500         5.000       4.500      SLICE_X7Y25    u_btnL_debouncer/r_counter_reg[11]/C
High Pulse Width  Fast    FDCE/C   n/a            0.500         5.000       4.500      SLICE_X7Y25    u_btnL_debouncer/r_counter_reg[11]/C
High Pulse Width  Slow    FDCE/C   n/a            0.500         5.000       4.500      SLICE_X7Y25    u_btnL_debouncer/r_counter_reg[12]/C
High Pulse Width  Fast    FDCE/C   n/a            0.500         5.000       4.500      SLICE_X7Y25    u_btnL_debouncer/r_counter_reg[12]/C



