Copyright 1986-2021 Xilinx, Inc. All Rights Reserved.
-----------------------------------------------------------------------------------------------------------------------------------------------------------------------------------------------------
| Tool Version : Vivado v.2021.1 (win64) Build 3247384 Thu Jun 10 19:36:33 MDT 2021
| Date         : Fri Feb 27 13:44:55 2026
| Host         : DESKTOP-FAVD00F running 64-bit major release  (build 9200)
| Command      : report_timing_summary -max_paths 10 -file top_buzzer_timing_summary_routed.rpt -pb top_buzzer_timing_summary_routed.pb -rpx top_buzzer_timing_summary_routed.rpx -warn_on_violation
| Design       : top_buzzer
| Device       : 7a35t-cpg236
| Speed File   : -1  PRODUCTION 1.23 2018-06-13
-----------------------------------------------------------------------------------------------------------------------------------------------------------------------------------------------------

Timing Summary Report

------------------------------------------------------------------------------------------------
| Timer Settings
| --------------
------------------------------------------------------------------------------------------------

  Enable Multi Corner Analysis               :  Yes
  Enable Pessimism Removal                   :  Yes
  Pessimism Removal Resolution               :  Nearest Common Node
  Enable Input Delay Default Clock           :  No
  Enable Preset / Clear Arcs                 :  No
  Disable Flight Delays                      :  No
  Ignore I/O Paths                           :  No
  Timing Early Launch at Borrowing Latches   :  No
  Borrow Time for Max Delay Exceptions       :  Yes
  Merge Timing Exceptions                    :  Yes

  Corner  Analyze    Analyze    
  Name    Max Paths  Min Paths  
  ------  ---------  ---------  
  Slow    Yes        Yes        
  Fast    Yes        Yes        


------------------------------------------------------------------------------------------------
| Report Methodology
| ------------------
------------------------------------------------------------------------------------------------

Rule       Severity  Description                    Violations  
---------  --------  -----------------------------  ----------  
TIMING-18  Warning   Missing input or output delay  8           

Note: This report is based on the most recent report_methodology run and may not be up-to-date. Run report_methodology on the current design for the latest report.



check_timing report

Table of Contents
-----------------
1. checking no_clock (0)
2. checking constant_clock (0)
3. checking pulse_width_clock (0)
4. checking unconstrained_internal_endpoints (0)
5. checking no_input_delay (7)
6. checking no_output_delay (1)
7. checking multiple_clock (0)
8. checking generated_clocks (0)
9. checking loops (0)
10. checking partial_input_delay (0)
11. checking partial_output_delay (0)
12. checking latch_loops (0)

1. checking no_clock (0)
------------------------
 There are 0 register/latch pins with no clock.


2. checking constant_clock (0)
------------------------------
 There are 0 register/latch pins with constant_clock.


3. checking pulse_width_clock (0)
---------------------------------
 There are 0 register/latch pins which need pulse_width check


4. checking unconstrained_internal_endpoints (0)
------------------------------------------------
 There are 0 pins that are not constrained for maximum delay.

 There are 0 pins that are not constrained for maximum delay due to constant clock.


5. checking no_input_delay (7)
------------------------------
 There are 7 input ports with no input delay specified. (HIGH)

 There are 0 input ports with no input delay but user has a false path constraint.


6. checking no_output_delay (1)
-------------------------------
 There is 1 port with no output delay specified. (HIGH)

 There are 0 ports with no output delay but user has a false path constraint

 There are 0 ports with no output delay but with a timing clock defined on it or propagating through it


7. checking multiple_clock (0)
------------------------------
 There are 0 register/latch pins with multiple clocks.


8. checking generated_clocks (0)
--------------------------------
 There are 0 generated clocks that are not connected to a clock source.


9. checking loops (0)
---------------------
 There are 0 combinational loops in the design.


10. checking partial_input_delay (0)
------------------------------------
 There are 0 input ports with partial input delay specified.


11. checking partial_output_delay (0)
-------------------------------------
 There are 0 ports with partial output delay specified.


12. checking latch_loops (0)
----------------------------
 There are 0 combinational latch loops in the design through latch input



------------------------------------------------------------------------------------------------
| Design Timing Summary
| ---------------------
------------------------------------------------------------------------------------------------

    WNS(ns)      TNS(ns)  TNS Failing Endpoints  TNS Total Endpoints      WHS(ns)      THS(ns)  THS Failing Endpoints  THS Total Endpoints     WPWS(ns)     TPWS(ns)  TPWS Failing Endpoints  TPWS Total Endpoints  
    -------      -------  ---------------------  -------------------      -------      -------  ---------------------  -------------------     --------     --------  ----------------------  --------------------  
      5.416        0.000                      0                  246        0.184        0.000                      0                  246        4.500        0.000                       0                   247  


All user specified timing constraints are met.


------------------------------------------------------------------------------------------------
| Clock Summary
| -------------
------------------------------------------------------------------------------------------------

Clock        Waveform(ns)       Period(ns)      Frequency(MHz)
-----        ------------       ----------      --------------
sys_clk_pin  {0.000 5.000}      10.000          100.000         


------------------------------------------------------------------------------------------------
| Intra Clock Table
| -----------------
------------------------------------------------------------------------------------------------

Clock             WNS(ns)      TNS(ns)  TNS Failing Endpoints  TNS Total Endpoints      WHS(ns)      THS(ns)  THS Failing Endpoints  THS Total Endpoints     WPWS(ns)     TPWS(ns)  TPWS Failing Endpoints  TPWS Total Endpoints  
-----             -------      -------  ---------------------  -------------------      -------      -------  ---------------------  -------------------     --------     --------  ----------------------  --------------------  
sys_clk_pin         5.416        0.000                      0                  246        0.184        0.000                      0                  246        4.500        0.000                       0                   247  


------------------------------------------------------------------------------------------------
| Inter Clock Table
| -----------------
------------------------------------------------------------------------------------------------

From Clock    To Clock          WNS(ns)      TNS(ns)  TNS Failing Endpoints  TNS Total Endpoints      WHS(ns)      THS(ns)  THS Failing Endpoints  THS Total Endpoints  
----------    --------          -------      -------  ---------------------  -------------------      -------      -------  ---------------------  -------------------  


------------------------------------------------------------------------------------------------
| Other Path Groups Table
| -----------------------
------------------------------------------------------------------------------------------------

Path Group    From Clock    To Clock          WNS(ns)      TNS(ns)  TNS Failing Endpoints  TNS Total Endpoints      WHS(ns)      THS(ns)  THS Failing Endpoints  THS Total Endpoints  
----------    ----------    --------          -------      -------  ---------------------  -------------------      -------      -------  ---------------------  -------------------  


------------------------------------------------------------------------------------------------
| Timing Details
| --------------
------------------------------------------------------------------------------------------------


---------------------------------------------------------------------------------------------------
From Clock:  sys_clk_pin
  To Clock:  sys_clk_pin

Setup :            0  Failing Endpoints,  Worst Slack        5.416ns,  Total Violation        0.000ns
Hold  :            0  Failing Endpoints,  Worst Slack        0.184ns,  Total Violation        0.000ns
PW    :            0  Failing Endpoints,  Worst Slack        4.500ns,  Total Violation        0.000ns
---------------------------------------------------------------------------------------------------


Max Delay Paths
--------------------------------------------------------------------------------------
Slack (MET) :             5.416ns  (required time - arrival time)
  Source:                 u_play_melody/r_clk_cnt_reg[0][16]/C
                            (rising edge-triggered cell FDCE clocked by sys_clk_pin  {rise@0.000ns fall@5.000ns period=10.000ns})
  Destination:            u_play_melody/r_clk_cnt_reg[0][0]/D
                            (rising edge-triggered cell FDCE clocked by sys_clk_pin  {rise@0.000ns fall@5.000ns period=10.000ns})
  Path Group:             sys_clk_pin
  Path Type:              Setup (Max at Slow Process Corner)
  Requirement:            10.000ns  (sys_clk_pin rise@10.000ns - sys_clk_pin rise@0.000ns)
  Data Path Delay:        4.264ns  (logic 1.115ns (26.151%)  route 3.149ns (73.849%))
  Logic Levels:           4  (LUT2=1 LUT4=2 LUT5=1)
  Clock Path Skew:        -0.018ns (DCD - SCD + CPR)
    Destination Clock Delay (DCD):    4.849ns = ( 14.849 - 10.000 ) 
    Source Clock Delay      (SCD):    5.141ns
    Clock Pessimism Removal (CPR):    0.274ns
  Clock Uncertainty:      0.035ns  ((TSJ^2 + TIJ^2)^1/2 + DJ) / 2 + PE
    Total System Jitter     (TSJ):    0.071ns
    Total Input Jitter      (TIJ):    0.000ns
    Discrete Jitter          (DJ):    0.000ns
    Phase Error              (PE):    0.000ns

    Location             Delay type                Incr(ns)  Path(ns)    Netlist Resource(s)
  -------------------------------------------------------------------    -------------------
                         (clock sys_clk_pin rise edge)
                                                      0.000     0.000 r  
    W5                                                0.000     0.000 r  clk (IN)
                         net (fo=0)                   0.000     0.000    clk
    W5                   IBUF (Prop_ibuf_I_O)         1.458     1.458 r  clk_IBUF_inst/O
                         net (fo=1, routed)           1.967     3.425    clk_IBUF
    BUFGCTRL_X0Y0        BUFG (Prop_bufg_I_O)         0.096     3.521 r  clk_IBUF_BUFG_inst/O
                         net (fo=246, routed)         1.620     5.141    u_play_melody/CLK
    SLICE_X3Y23          FDCE                                         r  u_play_melody/r_clk_cnt_reg[0][16]/C
  -------------------------------------------------------------------    -------------------
    SLICE_X3Y23          FDCE (Prop_fdce_C_Q)         0.419     5.560 f  u_play_melody/r_clk_cnt_reg[0][16]/Q
                         net (fo=2, routed)           0.819     6.379    u_play_melody/r_clk_cnt_reg[0][16]
    SLICE_X3Y24          LUT4 (Prop_lut4_I1_O)        0.296     6.675 f  u_play_melody/r_clk_cnt[0][21]_i_8/O
                         net (fo=1, routed)           0.263     6.938    u_play_melody/r_clk_cnt[0][21]_i_8_n_0
    SLICE_X3Y24          LUT4 (Prop_lut4_I3_O)        0.124     7.062 f  u_play_melody/r_clk_cnt[0][21]_i_5/O
                         net (fo=1, routed)           0.572     7.634    u_play_melody/r_clk_cnt[0][21]_i_5_n_0
    SLICE_X3Y22          LUT5 (Prop_lut5_I4_O)        0.124     7.758 f  u_play_melody/r_clk_cnt[0][21]_i_2/O
                         net (fo=23, routed)          0.830     8.588    u_play_melody/p_12_out[0]
    SLICE_X3Y20          LUT2 (Prop_lut2_I1_O)        0.152     8.740 r  u_play_melody/r_clk_cnt[0][0]_i_1/O
                         net (fo=1, routed)           0.665     9.405    u_play_melody/r_clk_cnt[0][0]_i_1_n_0
    SLICE_X2Y20          FDCE                                         r  u_play_melody/r_clk_cnt_reg[0][0]/D
  -------------------------------------------------------------------    -------------------

                         (clock sys_clk_pin rise edge)
                                                     10.000    10.000 r  
    W5                                                0.000    10.000 r  clk (IN)
                         net (fo=0)                   0.000    10.000    clk
    W5                   IBUF (Prop_ibuf_I_O)         1.388    11.388 r  clk_IBUF_inst/O
                         net (fo=1, routed)           1.862    13.250    clk_IBUF
    BUFGCTRL_X0Y0        BUFG (Prop_bufg_I_O)         0.091    13.341 r  clk_IBUF_BUFG_inst/O
                         net (fo=246, routed)         1.508    14.849    u_play_melody/CLK
    SLICE_X2Y20          FDCE                                         r  u_play_melody/r_clk_cnt_reg[0][0]/C
                         clock pessimism              0.274    15.123    
                         clock uncertainty           -0.035    15.088    
    SLICE_X2Y20          FDCE (Setup_fdce_C_D)       -0.267    14.821    u_play_melody/r_clk_cnt_reg[0][0]
  -------------------------------------------------------------------
                         required time                         14.821    
                         arrival time                          -9.405    
  -------------------------------------------------------------------
                         slack                                  5.416    

Slack (MET) :             5.619ns  (required time - arrival time)
  Source:                 u_play_melody/r_clk_cnt_reg[3][3]/C
                            (rising edge-triggered cell FDCE clocked by sys_clk_pin  {rise@0.000ns fall@5.000ns period=10.000ns})
  Destination:            u_play_melody/r_clk_cnt_reg[3][1]/D
                            (rising edge-triggered cell FDCE clocked by sys_clk_pin  {rise@0.000ns fall@5.000ns period=10.000ns})
  Path Group:             sys_clk_pin
  Path Type:              Setup (Max at Slow Process Corner)
  Requirement:            10.000ns  (sys_clk_pin rise@10.000ns - sys_clk_pin rise@0.000ns)
  Data Path Delay:        4.376ns  (logic 1.087ns (24.838%)  route 3.289ns (75.162%))
  Logic Levels:           4  (LUT2=1 LUT6=3)
  Clock Path Skew:        0.000ns (DCD - SCD + CPR)
    Destination Clock Delay (DCD):    4.841ns = ( 14.841 - 10.000 ) 
    Source Clock Delay      (SCD):    5.136ns
    Clock Pessimism Removal (CPR):    0.295ns
  Clock Uncertainty:      0.035ns  ((TSJ^2 + TIJ^2)^1/2 + DJ) / 2 + PE
    Total System Jitter     (TSJ):    0.071ns
    Total Input Jitter      (TIJ):    0.000ns
    Discrete Jitter          (DJ):    0.000ns
    Phase Error              (PE):    0.000ns

    Location             Delay type                Incr(ns)  Path(ns)    Netlist Resource(s)
  -------------------------------------------------------------------    -------------------
                         (clock sys_clk_pin rise edge)
                                                      0.000     0.000 r  
    W5                                                0.000     0.000 r  clk (IN)
                         net (fo=0)                   0.000     0.000    clk
    W5                   IBUF (Prop_ibuf_I_O)         1.458     1.458 r  clk_IBUF_inst/O
                         net (fo=1, routed)           1.967     3.425    clk_IBUF
    BUFGCTRL_X0Y0        BUFG (Prop_bufg_I_O)         0.096     3.521 r  clk_IBUF_BUFG_inst/O
                         net (fo=246, routed)         1.615     5.136    u_play_melody/CLK
    SLICE_X7Y25          FDCE                                         r  u_play_melody/r_clk_cnt_reg[3][3]/C
  -------------------------------------------------------------------    -------------------
    SLICE_X7Y25          FDCE (Prop_fdce_C_Q)         0.419     5.555 f  u_play_melody/r_clk_cnt_reg[3][3]/Q
                         net (fo=2, routed)           1.152     6.707    u_play_melody/r_clk_cnt_reg[3][3]
    SLICE_X7Y25          LUT6 (Prop_lut6_I3_O)        0.296     7.003 r  u_play_melody/r_clk_cnt[3][21]_i_5/O
                         net (fo=1, routed)           0.506     7.509    u_play_melody/r_clk_cnt[3][21]_i_5_n_0
    SLICE_X7Y26          LUT6 (Prop_lut6_I2_O)        0.124     7.633 r  u_play_melody/r_clk_cnt[3][21]_i_3/O
                         net (fo=1, routed)           0.435     8.068    u_play_melody/r_clk_cnt[3][21]_i_3_n_0
    SLICE_X7Y28          LUT6 (Prop_lut6_I0_O)        0.124     8.192 f  u_play_melody/r_clk_cnt[3][21]_i_2/O
                         net (fo=23, routed)          1.197     9.389    u_play_melody/p_12_out[3]
    SLICE_X7Y25          LUT2 (Prop_lut2_I1_O)        0.124     9.513 r  u_play_melody/r_clk_cnt[3][1]_i_1/O
                         net (fo=1, routed)           0.000     9.513    u_play_melody/r_clk_cnt[3][1]_i_1_n_0
    SLICE_X7Y25          FDCE                                         r  u_play_melody/r_clk_cnt_reg[3][1]/D
  -------------------------------------------------------------------    -------------------

                         (clock sys_clk_pin rise edge)
                                                     10.000    10.000 r  
    W5                                                0.000    10.000 r  clk (IN)
                         net (fo=0)                   0.000    10.000    clk
    W5                   IBUF (Prop_ibuf_I_O)         1.388    11.388 r  clk_IBUF_inst/O
                         net (fo=1, routed)           1.862    13.250    clk_IBUF
    BUFGCTRL_X0Y0        BUFG (Prop_bufg_I_O)         0.091    13.341 r  clk_IBUF_BUFG_inst/O
                         net (fo=246, routed)         1.500    14.841    u_play_melody/CLK
    SLICE_X7Y25          FDCE                                         r  u_play_melody/r_clk_cnt_reg[3][1]/C
                         clock pessimism              0.295    15.136    
                         clock uncertainty           -0.035    15.101    
    SLICE_X7Y25          FDCE (Setup_fdce_C_D)        0.031    15.132    u_play_melody/r_clk_cnt_reg[3][1]
  -------------------------------------------------------------------
                         required time                         15.132    
                         arrival time                          -9.513    
  -------------------------------------------------------------------
                         slack                                  5.619    

Slack (MET) :             5.619ns  (required time - arrival time)
  Source:                 u_play_melody/r_clk_cnt_reg[3][3]/C
                            (rising edge-triggered cell FDCE clocked by sys_clk_pin  {rise@0.000ns fall@5.000ns period=10.000ns})
  Destination:            u_play_melody/r_clk_cnt_reg[3][0]/D
                            (rising edge-triggered cell FDCE clocked by sys_clk_pin  {rise@0.000ns fall@5.000ns period=10.000ns})
  Path Group:             sys_clk_pin
  Path Type:              Setup (Max at Slow Process Corner)
  Requirement:            10.000ns  (sys_clk_pin rise@10.000ns - sys_clk_pin rise@0.000ns)
  Data Path Delay:        4.374ns  (logic 1.087ns (24.849%)  route 3.287ns (75.151%))
  Logic Levels:           4  (LUT2=1 LUT6=3)
  Clock Path Skew:        0.000ns (DCD - SCD + CPR)
    Destination Clock Delay (DCD):    4.841ns = ( 14.841 - 10.000 ) 
    Source Clock Delay      (SCD):    5.136ns
    Clock Pessimism Removal (CPR):    0.295ns
  Clock Uncertainty:      0.035ns  ((TSJ^2 + TIJ^2)^1/2 + DJ) / 2 + PE
    Total System Jitter     (TSJ):    0.071ns
    Total Input Jitter      (TIJ):    0.000ns
    Discrete Jitter          (DJ):    0.000ns
    Phase Error              (PE):    0.000ns

    Location             Delay type                Incr(ns)  Path(ns)    Netlist Resource(s)
  -------------------------------------------------------------------    -------------------
                         (clock sys_clk_pin rise edge)
                                                      0.000     0.000 r  
    W5                                                0.000     0.000 r  clk (IN)
                         net (fo=0)                   0.000     0.000    clk
    W5                   IBUF (Prop_ibuf_I_O)         1.458     1.458 r  clk_IBUF_inst/O
                         net (fo=1, routed)           1.967     3.425    clk_IBUF
    BUFGCTRL_X0Y0        BUFG (Prop_bufg_I_O)         0.096     3.521 r  clk_IBUF_BUFG_inst/O
                         net (fo=246, routed)         1.615     5.136    u_play_melody/CLK
    SLICE_X7Y25          FDCE                                         r  u_play_melody/r_clk_cnt_reg[3][3]/C
  -------------------------------------------------------------------    -------------------
    SLICE_X7Y25          FDCE (Prop_fdce_C_Q)         0.419     5.555 f  u_play_melody/r_clk_cnt_reg[3][3]/Q
                         net (fo=2, routed)           1.152     6.707    u_play_melody/r_clk_cnt_reg[3][3]
    SLICE_X7Y25          LUT6 (Prop_lut6_I3_O)        0.296     7.003 r  u_play_melody/r_clk_cnt[3][21]_i_5/O
                         net (fo=1, routed)           0.506     7.509    u_play_melody/r_clk_cnt[3][21]_i_5_n_0
    SLICE_X7Y26          LUT6 (Prop_lut6_I2_O)        0.124     7.633 r  u_play_melody/r_clk_cnt[3][21]_i_3/O
                         net (fo=1, routed)           0.435     8.068    u_play_melody/r_clk_cnt[3][21]_i_3_n_0
    SLICE_X7Y28          LUT6 (Prop_lut6_I0_O)        0.124     8.192 f  u_play_melody/r_clk_cnt[3][21]_i_2/O
                         net (fo=23, routed)          1.195     9.387    u_play_melody/p_12_out[3]
    SLICE_X7Y25          LUT2 (Prop_lut2_I1_O)        0.124     9.511 r  u_play_melody/r_clk_cnt[3][0]_i_1/O
                         net (fo=1, routed)           0.000     9.511    u_play_melody/r_clk_cnt[3][0]_i_1_n_0
    SLICE_X7Y25          FDCE                                         r  u_play_melody/r_clk_cnt_reg[3][0]/D
  -------------------------------------------------------------------    -------------------

                         (clock sys_clk_pin rise edge)
                                                     10.000    10.000 r  
    W5                                                0.000    10.000 r  clk (IN)
                         net (fo=0)                   0.000    10.000    clk
    W5                   IBUF (Prop_ibuf_I_O)         1.388    11.388 r  clk_IBUF_inst/O
                         net (fo=1, routed)           1.862    13.250    clk_IBUF
    BUFGCTRL_X0Y0        BUFG (Prop_bufg_I_O)         0.091    13.341 r  clk_IBUF_BUFG_inst/O
                         net (fo=246, routed)         1.500    14.841    u_play_melody/CLK
    SLICE_X7Y25          FDCE                                         r  u_play_melody/r_clk_cnt_reg[3][0]/C
                         clock pessimism              0.295    15.136    
                         clock uncertainty           -0.035    15.101    
    SLICE_X7Y25          FDCE (Setup_fdce_C_D)        0.029    15.130    u_play_melody/r_clk_cnt_reg[3][0]
  -------------------------------------------------------------------
                         required time                         15.130    
                         arrival time                          -9.511    
  -------------------------------------------------------------------
                         slack                                  5.619    

Slack (MET) :             5.635ns  (required time - arrival time)
  Source:                 u_play_melody/r_clk_cnt_reg[3][3]/C
                            (rising edge-triggered cell FDCE clocked by sys_clk_pin  {rise@0.000ns fall@5.000ns period=10.000ns})
  Destination:            u_play_melody/r_clk_cnt_reg[3][3]/D
                            (rising edge-triggered cell FDCE clocked by sys_clk_pin  {rise@0.000ns fall@5.000ns period=10.000ns})
  Path Group:             sys_clk_pin
  Path Type:              Setup (Max at Slow Process Corner)
  Requirement:            10.000ns  (sys_clk_pin rise@10.000ns - sys_clk_pin rise@0.000ns)
  Data Path Delay:        4.404ns  (logic 1.115ns (25.316%)  route 3.289ns (74.684%))
  Logic Levels:           4  (LUT2=1 LUT6=3)
  Clock Path Skew:        0.000ns (DCD - SCD + CPR)
    Destination Clock Delay (DCD):    4.841ns = ( 14.841 - 10.000 ) 
    Source Clock Delay      (SCD):    5.136ns
    Clock Pessimism Removal (CPR):    0.295ns
  Clock Uncertainty:      0.035ns  ((TSJ^2 + TIJ^2)^1/2 + DJ) / 2 + PE
    Total System Jitter     (TSJ):    0.071ns
    Total Input Jitter      (TIJ):    0.000ns
    Discrete Jitter          (DJ):    0.000ns
    Phase Error              (PE):    0.000ns

    Location             Delay type                Incr(ns)  Path(ns)    Netlist Resource(s)
  -------------------------------------------------------------------    -------------------
                         (clock sys_clk_pin rise edge)
                                                      0.000     0.000 r  
    W5                                                0.000     0.000 r  clk (IN)
                         net (fo=0)                   0.000     0.000    clk
    W5                   IBUF (Prop_ibuf_I_O)         1.458     1.458 r  clk_IBUF_inst/O
                         net (fo=1, routed)           1.967     3.425    clk_IBUF
    BUFGCTRL_X0Y0        BUFG (Prop_bufg_I_O)         0.096     3.521 r  clk_IBUF_BUFG_inst/O
                         net (fo=246, routed)         1.615     5.136    u_play_melody/CLK
    SLICE_X7Y25          FDCE                                         r  u_play_melody/r_clk_cnt_reg[3][3]/C
  -------------------------------------------------------------------    -------------------
    SLICE_X7Y25          FDCE (Prop_fdce_C_Q)         0.419     5.555 f  u_play_melody/r_clk_cnt_reg[3][3]/Q
                         net (fo=2, routed)           1.152     6.707    u_play_melody/r_clk_cnt_reg[3][3]
    SLICE_X7Y25          LUT6 (Prop_lut6_I3_O)        0.296     7.003 r  u_play_melody/r_clk_cnt[3][21]_i_5/O
                         net (fo=1, routed)           0.506     7.509    u_play_melody/r_clk_cnt[3][21]_i_5_n_0
    SLICE_X7Y26          LUT6 (Prop_lut6_I2_O)        0.124     7.633 r  u_play_melody/r_clk_cnt[3][21]_i_3/O
                         net (fo=1, routed)           0.435     8.068    u_play_melody/r_clk_cnt[3][21]_i_3_n_0
    SLICE_X7Y28          LUT6 (Prop_lut6_I0_O)        0.124     8.192 f  u_play_melody/r_clk_cnt[3][21]_i_2/O
                         net (fo=23, routed)          1.197     9.389    u_play_melody/p_12_out[3]
    SLICE_X7Y25          LUT2 (Prop_lut2_I1_O)        0.152     9.541 r  u_play_melody/r_clk_cnt[3][3]_i_1/O
                         net (fo=1, routed)           0.000     9.541    u_play_melody/r_clk_cnt[3][3]_i_1_n_0
    SLICE_X7Y25          FDCE                                         r  u_play_melody/r_clk_cnt_reg[3][3]/D
  -------------------------------------------------------------------    -------------------

                         (clock sys_clk_pin rise edge)
                                                     10.000    10.000 r  
    W5                                                0.000    10.000 r  clk (IN)
                         net (fo=0)                   0.000    10.000    clk
    W5                   IBUF (Prop_ibuf_I_O)         1.388    11.388 r  clk_IBUF_inst/O
                         net (fo=1, routed)           1.862    13.250    clk_IBUF
    BUFGCTRL_X0Y0        BUFG (Prop_bufg_I_O)         0.091    13.341 r  clk_IBUF_BUFG_inst/O
                         net (fo=246, routed)         1.500    14.841    u_play_melody/CLK
    SLICE_X7Y25          FDCE                                         r  u_play_melody/r_clk_cnt_reg[3][3]/C
                         clock pessimism              0.295    15.136    
                         clock uncertainty           -0.035    15.101    
    SLICE_X7Y25          FDCE (Setup_fdce_C_D)        0.075    15.176    u_play_melody/r_clk_cnt_reg[3][3]
  -------------------------------------------------------------------
                         required time                         15.176    
                         arrival time                          -9.541    
  -------------------------------------------------------------------
                         slack                                  5.635    

Slack (MET) :             5.757ns  (required time - arrival time)
  Source:                 u_play_melody/r_clk_cnt_reg[3][3]/C
                            (rising edge-triggered cell FDCE clocked by sys_clk_pin  {rise@0.000ns fall@5.000ns period=10.000ns})
  Destination:            u_play_melody/r_clk_cnt_reg[3][6]/D
                            (rising edge-triggered cell FDCE clocked by sys_clk_pin  {rise@0.000ns fall@5.000ns period=10.000ns})
  Path Group:             sys_clk_pin
  Path Type:              Setup (Max at Slow Process Corner)
  Requirement:            10.000ns  (sys_clk_pin rise@10.000ns - sys_clk_pin rise@0.000ns)
  Data Path Delay:        4.218ns  (logic 1.087ns (25.769%)  route 3.131ns (74.231%))
  Logic Levels:           4  (LUT2=1 LUT6=3)
  Clock Path Skew:        -0.020ns (DCD - SCD + CPR)
    Destination Clock Delay (DCD):    4.843ns = ( 14.843 - 10.000 ) 
    Source Clock Delay      (SCD):    5.136ns
    Clock Pessimism Removal (CPR):    0.273ns
  Clock Uncertainty:      0.035ns  ((TSJ^2 + TIJ^2)^1/2 + DJ) / 2 + PE
    Total System Jitter     (TSJ):    0.071ns
    Total Input Jitter      (TIJ):    0.000ns
    Discrete Jitter          (DJ):    0.000ns
    Phase Error              (PE):    0.000ns

    Location             Delay type                Incr(ns)  Path(ns)    Netlist Resource(s)
  -------------------------------------------------------------------    -------------------
                         (clock sys_clk_pin rise edge)
                                                      0.000     0.000 r  
    W5                                                0.000     0.000 r  clk (IN)
                         net (fo=0)                   0.000     0.000    clk
    W5                   IBUF (Prop_ibuf_I_O)         1.458     1.458 r  clk_IBUF_inst/O
                         net (fo=1, routed)           1.967     3.425    clk_IBUF
    BUFGCTRL_X0Y0        BUFG (Prop_bufg_I_O)         0.096     3.521 r  clk_IBUF_BUFG_inst/O
                         net (fo=246, routed)         1.615     5.136    u_play_melody/CLK
    SLICE_X7Y25          FDCE                                         r  u_play_melody/r_clk_cnt_reg[3][3]/C
  -------------------------------------------------------------------    -------------------
    SLICE_X7Y25          FDCE (Prop_fdce_C_Q)         0.419     5.555 f  u_play_melody/r_clk_cnt_reg[3][3]/Q
                         net (fo=2, routed)           1.152     6.707    u_play_melody/r_clk_cnt_reg[3][3]
    SLICE_X7Y25          LUT6 (Prop_lut6_I3_O)        0.296     7.003 r  u_play_melody/r_clk_cnt[3][21]_i_5/O
                         net (fo=1, routed)           0.506     7.509    u_play_melody/r_clk_cnt[3][21]_i_5_n_0
    SLICE_X7Y26          LUT6 (Prop_lut6_I2_O)        0.124     7.633 r  u_play_melody/r_clk_cnt[3][21]_i_3/O
                         net (fo=1, routed)           0.435     8.068    u_play_melody/r_clk_cnt[3][21]_i_3_n_0
    SLICE_X7Y28          LUT6 (Prop_lut6_I0_O)        0.124     8.192 f  u_play_melody/r_clk_cnt[3][21]_i_2/O
                         net (fo=23, routed)          1.038     9.231    u_play_melody/p_12_out[3]
    SLICE_X7Y26          LUT2 (Prop_lut2_I1_O)        0.124     9.355 r  u_play_melody/r_clk_cnt[3][6]_i_1/O
                         net (fo=1, routed)           0.000     9.355    u_play_melody/r_clk_cnt[3][6]_i_1_n_0
    SLICE_X7Y26          FDCE                                         r  u_play_melody/r_clk_cnt_reg[3][6]/D
  -------------------------------------------------------------------    -------------------

                         (clock sys_clk_pin rise edge)
                                                     10.000    10.000 r  
    W5                                                0.000    10.000 r  clk (IN)
                         net (fo=0)                   0.000    10.000    clk
    W5                   IBUF (Prop_ibuf_I_O)         1.388    11.388 r  clk_IBUF_inst/O
                         net (fo=1, routed)           1.862    13.250    clk_IBUF
    BUFGCTRL_X0Y0        BUFG (Prop_bufg_I_O)         0.091    13.341 r  clk_IBUF_BUFG_inst/O
                         net (fo=246, routed)         1.502    14.843    u_play_melody/CLK
    SLICE_X7Y26          FDCE                                         r  u_play_melody/r_clk_cnt_reg[3][6]/C
                         clock pessimism              0.273    15.116    
                         clock uncertainty           -0.035    15.081    
    SLICE_X7Y26          FDCE (Setup_fdce_C_D)        0.031    15.112    u_play_melody/r_clk_cnt_reg[3][6]
  -------------------------------------------------------------------
                         required time                         15.112    
                         arrival time                          -9.355    
  -------------------------------------------------------------------
                         slack                                  5.757    

Slack (MET) :             5.757ns  (required time - arrival time)
  Source:                 u_play_melody/r_clk_cnt_reg[3][3]/C
                            (rising edge-triggered cell FDCE clocked by sys_clk_pin  {rise@0.000ns fall@5.000ns period=10.000ns})
  Destination:            u_play_melody/r_clk_cnt_reg[3][5]/D
                            (rising edge-triggered cell FDCE clocked by sys_clk_pin  {rise@0.000ns fall@5.000ns period=10.000ns})
  Path Group:             sys_clk_pin
  Path Type:              Setup (Max at Slow Process Corner)
  Requirement:            10.000ns  (sys_clk_pin rise@10.000ns - sys_clk_pin rise@0.000ns)
  Data Path Delay:        4.216ns  (logic 1.087ns (25.781%)  route 3.129ns (74.219%))
  Logic Levels:           4  (LUT2=1 LUT6=3)
  Clock Path Skew:        -0.020ns (DCD - SCD + CPR)
    Destination Clock Delay (DCD):    4.843ns = ( 14.843 - 10.000 ) 
    Source Clock Delay      (SCD):    5.136ns
    Clock Pessimism Removal (CPR):    0.273ns
  Clock Uncertainty:      0.035ns  ((TSJ^2 + TIJ^2)^1/2 + DJ) / 2 + PE
    Total System Jitter     (TSJ):    0.071ns
    Total Input Jitter      (TIJ):    0.000ns
    Discrete Jitter          (DJ):    0.000ns
    Phase Error              (PE):    0.000ns

    Location             Delay type                Incr(ns)  Path(ns)    Netlist Resource(s)
  -------------------------------------------------------------------    -------------------
                         (clock sys_clk_pin rise edge)
                                                      0.000     0.000 r  
    W5                                                0.000     0.000 r  clk (IN)
                         net (fo=0)                   0.000     0.000    clk
    W5                   IBUF (Prop_ibuf_I_O)         1.458     1.458 r  clk_IBUF_inst/O
                         net (fo=1, routed)           1.967     3.425    clk_IBUF
    BUFGCTRL_X0Y0        BUFG (Prop_bufg_I_O)         0.096     3.521 r  clk_IBUF_BUFG_inst/O
                         net (fo=246, routed)         1.615     5.136    u_play_melody/CLK
    SLICE_X7Y25          FDCE                                         r  u_play_melody/r_clk_cnt_reg[3][3]/C
  -------------------------------------------------------------------    -------------------
    SLICE_X7Y25          FDCE (Prop_fdce_C_Q)         0.419     5.555 f  u_play_melody/r_clk_cnt_reg[3][3]/Q
                         net (fo=2, routed)           1.152     6.707    u_play_melody/r_clk_cnt_reg[3][3]
    SLICE_X7Y25          LUT6 (Prop_lut6_I3_O)        0.296     7.003 r  u_play_melody/r_clk_cnt[3][21]_i_5/O
                         net (fo=1, routed)           0.506     7.509    u_play_melody/r_clk_cnt[3][21]_i_5_n_0
    SLICE_X7Y26          LUT6 (Prop_lut6_I2_O)        0.124     7.633 r  u_play_melody/r_clk_cnt[3][21]_i_3/O
                         net (fo=1, routed)           0.435     8.068    u_play_melody/r_clk_cnt[3][21]_i_3_n_0
    SLICE_X7Y28          LUT6 (Prop_lut6_I0_O)        0.124     8.192 f  u_play_melody/r_clk_cnt[3][21]_i_2/O
                         net (fo=23, routed)          1.036     9.229    u_play_melody/p_12_out[3]
    SLICE_X7Y26          LUT2 (Prop_lut2_I1_O)        0.124     9.353 r  u_play_melody/r_clk_cnt[3][5]_i_1/O
                         net (fo=1, routed)           0.000     9.353    u_play_melody/r_clk_cnt[3][5]_i_1_n_0
    SLICE_X7Y26          FDCE                                         r  u_play_melody/r_clk_cnt_reg[3][5]/D
  -------------------------------------------------------------------    -------------------

                         (clock sys_clk_pin rise edge)
                                                     10.000    10.000 r  
    W5                                                0.000    10.000 r  clk (IN)
                         net (fo=0)                   0.000    10.000    clk
    W5                   IBUF (Prop_ibuf_I_O)         1.388    11.388 r  clk_IBUF_inst/O
                         net (fo=1, routed)           1.862    13.250    clk_IBUF
    BUFGCTRL_X0Y0        BUFG (Prop_bufg_I_O)         0.091    13.341 r  clk_IBUF_BUFG_inst/O
                         net (fo=246, routed)         1.502    14.843    u_play_melody/CLK
    SLICE_X7Y26          FDCE                                         r  u_play_melody/r_clk_cnt_reg[3][5]/C
                         clock pessimism              0.273    15.116    
                         clock uncertainty           -0.035    15.081    
    SLICE_X7Y26          FDCE (Setup_fdce_C_D)        0.029    15.110    u_play_melody/r_clk_cnt_reg[3][5]
  -------------------------------------------------------------------
                         required time                         15.110    
                         arrival time                          -9.353    
  -------------------------------------------------------------------
                         slack                                  5.757    

Slack (MET) :             5.773ns  (required time - arrival time)
  Source:                 u_play_melody/r_clk_cnt_reg[3][3]/C
                            (rising edge-triggered cell FDCE clocked by sys_clk_pin  {rise@0.000ns fall@5.000ns period=10.000ns})
  Destination:            u_play_melody/r_clk_cnt_reg[3][8]/D
                            (rising edge-triggered cell FDCE clocked by sys_clk_pin  {rise@0.000ns fall@5.000ns period=10.000ns})
  Path Group:             sys_clk_pin
  Path Type:              Setup (Max at Slow Process Corner)
  Requirement:            10.000ns  (sys_clk_pin rise@10.000ns - sys_clk_pin rise@0.000ns)
  Data Path Delay:        4.246ns  (logic 1.115ns (26.258%)  route 3.131ns (73.742%))
  Logic Levels:           4  (LUT2=1 LUT6=3)
  Clock Path Skew:        -0.020ns (DCD - SCD + CPR)
    Destination Clock Delay (DCD):    4.843ns = ( 14.843 - 10.000 ) 
    Source Clock Delay      (SCD):    5.136ns
    Clock Pessimism Removal (CPR):    0.273ns
  Clock Uncertainty:      0.035ns  ((TSJ^2 + TIJ^2)^1/2 + DJ) / 2 + PE
    Total System Jitter     (TSJ):    0.071ns
    Total Input Jitter      (TIJ):    0.000ns
    Discrete Jitter          (DJ):    0.000ns
    Phase Error              (PE):    0.000ns

    Location             Delay type                Incr(ns)  Path(ns)    Netlist Resource(s)
  -------------------------------------------------------------------    -------------------
                         (clock sys_clk_pin rise edge)
                                                      0.000     0.000 r  
    W5                                                0.000     0.000 r  clk (IN)
                         net (fo=0)                   0.000     0.000    clk
    W5                   IBUF (Prop_ibuf_I_O)         1.458     1.458 r  clk_IBUF_inst/O
                         net (fo=1, routed)           1.967     3.425    clk_IBUF
    BUFGCTRL_X0Y0        BUFG (Prop_bufg_I_O)         0.096     3.521 r  clk_IBUF_BUFG_inst/O
                         net (fo=246, routed)         1.615     5.136    u_play_melody/CLK
    SLICE_X7Y25          FDCE                                         r  u_play_melody/r_clk_cnt_reg[3][3]/C
  -------------------------------------------------------------------    -------------------
    SLICE_X7Y25          FDCE (Prop_fdce_C_Q)         0.419     5.555 f  u_play_melody/r_clk_cnt_reg[3][3]/Q
                         net (fo=2, routed)           1.152     6.707    u_play_melody/r_clk_cnt_reg[3][3]
    SLICE_X7Y25          LUT6 (Prop_lut6_I3_O)        0.296     7.003 r  u_play_melody/r_clk_cnt[3][21]_i_5/O
                         net (fo=1, routed)           0.506     7.509    u_play_melody/r_clk_cnt[3][21]_i_5_n_0
    SLICE_X7Y26          LUT6 (Prop_lut6_I2_O)        0.124     7.633 r  u_play_melody/r_clk_cnt[3][21]_i_3/O
                         net (fo=1, routed)           0.435     8.068    u_play_melody/r_clk_cnt[3][21]_i_3_n_0
    SLICE_X7Y28          LUT6 (Prop_lut6_I0_O)        0.124     8.192 f  u_play_melody/r_clk_cnt[3][21]_i_2/O
                         net (fo=23, routed)          1.038     9.231    u_play_melody/p_12_out[3]
    SLICE_X7Y26          LUT2 (Prop_lut2_I1_O)        0.152     9.383 r  u_play_melody/r_clk_cnt[3][8]_i_1/O
                         net (fo=1, routed)           0.000     9.383    u_play_melody/r_clk_cnt[3][8]_i_1_n_0
    SLICE_X7Y26          FDCE                                         r  u_play_melody/r_clk_cnt_reg[3][8]/D
  -------------------------------------------------------------------    -------------------

                         (clock sys_clk_pin rise edge)
                                                     10.000    10.000 r  
    W5                                                0.000    10.000 r  clk (IN)
                         net (fo=0)                   0.000    10.000    clk
    W5                   IBUF (Prop_ibuf_I_O)         1.388    11.388 r  clk_IBUF_inst/O
                         net (fo=1, routed)           1.862    13.250    clk_IBUF
    BUFGCTRL_X0Y0        BUFG (Prop_bufg_I_O)         0.091    13.341 r  clk_IBUF_BUFG_inst/O
                         net (fo=246, routed)         1.502    14.843    u_play_melody/CLK
    SLICE_X7Y26          FDCE                                         r  u_play_melody/r_clk_cnt_reg[3][8]/C
                         clock pessimism              0.273    15.116    
                         clock uncertainty           -0.035    15.081    
    SLICE_X7Y26          FDCE (Setup_fdce_C_D)        0.075    15.156    u_play_melody/r_clk_cnt_reg[3][8]
  -------------------------------------------------------------------
                         required time                         15.156    
                         arrival time                          -9.383    
  -------------------------------------------------------------------
                         slack                                  5.773    

Slack (MET) :             5.775ns  (required time - arrival time)
  Source:                 u_play_melody/r_clk_cnt_reg[3][3]/C
                            (rising edge-triggered cell FDCE clocked by sys_clk_pin  {rise@0.000ns fall@5.000ns period=10.000ns})
  Destination:            u_play_melody/r_clk_cnt_reg[3][7]/D
                            (rising edge-triggered cell FDCE clocked by sys_clk_pin  {rise@0.000ns fall@5.000ns period=10.000ns})
  Path Group:             sys_clk_pin
  Path Type:              Setup (Max at Slow Process Corner)
  Requirement:            10.000ns  (sys_clk_pin rise@10.000ns - sys_clk_pin rise@0.000ns)
  Data Path Delay:        4.244ns  (logic 1.115ns (26.271%)  route 3.129ns (73.729%))
  Logic Levels:           4  (LUT2=1 LUT6=3)
  Clock Path Skew:        -0.020ns (DCD - SCD + CPR)
    Destination Clock Delay (DCD):    4.843ns = ( 14.843 - 10.000 ) 
    Source Clock Delay      (SCD):    5.136ns
    Clock Pessimism Removal (CPR):    0.273ns
  Clock Uncertainty:      0.035ns  ((TSJ^2 + TIJ^2)^1/2 + DJ) / 2 + PE
    Total System Jitter     (TSJ):    0.071ns
    Total Input Jitter      (TIJ):    0.000ns
    Discrete Jitter          (DJ):    0.000ns
    Phase Error              (PE):    0.000ns

    Location             Delay type                Incr(ns)  Path(ns)    Netlist Resource(s)
  -------------------------------------------------------------------    -------------------
                         (clock sys_clk_pin rise edge)
                                                      0.000     0.000 r  
    W5                                                0.000     0.000 r  clk (IN)
                         net (fo=0)                   0.000     0.000    clk
    W5                   IBUF (Prop_ibuf_I_O)         1.458     1.458 r  clk_IBUF_inst/O
                         net (fo=1, routed)           1.967     3.425    clk_IBUF
    BUFGCTRL_X0Y0        BUFG (Prop_bufg_I_O)         0.096     3.521 r  clk_IBUF_BUFG_inst/O
                         net (fo=246, routed)         1.615     5.136    u_play_melody/CLK
    SLICE_X7Y25          FDCE                                         r  u_play_melody/r_clk_cnt_reg[3][3]/C
  -------------------------------------------------------------------    -------------------
    SLICE_X7Y25          FDCE (Prop_fdce_C_Q)         0.419     5.555 f  u_play_melody/r_clk_cnt_reg[3][3]/Q
                         net (fo=2, routed)           1.152     6.707    u_play_melody/r_clk_cnt_reg[3][3]
    SLICE_X7Y25          LUT6 (Prop_lut6_I3_O)        0.296     7.003 r  u_play_melody/r_clk_cnt[3][21]_i_5/O
                         net (fo=1, routed)           0.506     7.509    u_play_melody/r_clk_cnt[3][21]_i_5_n_0
    SLICE_X7Y26          LUT6 (Prop_lut6_I2_O)        0.124     7.633 r  u_play_melody/r_clk_cnt[3][21]_i_3/O
                         net (fo=1, routed)           0.435     8.068    u_play_melody/r_clk_cnt[3][21]_i_3_n_0
    SLICE_X7Y28          LUT6 (Prop_lut6_I0_O)        0.124     8.192 f  u_play_melody/r_clk_cnt[3][21]_i_2/O
                         net (fo=23, routed)          1.036     9.229    u_play_melody/p_12_out[3]
    SLICE_X7Y26          LUT2 (Prop_lut2_I1_O)        0.152     9.381 r  u_play_melody/r_clk_cnt[3][7]_i_1/O
                         net (fo=1, routed)           0.000     9.381    u_play_melody/r_clk_cnt[3][7]_i_1_n_0
    SLICE_X7Y26          FDCE                                         r  u_play_melody/r_clk_cnt_reg[3][7]/D
  -------------------------------------------------------------------    -------------------

                         (clock sys_clk_pin rise edge)
                                                     10.000    10.000 r  
    W5                                                0.000    10.000 r  clk (IN)
                         net (fo=0)                   0.000    10.000    clk
    W5                   IBUF (Prop_ibuf_I_O)         1.388    11.388 r  clk_IBUF_inst/O
                         net (fo=1, routed)           1.862    13.250    clk_IBUF
    BUFGCTRL_X0Y0        BUFG (Prop_bufg_I_O)         0.091    13.341 r  clk_IBUF_BUFG_inst/O
                         net (fo=246, routed)         1.502    14.843    u_play_melody/CLK
    SLICE_X7Y26          FDCE                                         r  u_play_melody/r_clk_cnt_reg[3][7]/C
                         clock pessimism              0.273    15.116    
                         clock uncertainty           -0.035    15.081    
    SLICE_X7Y26          FDCE (Setup_fdce_C_D)        0.075    15.156    u_play_melody/r_clk_cnt_reg[3][7]
  -------------------------------------------------------------------
                         required time                         15.156    
                         arrival time                          -9.381    
  -------------------------------------------------------------------
                         slack                                  5.775    

Slack (MET) :             5.871ns  (required time - arrival time)
  Source:                 u_btnD_debouncer/r_counter_reg[0]/C
                            (rising edge-triggered cell FDCE clocked by sys_clk_pin  {rise@0.000ns fall@5.000ns period=10.000ns})
  Destination:            u_btnD_debouncer/r_clean_btn_reg/CE
                            (rising edge-triggered cell FDCE clocked by sys_clk_pin  {rise@0.000ns fall@5.000ns period=10.000ns})
  Path Group:             sys_clk_pin
  Path Type:              Setup (Max at Slow Process Corner)
  Requirement:            10.000ns  (sys_clk_pin rise@10.000ns - sys_clk_pin rise@0.000ns)
  Data Path Delay:        3.870ns  (logic 1.014ns (26.204%)  route 2.856ns (73.796%))
  Logic Levels:           4  (LUT3=1 LUT5=2 LUT6=1)
  Clock Path Skew:        -0.019ns (DCD - SCD + CPR)
    Destination Clock Delay (DCD):    4.849ns = ( 14.849 - 10.000 ) 
    Source Clock Delay      (SCD):    5.142ns
    Clock Pessimism Removal (CPR):    0.274ns
  Clock Uncertainty:      0.035ns  ((TSJ^2 + TIJ^2)^1/2 + DJ) / 2 + PE
    Total System Jitter     (TSJ):    0.071ns
    Total Input Jitter      (TIJ):    0.000ns
    Discrete Jitter          (DJ):    0.000ns
    Phase Error              (PE):    0.000ns

    Location             Delay type                Incr(ns)  Path(ns)    Netlist Resource(s)
  -------------------------------------------------------------------    -------------------
                         (clock sys_clk_pin rise edge)
                                                      0.000     0.000 r  
    W5                                                0.000     0.000 r  clk (IN)
                         net (fo=0)                   0.000     0.000    clk
    W5                   IBUF (Prop_ibuf_I_O)         1.458     1.458 r  clk_IBUF_inst/O
                         net (fo=1, routed)           1.967     3.425    clk_IBUF
    BUFGCTRL_X0Y0        BUFG (Prop_bufg_I_O)         0.096     3.521 r  clk_IBUF_BUFG_inst/O
                         net (fo=246, routed)         1.621     5.142    u_btnD_debouncer/CLK
    SLICE_X2Y27          FDCE                                         r  u_btnD_debouncer/r_counter_reg[0]/C
  -------------------------------------------------------------------    -------------------
    SLICE_X2Y27          FDCE (Prop_fdce_C_Q)         0.518     5.660 r  u_btnD_debouncer/r_counter_reg[0]/Q
                         net (fo=3, routed)           1.287     6.947    u_btnD_debouncer/r_counter_reg_n_0_[0]
    SLICE_X2Y27          LUT5 (Prop_lut5_I0_O)        0.124     7.071 f  u_btnD_debouncer/r_clean_btn_i_5__3/O
                         net (fo=1, routed)           0.302     7.373    u_btnD_debouncer/r_clean_btn_i_5__3_n_0
    SLICE_X2Y28          LUT5 (Prop_lut5_I1_O)        0.124     7.497 r  u_btnD_debouncer/r_clean_btn_i_4__3/O
                         net (fo=1, routed)           0.304     7.801    u_btnD_debouncer/r_clean_btn_i_4__3_n_0
    SLICE_X2Y30          LUT6 (Prop_lut6_I1_O)        0.124     7.925 r  u_btnD_debouncer/r_clean_btn_i_2__3/O
                         net (fo=18, routed)          0.584     8.509    u_btnD_debouncer/r_clean_btn_i_2__3_n_0
    SLICE_X2Y29          LUT3 (Prop_lut3_I0_O)        0.124     8.633 r  u_btnD_debouncer/r_clean_btn_i_1__3/O
                         net (fo=1, routed)           0.379     9.012    u_btnD_debouncer/r_clean_btn
    SLICE_X3Y29          FDCE                                         r  u_btnD_debouncer/r_clean_btn_reg/CE
  -------------------------------------------------------------------    -------------------

                         (clock sys_clk_pin rise edge)
                                                     10.000    10.000 r  
    W5                                                0.000    10.000 r  clk (IN)
                         net (fo=0)                   0.000    10.000    clk
    W5                   IBUF (Prop_ibuf_I_O)         1.388    11.388 r  clk_IBUF_inst/O
                         net (fo=1, routed)           1.862    13.250    clk_IBUF
    BUFGCTRL_X0Y0        BUFG (Prop_bufg_I_O)         0.091    13.341 r  clk_IBUF_BUFG_inst/O
                         net (fo=246, routed)         1.508    14.849    u_btnD_debouncer/CLK
    SLICE_X3Y29          FDCE                                         r  u_btnD_debouncer/r_clean_btn_reg/C
                         clock pessimism              0.274    15.123    
                         clock uncertainty           -0.035    15.088    
    SLICE_X3Y29          FDCE (Setup_fdce_C_CE)      -0.205    14.883    u_btnD_debouncer/r_clean_btn_reg
  -------------------------------------------------------------------
                         required time                         14.883    
                         arrival time                          -9.012    
  -------------------------------------------------------------------
                         slack                                  5.871    

Slack (MET) :             5.891ns  (required time - arrival time)
  Source:                 u_btnD_debouncer/r_counter_reg[0]/C
                            (rising edge-triggered cell FDCE clocked by sys_clk_pin  {rise@0.000ns fall@5.000ns period=10.000ns})
  Destination:            u_btnD_debouncer/r_counter_reg[5]/D
                            (rising edge-triggered cell FDCE clocked by sys_clk_pin  {rise@0.000ns fall@5.000ns period=10.000ns})
  Path Group:             sys_clk_pin
  Path Type:              Setup (Max at Slow Process Corner)
  Requirement:            10.000ns  (sys_clk_pin rise@10.000ns - sys_clk_pin rise@0.000ns)
  Data Path Delay:        4.131ns  (logic 1.014ns (24.548%)  route 3.117ns (75.452%))
  Logic Levels:           4  (LUT4=1 LUT5=2 LUT6=1)
  Clock Path Skew:        -0.020ns (DCD - SCD + CPR)
    Destination Clock Delay (DCD):    4.848ns = ( 14.848 - 10.000 ) 
    Source Clock Delay      (SCD):    5.142ns
    Clock Pessimism Removal (CPR):    0.274ns
  Clock Uncertainty:      0.035ns  ((TSJ^2 + TIJ^2)^1/2 + DJ) / 2 + PE
    Total System Jitter     (TSJ):    0.071ns
    Total Input Jitter      (TIJ):    0.000ns
    Discrete Jitter          (DJ):    0.000ns
    Phase Error              (PE):    0.000ns

    Location             Delay type                Incr(ns)  Path(ns)    Netlist Resource(s)
  -------------------------------------------------------------------    -------------------
                         (clock sys_clk_pin rise edge)
                                                      0.000     0.000 r  
    W5                                                0.000     0.000 r  clk (IN)
                         net (fo=0)                   0.000     0.000    clk
    W5                   IBUF (Prop_ibuf_I_O)         1.458     1.458 r  clk_IBUF_inst/O
                         net (fo=1, routed)           1.967     3.425    clk_IBUF
    BUFGCTRL_X0Y0        BUFG (Prop_bufg_I_O)         0.096     3.521 r  clk_IBUF_BUFG_inst/O
                         net (fo=246, routed)         1.621     5.142    u_btnD_debouncer/CLK
    SLICE_X2Y27          FDCE                                         r  u_btnD_debouncer/r_counter_reg[0]/C
  -------------------------------------------------------------------    -------------------
    SLICE_X2Y27          FDCE (Prop_fdce_C_Q)         0.518     5.660 f  u_btnD_debouncer/r_counter_reg[0]/Q
                         net (fo=3, routed)           1.287     6.947    u_btnD_debouncer/r_counter_reg_n_0_[0]
    SLICE_X2Y27          LUT5 (Prop_lut5_I0_O)        0.124     7.071 r  u_btnD_debouncer/r_clean_btn_i_5__3/O
                         net (fo=1, routed)           0.302     7.373    u_btnD_debouncer/r_clean_btn_i_5__3_n_0
    SLICE_X2Y28          LUT5 (Prop_lut5_I1_O)        0.124     7.497 f  u_btnD_debouncer/r_clean_btn_i_4__3/O
                         net (fo=1, routed)           0.304     7.801    u_btnD_debouncer/r_clean_btn_i_4__3_n_0
    SLICE_X2Y30          LUT6 (Prop_lut6_I1_O)        0.124     7.925 f  u_btnD_debouncer/r_clean_btn_i_2__3/O
                         net (fo=18, routed)          1.224     9.149    u_btnD_debouncer/r_clean_btn_i_2__3_n_0
    SLICE_X2Y28          LUT4 (Prop_lut4_I3_O)        0.124     9.273 r  u_btnD_debouncer/r_counter[5]_i_1__3/O
                         net (fo=1, routed)           0.000     9.273    u_btnD_debouncer/r_counter[5]_i_1__3_n_0
    SLICE_X2Y28          FDCE                                         r  u_btnD_debouncer/r_counter_reg[5]/D
  -------------------------------------------------------------------    -------------------

                         (clock sys_clk_pin rise edge)
                                                     10.000    10.000 r  
    W5                                                0.000    10.000 r  clk (IN)
                         net (fo=0)                   0.000    10.000    clk
    W5                   IBUF (Prop_ibuf_I_O)         1.388    11.388 r  clk_IBUF_inst/O
                         net (fo=1, routed)           1.862    13.250    clk_IBUF
    BUFGCTRL_X0Y0        BUFG (Prop_bufg_I_O)         0.091    13.341 r  clk_IBUF_BUFG_inst/O
                         net (fo=246, routed)         1.507    14.848    u_btnD_debouncer/CLK
    SLICE_X2Y28          FDCE                                         r  u_btnD_debouncer/r_counter_reg[5]/C
                         clock pessimism              0.274    15.122    
                         clock uncertainty           -0.035    15.087    
    SLICE_X2Y28          FDCE (Setup_fdce_C_D)        0.077    15.164    u_btnD_debouncer/r_counter_reg[5]
  -------------------------------------------------------------------
                         required time                         15.164    
                         arrival time                          -9.273    
  -------------------------------------------------------------------
                         slack                                  5.891    





Min Delay Paths
--------------------------------------------------------------------------------------
Slack (MET) :             0.184ns  (arrival time - required time)
  Source:                 u_btnD_debouncer/r_clean_btn_reg/C
                            (rising edge-triggered cell FDCE clocked by sys_clk_pin  {rise@0.000ns fall@5.000ns period=10.000ns})
  Destination:            u_btnD_debouncer/r_counter_reg[9]/D
                            (rising edge-triggered cell FDCE clocked by sys_clk_pin  {rise@0.000ns fall@5.000ns period=10.000ns})
  Path Group:             sys_clk_pin
  Path Type:              Hold (Min at Fast Process Corner)
  Requirement:            0.000ns  (sys_clk_pin rise@0.000ns - sys_clk_pin rise@0.000ns)
  Data Path Delay:        0.328ns  (logic 0.189ns (57.690%)  route 0.139ns (42.310%))
  Logic Levels:           1  (LUT4=1)
  Clock Path Skew:        0.013ns (DCD - SCD - CPR)
    Destination Clock Delay (DCD):    1.982ns
    Source Clock Delay      (SCD):    1.469ns
    Clock Pessimism Removal (CPR):    0.500ns

    Location             Delay type                Incr(ns)  Path(ns)    Netlist Resource(s)
  -------------------------------------------------------------------    -------------------
                         (clock sys_clk_pin rise edge)
                                                      0.000     0.000 r  
    W5                                                0.000     0.000 r  clk (IN)
                         net (fo=0)                   0.000     0.000    clk
    W5                   IBUF (Prop_ibuf_I_O)         0.226     0.226 r  clk_IBUF_inst/O
                         net (fo=1, routed)           0.631     0.858    clk_IBUF
    BUFGCTRL_X0Y0        BUFG (Prop_bufg_I_O)         0.026     0.884 r  clk_IBUF_BUFG_inst/O
                         net (fo=246, routed)         0.586     1.469    u_btnD_debouncer/CLK
    SLICE_X3Y29          FDCE                                         r  u_btnD_debouncer/r_clean_btn_reg/C
  -------------------------------------------------------------------    -------------------
    SLICE_X3Y29          FDCE (Prop_fdce_C_Q)         0.141     1.610 r  u_btnD_debouncer/r_clean_btn_reg/Q
                         net (fo=20, routed)          0.139     1.749    u_btnD_debouncer/w_btnD
    SLICE_X2Y29          LUT4 (Prop_lut4_I2_O)        0.048     1.797 r  u_btnD_debouncer/r_counter[9]_i_1__3/O
                         net (fo=1, routed)           0.000     1.797    u_btnD_debouncer/r_counter[9]_i_1__3_n_0
    SLICE_X2Y29          FDCE                                         r  u_btnD_debouncer/r_counter_reg[9]/D
  -------------------------------------------------------------------    -------------------

                         (clock sys_clk_pin rise edge)
                                                      0.000     0.000 r  
    W5                                                0.000     0.000 r  clk (IN)
                         net (fo=0)                   0.000     0.000    clk
    W5                   IBUF (Prop_ibuf_I_O)         0.414     0.414 r  clk_IBUF_inst/O
                         net (fo=1, routed)           0.685     1.099    clk_IBUF
    BUFGCTRL_X0Y0        BUFG (Prop_bufg_I_O)         0.029     1.128 r  clk_IBUF_BUFG_inst/O
                         net (fo=246, routed)         0.855     1.982    u_btnD_debouncer/CLK
    SLICE_X2Y29          FDCE                                         r  u_btnD_debouncer/r_counter_reg[9]/C
                         clock pessimism             -0.500     1.482    
    SLICE_X2Y29          FDCE (Hold_fdce_C_D)         0.131     1.613    u_btnD_debouncer/r_counter_reg[9]
  -------------------------------------------------------------------
                         required time                         -1.613    
                         arrival time                           1.797    
  -------------------------------------------------------------------
                         slack                                  0.184    

Slack (MET) :             0.190ns  (arrival time - required time)
  Source:                 u_btnJ3_debouncer/r_clean_btn_reg/C
                            (rising edge-triggered cell FDCE clocked by sys_clk_pin  {rise@0.000ns fall@5.000ns period=10.000ns})
  Destination:            u_btnJ3_debouncer/r_counter_reg[4]/D
                            (rising edge-triggered cell FDCE clocked by sys_clk_pin  {rise@0.000ns fall@5.000ns period=10.000ns})
  Path Group:             sys_clk_pin
  Path Type:              Hold (Min at Fast Process Corner)
  Requirement:            0.000ns  (sys_clk_pin rise@0.000ns - sys_clk_pin rise@0.000ns)
  Data Path Delay:        0.334ns  (logic 0.189ns (56.640%)  route 0.145ns (43.360%))
  Logic Levels:           1  (LUT4=1)
  Clock Path Skew:        0.013ns (DCD - SCD - CPR)
    Destination Clock Delay (DCD):    1.954ns
    Source Clock Delay      (SCD):    1.442ns
    Clock Pessimism Removal (CPR):    0.499ns

    Location             Delay type                Incr(ns)  Path(ns)    Netlist Resource(s)
  -------------------------------------------------------------------    -------------------
                         (clock sys_clk_pin rise edge)
                                                      0.000     0.000 r  
    W5                                                0.000     0.000 r  clk (IN)
                         net (fo=0)                   0.000     0.000    clk
    W5                   IBUF (Prop_ibuf_I_O)         0.226     0.226 r  clk_IBUF_inst/O
                         net (fo=1, routed)           0.631     0.858    clk_IBUF
    BUFGCTRL_X0Y0        BUFG (Prop_bufg_I_O)         0.026     0.884 r  clk_IBUF_BUFG_inst/O
                         net (fo=246, routed)         0.559     1.442    u_btnJ3_debouncer/CLK
    SLICE_X13Y31         FDCE                                         r  u_btnJ3_debouncer/r_clean_btn_reg/C
  -------------------------------------------------------------------    -------------------
    SLICE_X13Y31         FDCE (Prop_fdce_C_Q)         0.141     1.583 r  u_btnJ3_debouncer/r_clean_btn_reg/Q
                         net (fo=20, routed)          0.145     1.728    u_btnJ3_debouncer/w_btnJ3
    SLICE_X12Y31         LUT4 (Prop_lut4_I2_O)        0.048     1.776 r  u_btnJ3_debouncer/r_counter[4]_i_1__4/O
                         net (fo=1, routed)           0.000     1.776    u_btnJ3_debouncer/r_counter[4]_i_1__4_n_0
    SLICE_X12Y31         FDCE                                         r  u_btnJ3_debouncer/r_counter_reg[4]/D
  -------------------------------------------------------------------    -------------------

                         (clock sys_clk_pin rise edge)
                                                      0.000     0.000 r  
    W5                                                0.000     0.000 r  clk (IN)
                         net (fo=0)                   0.000     0.000    clk
    W5                   IBUF (Prop_ibuf_I_O)         0.414     0.414 r  clk_IBUF_inst/O
                         net (fo=1, routed)           0.685     1.099    clk_IBUF
    BUFGCTRL_X0Y0        BUFG (Prop_bufg_I_O)         0.029     1.128 r  clk_IBUF_BUFG_inst/O
                         net (fo=246, routed)         0.827     1.954    u_btnJ3_debouncer/CLK
    SLICE_X12Y31         FDCE                                         r  u_btnJ3_debouncer/r_counter_reg[4]/C
                         clock pessimism             -0.499     1.455    
    SLICE_X12Y31         FDCE (Hold_fdce_C_D)         0.131     1.586    u_btnJ3_debouncer/r_counter_reg[4]
  -------------------------------------------------------------------
                         required time                         -1.586    
                         arrival time                           1.776    
  -------------------------------------------------------------------
                         slack                                  0.190    

Slack (MET) :             0.191ns  (arrival time - required time)
  Source:                 u_btnD_debouncer/r_clean_btn_reg/C
                            (rising edge-triggered cell FDCE clocked by sys_clk_pin  {rise@0.000ns fall@5.000ns period=10.000ns})
  Destination:            u_btnD_debouncer/r_counter_reg[11]/D
                            (rising edge-triggered cell FDCE clocked by sys_clk_pin  {rise@0.000ns fall@5.000ns period=10.000ns})
  Path Group:             sys_clk_pin
  Path Type:              Hold (Min at Fast Process Corner)
  Requirement:            0.000ns  (sys_clk_pin rise@0.000ns - sys_clk_pin rise@0.000ns)
  Data Path Delay:        0.325ns  (logic 0.186ns (57.299%)  route 0.139ns (42.701%))
  Logic Levels:           1  (LUT4=1)
  Clock Path Skew:        0.013ns (DCD - SCD - CPR)
    Destination Clock Delay (DCD):    1.982ns
    Source Clock Delay      (SCD):    1.469ns
    Clock Pessimism Removal (CPR):    0.500ns

    Location             Delay type                Incr(ns)  Path(ns)    Netlist Resource(s)
  -------------------------------------------------------------------    -------------------
                         (clock sys_clk_pin rise edge)
                                                      0.000     0.000 r  
    W5                                                0.000     0.000 r  clk (IN)
                         net (fo=0)                   0.000     0.000    clk
    W5                   IBUF (Prop_ibuf_I_O)         0.226     0.226 r  clk_IBUF_inst/O
                         net (fo=1, routed)           0.631     0.858    clk_IBUF
    BUFGCTRL_X0Y0        BUFG (Prop_bufg_I_O)         0.026     0.884 r  clk_IBUF_BUFG_inst/O
                         net (fo=246, routed)         0.586     1.469    u_btnD_debouncer/CLK
    SLICE_X3Y29          FDCE                                         r  u_btnD_debouncer/r_clean_btn_reg/C
  -------------------------------------------------------------------    -------------------
    SLICE_X3Y29          FDCE (Prop_fdce_C_Q)         0.141     1.610 r  u_btnD_debouncer/r_clean_btn_reg/Q
                         net (fo=20, routed)          0.139     1.749    u_btnD_debouncer/w_btnD
    SLICE_X2Y29          LUT4 (Prop_lut4_I2_O)        0.045     1.794 r  u_btnD_debouncer/r_counter[11]_i_1__3/O
                         net (fo=1, routed)           0.000     1.794    u_btnD_debouncer/r_counter[11]_i_1__3_n_0
    SLICE_X2Y29          FDCE                                         r  u_btnD_debouncer/r_counter_reg[11]/D
  -------------------------------------------------------------------    -------------------

                         (clock sys_clk_pin rise edge)
                                                      0.000     0.000 r  
    W5                                                0.000     0.000 r  clk (IN)
                         net (fo=0)                   0.000     0.000    clk
    W5                   IBUF (Prop_ibuf_I_O)         0.414     0.414 r  clk_IBUF_inst/O
                         net (fo=1, routed)           0.685     1.099    clk_IBUF
    BUFGCTRL_X0Y0        BUFG (Prop_bufg_I_O)         0.029     1.128 r  clk_IBUF_BUFG_inst/O
                         net (fo=246, routed)         0.855     1.982    u_btnD_debouncer/CLK
    SLICE_X2Y29          FDCE                                         r  u_btnD_debouncer/r_counter_reg[11]/C
                         clock pessimism             -0.500     1.482    
    SLICE_X2Y29          FDCE (Hold_fdce_C_D)         0.121     1.603    u_btnD_debouncer/r_counter_reg[11]
  -------------------------------------------------------------------
                         required time                         -1.603    
                         arrival time                           1.794    
  -------------------------------------------------------------------
                         slack                                  0.191    

Slack (MET) :             0.194ns  (arrival time - required time)
  Source:                 u_btnJ3_debouncer/r_clean_btn_reg/C
                            (rising edge-triggered cell FDCE clocked by sys_clk_pin  {rise@0.000ns fall@5.000ns period=10.000ns})
  Destination:            u_btnJ3_debouncer/r_counter_reg[7]/D
                            (rising edge-triggered cell FDCE clocked by sys_clk_pin  {rise@0.000ns fall@5.000ns period=10.000ns})
  Path Group:             sys_clk_pin
  Path Type:              Hold (Min at Fast Process Corner)
  Requirement:            0.000ns  (sys_clk_pin rise@0.000ns - sys_clk_pin rise@0.000ns)
  Data Path Delay:        0.338ns  (logic 0.189ns (55.969%)  route 0.149ns (44.031%))
  Logic Levels:           1  (LUT4=1)
  Clock Path Skew:        0.013ns (DCD - SCD - CPR)
    Destination Clock Delay (DCD):    1.954ns
    Source Clock Delay      (SCD):    1.442ns
    Clock Pessimism Removal (CPR):    0.499ns

    Location             Delay type                Incr(ns)  Path(ns)    Netlist Resource(s)
  -------------------------------------------------------------------    -------------------
                         (clock sys_clk_pin rise edge)
                                                      0.000     0.000 r  
    W5                                                0.000     0.000 r  clk (IN)
                         net (fo=0)                   0.000     0.000    clk
    W5                   IBUF (Prop_ibuf_I_O)         0.226     0.226 r  clk_IBUF_inst/O
                         net (fo=1, routed)           0.631     0.858    clk_IBUF
    BUFGCTRL_X0Y0        BUFG (Prop_bufg_I_O)         0.026     0.884 r  clk_IBUF_BUFG_inst/O
                         net (fo=246, routed)         0.559     1.442    u_btnJ3_debouncer/CLK
    SLICE_X13Y31         FDCE                                         r  u_btnJ3_debouncer/r_clean_btn_reg/C
  -------------------------------------------------------------------    -------------------
    SLICE_X13Y31         FDCE (Prop_fdce_C_Q)         0.141     1.583 r  u_btnJ3_debouncer/r_clean_btn_reg/Q
                         net (fo=20, routed)          0.149     1.732    u_btnJ3_debouncer/w_btnJ3
    SLICE_X12Y31         LUT4 (Prop_lut4_I2_O)        0.048     1.780 r  u_btnJ3_debouncer/r_counter[7]_i_1__4/O
                         net (fo=1, routed)           0.000     1.780    u_btnJ3_debouncer/r_counter[7]_i_1__4_n_0
    SLICE_X12Y31         FDCE                                         r  u_btnJ3_debouncer/r_counter_reg[7]/D
  -------------------------------------------------------------------    -------------------

                         (clock sys_clk_pin rise edge)
                                                      0.000     0.000 r  
    W5                                                0.000     0.000 r  clk (IN)
                         net (fo=0)                   0.000     0.000    clk
    W5                   IBUF (Prop_ibuf_I_O)         0.414     0.414 r  clk_IBUF_inst/O
                         net (fo=1, routed)           0.685     1.099    clk_IBUF
    BUFGCTRL_X0Y0        BUFG (Prop_bufg_I_O)         0.029     1.128 r  clk_IBUF_BUFG_inst/O
                         net (fo=246, routed)         0.827     1.954    u_btnJ3_debouncer/CLK
    SLICE_X12Y31         FDCE                                         r  u_btnJ3_debouncer/r_counter_reg[7]/C
                         clock pessimism             -0.499     1.455    
    SLICE_X12Y31         FDCE (Hold_fdce_C_D)         0.131     1.586    u_btnJ3_debouncer/r_counter_reg[7]
  -------------------------------------------------------------------
                         required time                         -1.586    
                         arrival time                           1.780    
  -------------------------------------------------------------------
                         slack                                  0.194    

Slack (MET) :             0.198ns  (arrival time - required time)
  Source:                 u_btnJ3_debouncer/r_clean_btn_reg/C
                            (rising edge-triggered cell FDCE clocked by sys_clk_pin  {rise@0.000ns fall@5.000ns period=10.000ns})
  Destination:            u_btnJ3_debouncer/r_counter_reg[2]/D
                            (rising edge-triggered cell FDCE clocked by sys_clk_pin  {rise@0.000ns fall@5.000ns period=10.000ns})
  Path Group:             sys_clk_pin
  Path Type:              Hold (Min at Fast Process Corner)
  Requirement:            0.000ns  (sys_clk_pin rise@0.000ns - sys_clk_pin rise@0.000ns)
  Data Path Delay:        0.331ns  (logic 0.186ns (56.247%)  route 0.145ns (43.753%))
  Logic Levels:           1  (LUT4=1)
  Clock Path Skew:        0.013ns (DCD - SCD - CPR)
    Destination Clock Delay (DCD):    1.954ns
    Source Clock Delay      (SCD):    1.442ns
    Clock Pessimism Removal (CPR):    0.499ns

    Location             Delay type                Incr(ns)  Path(ns)    Netlist Resource(s)
  -------------------------------------------------------------------    -------------------
                         (clock sys_clk_pin rise edge)
                                                      0.000     0.000 r  
    W5                                                0.000     0.000 r  clk (IN)
                         net (fo=0)                   0.000     0.000    clk
    W5                   IBUF (Prop_ibuf_I_O)         0.226     0.226 r  clk_IBUF_inst/O
                         net (fo=1, routed)           0.631     0.858    clk_IBUF
    BUFGCTRL_X0Y0        BUFG (Prop_bufg_I_O)         0.026     0.884 r  clk_IBUF_BUFG_inst/O
                         net (fo=246, routed)         0.559     1.442    u_btnJ3_debouncer/CLK
    SLICE_X13Y31         FDCE                                         r  u_btnJ3_debouncer/r_clean_btn_reg/C
  -------------------------------------------------------------------    -------------------
    SLICE_X13Y31         FDCE (Prop_fdce_C_Q)         0.141     1.583 r  u_btnJ3_debouncer/r_clean_btn_reg/Q
                         net (fo=20, routed)          0.145     1.728    u_btnJ3_debouncer/w_btnJ3
    SLICE_X12Y31         LUT4 (Prop_lut4_I2_O)        0.045     1.773 r  u_btnJ3_debouncer/r_counter[2]_i_1__4/O
                         net (fo=1, routed)           0.000     1.773    u_btnJ3_debouncer/r_counter[2]_i_1__4_n_0
    SLICE_X12Y31         FDCE                                         r  u_btnJ3_debouncer/r_counter_reg[2]/D
  -------------------------------------------------------------------    -------------------

                         (clock sys_clk_pin rise edge)
                                                      0.000     0.000 r  
    W5                                                0.000     0.000 r  clk (IN)
                         net (fo=0)                   0.000     0.000    clk
    W5                   IBUF (Prop_ibuf_I_O)         0.414     0.414 r  clk_IBUF_inst/O
                         net (fo=1, routed)           0.685     1.099    clk_IBUF
    BUFGCTRL_X0Y0        BUFG (Prop_bufg_I_O)         0.029     1.128 r  clk_IBUF_BUFG_inst/O
                         net (fo=246, routed)         0.827     1.954    u_btnJ3_debouncer/CLK
    SLICE_X12Y31         FDCE                                         r  u_btnJ3_debouncer/r_counter_reg[2]/C
                         clock pessimism             -0.499     1.455    
    SLICE_X12Y31         FDCE (Hold_fdce_C_D)         0.120     1.575    u_btnJ3_debouncer/r_counter_reg[2]
  -------------------------------------------------------------------
                         required time                         -1.575    
                         arrival time                           1.773    
  -------------------------------------------------------------------
                         slack                                  0.198    

Slack (MET) :             0.201ns  (arrival time - required time)
  Source:                 u_btnJ3_debouncer/r_clean_btn_reg/C
                            (rising edge-triggered cell FDCE clocked by sys_clk_pin  {rise@0.000ns fall@5.000ns period=10.000ns})
  Destination:            u_btnJ3_debouncer/r_counter_reg[5]/D
                            (rising edge-triggered cell FDCE clocked by sys_clk_pin  {rise@0.000ns fall@5.000ns period=10.000ns})
  Path Group:             sys_clk_pin
  Path Type:              Hold (Min at Fast Process Corner)
  Requirement:            0.000ns  (sys_clk_pin rise@0.000ns - sys_clk_pin rise@0.000ns)
  Data Path Delay:        0.335ns  (logic 0.186ns (55.575%)  route 0.149ns (44.425%))
  Logic Levels:           1  (LUT4=1)
  Clock Path Skew:        0.013ns (DCD - SCD - CPR)
    Destination Clock Delay (DCD):    1.954ns
    Source Clock Delay      (SCD):    1.442ns
    Clock Pessimism Removal (CPR):    0.499ns

    Location             Delay type                Incr(ns)  Path(ns)    Netlist Resource(s)
  -------------------------------------------------------------------    -------------------
                         (clock sys_clk_pin rise edge)
                                                      0.000     0.000 r  
    W5                                                0.000     0.000 r  clk (IN)
                         net (fo=0)                   0.000     0.000    clk
    W5                   IBUF (Prop_ibuf_I_O)         0.226     0.226 r  clk_IBUF_inst/O
                         net (fo=1, routed)           0.631     0.858    clk_IBUF
    BUFGCTRL_X0Y0        BUFG (Prop_bufg_I_O)         0.026     0.884 r  clk_IBUF_BUFG_inst/O
                         net (fo=246, routed)         0.559     1.442    u_btnJ3_debouncer/CLK
    SLICE_X13Y31         FDCE                                         r  u_btnJ3_debouncer/r_clean_btn_reg/C
  -------------------------------------------------------------------    -------------------
    SLICE_X13Y31         FDCE (Prop_fdce_C_Q)         0.141     1.583 r  u_btnJ3_debouncer/r_clean_btn_reg/Q
                         net (fo=20, routed)          0.149     1.732    u_btnJ3_debouncer/w_btnJ3
    SLICE_X12Y31         LUT4 (Prop_lut4_I2_O)        0.045     1.777 r  u_btnJ3_debouncer/r_counter[5]_i_1__4/O
                         net (fo=1, routed)           0.000     1.777    u_btnJ3_debouncer/r_counter[5]_i_1__4_n_0
    SLICE_X12Y31         FDCE                                         r  u_btnJ3_debouncer/r_counter_reg[5]/D
  -------------------------------------------------------------------    -------------------

                         (clock sys_clk_pin rise edge)
                                                      0.000     0.000 r  
    W5                                                0.000     0.000 r  clk (IN)
                         net (fo=0)                   0.000     0.000    clk
    W5                   IBUF (Prop_ibuf_I_O)         0.414     0.414 r  clk_IBUF_inst/O
                         net (fo=1, routed)           0.685     1.099    clk_IBUF
    BUFGCTRL_X0Y0        BUFG (Prop_bufg_I_O)         0.029     1.128 r  clk_IBUF_BUFG_inst/O
                         net (fo=246, routed)         0.827     1.954    u_btnJ3_debouncer/CLK
    SLICE_X12Y31         FDCE                                         r  u_btnJ3_debouncer/r_counter_reg[5]/C
                         clock pessimism             -0.499     1.455    
    SLICE_X12Y31         FDCE (Hold_fdce_C_D)         0.121     1.576    u_btnJ3_debouncer/r_counter_reg[5]
  -------------------------------------------------------------------
                         required time                         -1.576    
                         arrival time                           1.777    
  -------------------------------------------------------------------
                         slack                                  0.201    

Slack (MET) :             0.202ns  (arrival time - required time)
  Source:                 u_btnU_debouncer/r_clean_btn_reg/C
                            (rising edge-triggered cell FDCE clocked by sys_clk_pin  {rise@0.000ns fall@5.000ns period=10.000ns})
  Destination:            u_btnU_debouncer/r_counter_reg[9]/D
                            (rising edge-triggered cell FDCE clocked by sys_clk_pin  {rise@0.000ns fall@5.000ns period=10.000ns})
  Path Group:             sys_clk_pin
  Path Type:              Hold (Min at Fast Process Corner)
  Requirement:            0.000ns  (sys_clk_pin rise@0.000ns - sys_clk_pin rise@0.000ns)
  Data Path Delay:        0.322ns  (logic 0.189ns (58.661%)  route 0.133ns (41.339%))
  Logic Levels:           1  (LUT4=1)
  Clock Path Skew:        0.013ns (DCD - SCD - CPR)
    Destination Clock Delay (DCD):    1.982ns
    Source Clock Delay      (SCD):    1.469ns
    Clock Pessimism Removal (CPR):    0.500ns

    Location             Delay type                Incr(ns)  Path(ns)    Netlist Resource(s)
  -------------------------------------------------------------------    -------------------
                         (clock sys_clk_pin rise edge)
                                                      0.000     0.000 r  
    W5                                                0.000     0.000 r  clk (IN)
                         net (fo=0)                   0.000     0.000    clk
    W5                   IBUF (Prop_ibuf_I_O)         0.226     0.226 r  clk_IBUF_inst/O
                         net (fo=1, routed)           0.631     0.858    clk_IBUF
    BUFGCTRL_X0Y0        BUFG (Prop_bufg_I_O)         0.026     0.884 r  clk_IBUF_BUFG_inst/O
                         net (fo=246, routed)         0.586     1.469    u_btnU_debouncer/CLK
    SLICE_X4Y31          FDCE                                         r  u_btnU_debouncer/r_clean_btn_reg/C
  -------------------------------------------------------------------    -------------------
    SLICE_X4Y31          FDCE (Prop_fdce_C_Q)         0.141     1.610 r  u_btnU_debouncer/r_clean_btn_reg/Q
                         net (fo=20, routed)          0.133     1.743    u_btnU_debouncer/w_btnU
    SLICE_X5Y31          LUT4 (Prop_lut4_I2_O)        0.048     1.791 r  u_btnU_debouncer/r_counter[9]_i_1__2/O
                         net (fo=1, routed)           0.000     1.791    u_btnU_debouncer/r_counter[9]_i_1__2_n_0
    SLICE_X5Y31          FDCE                                         r  u_btnU_debouncer/r_counter_reg[9]/D
  -------------------------------------------------------------------    -------------------

                         (clock sys_clk_pin rise edge)
                                                      0.000     0.000 r  
    W5                                                0.000     0.000 r  clk (IN)
                         net (fo=0)                   0.000     0.000    clk
    W5                   IBUF (Prop_ibuf_I_O)         0.414     0.414 r  clk_IBUF_inst/O
                         net (fo=1, routed)           0.685     1.099    clk_IBUF
    BUFGCTRL_X0Y0        BUFG (Prop_bufg_I_O)         0.029     1.128 r  clk_IBUF_BUFG_inst/O
                         net (fo=246, routed)         0.855     1.982    u_btnU_debouncer/CLK
    SLICE_X5Y31          FDCE                                         r  u_btnU_debouncer/r_counter_reg[9]/C
                         clock pessimism             -0.500     1.482    
    SLICE_X5Y31          FDCE (Hold_fdce_C_D)         0.107     1.589    u_btnU_debouncer/r_counter_reg[9]
  -------------------------------------------------------------------
                         required time                         -1.589    
                         arrival time                           1.791    
  -------------------------------------------------------------------
                         slack                                  0.202    

Slack (MET) :             0.212ns  (arrival time - required time)
  Source:                 u_btnL_debouncer/r_clean_btn_reg/C
                            (rising edge-triggered cell FDCE clocked by sys_clk_pin  {rise@0.000ns fall@5.000ns period=10.000ns})
  Destination:            u_btnL_debouncer/r_counter_reg[7]/D
                            (rising edge-triggered cell FDCE clocked by sys_clk_pin  {rise@0.000ns fall@5.000ns period=10.000ns})
  Path Group:             sys_clk_pin
  Path Type:              Hold (Min at Fast Process Corner)
  Requirement:            0.000ns  (sys_clk_pin rise@0.000ns - sys_clk_pin rise@0.000ns)
  Data Path Delay:        0.332ns  (logic 0.189ns (56.869%)  route 0.143ns (43.131%))
  Logic Levels:           1  (LUT4=1)
  Clock Path Skew:        0.013ns (DCD - SCD - CPR)
    Destination Clock Delay (DCD):    1.978ns
    Source Clock Delay      (SCD):    1.466ns
    Clock Pessimism Removal (CPR):    0.499ns

    Location             Delay type                Incr(ns)  Path(ns)    Netlist Resource(s)
  -------------------------------------------------------------------    -------------------
                         (clock sys_clk_pin rise edge)
                                                      0.000     0.000 r  
    W5                                                0.000     0.000 r  clk (IN)
                         net (fo=0)                   0.000     0.000    clk
    W5                   IBUF (Prop_ibuf_I_O)         0.226     0.226 r  clk_IBUF_inst/O
                         net (fo=1, routed)           0.631     0.858    clk_IBUF
    BUFGCTRL_X0Y0        BUFG (Prop_bufg_I_O)         0.026     0.884 r  clk_IBUF_BUFG_inst/O
                         net (fo=246, routed)         0.583     1.466    u_btnL_debouncer/CLK
    SLICE_X1Y23          FDCE                                         r  u_btnL_debouncer/r_clean_btn_reg/C
  -------------------------------------------------------------------    -------------------
    SLICE_X1Y23          FDCE (Prop_fdce_C_Q)         0.141     1.607 r  u_btnL_debouncer/r_clean_btn_reg/Q
                         net (fo=20, routed)          0.143     1.750    u_btnL_debouncer/w_btnL
    SLICE_X0Y23          LUT4 (Prop_lut4_I2_O)        0.048     1.798 r  u_btnL_debouncer/r_counter[7]_i_1/O
                         net (fo=1, routed)           0.000     1.798    u_btnL_debouncer/p_0_in[7]
    SLICE_X0Y23          FDCE                                         r  u_btnL_debouncer/r_counter_reg[7]/D
  -------------------------------------------------------------------    -------------------

                         (clock sys_clk_pin rise edge)
                                                      0.000     0.000 r  
    W5                                                0.000     0.000 r  clk (IN)
                         net (fo=0)                   0.000     0.000    clk
    W5                   IBUF (Prop_ibuf_I_O)         0.414     0.414 r  clk_IBUF_inst/O
                         net (fo=1, routed)           0.685     1.099    clk_IBUF
    BUFGCTRL_X0Y0        BUFG (Prop_bufg_I_O)         0.029     1.128 r  clk_IBUF_BUFG_inst/O
                         net (fo=246, routed)         0.851     1.978    u_btnL_debouncer/CLK
    SLICE_X0Y23          FDCE                                         r  u_btnL_debouncer/r_counter_reg[7]/C
                         clock pessimism             -0.499     1.479    
    SLICE_X0Y23          FDCE (Hold_fdce_C_D)         0.107     1.586    u_btnL_debouncer/r_counter_reg[7]
  -------------------------------------------------------------------
                         required time                         -1.586    
                         arrival time                           1.798    
  -------------------------------------------------------------------
                         slack                                  0.212    

Slack (MET) :             0.213ns  (arrival time - required time)
  Source:                 u_play_melody/r_clk_cnt_reg[2][15]/C
                            (rising edge-triggered cell FDCE clocked by sys_clk_pin  {rise@0.000ns fall@5.000ns period=10.000ns})
  Destination:            u_play_melody/r_clk_cnt_reg[2][17]/D
                            (rising edge-triggered cell FDCE clocked by sys_clk_pin  {rise@0.000ns fall@5.000ns period=10.000ns})
  Path Group:             sys_clk_pin
  Path Type:              Hold (Min at Fast Process Corner)
  Requirement:            0.000ns  (sys_clk_pin rise@0.000ns - sys_clk_pin rise@0.000ns)
  Data Path Delay:        0.348ns  (logic 0.186ns (53.442%)  route 0.162ns (46.558%))
  Logic Levels:           1  (LUT6=1)
  Clock Path Skew:        0.015ns (DCD - SCD - CPR)
    Destination Clock Delay (DCD):    1.987ns
    Source Clock Delay      (SCD):    1.473ns
    Clock Pessimism Removal (CPR):    0.499ns

    Location             Delay type                Incr(ns)  Path(ns)    Netlist Resource(s)
  -------------------------------------------------------------------    -------------------
                         (clock sys_clk_pin rise edge)
                                                      0.000     0.000 r  
    W5                                                0.000     0.000 r  clk (IN)
                         net (fo=0)                   0.000     0.000    clk
    W5                   IBUF (Prop_ibuf_I_O)         0.226     0.226 r  clk_IBUF_inst/O
                         net (fo=1, routed)           0.631     0.858    clk_IBUF
    BUFGCTRL_X0Y0        BUFG (Prop_bufg_I_O)         0.026     0.884 r  clk_IBUF_BUFG_inst/O
                         net (fo=246, routed)         0.590     1.473    u_play_melody/CLK
    SLICE_X0Y33          FDCE                                         r  u_play_melody/r_clk_cnt_reg[2][15]/C
  -------------------------------------------------------------------    -------------------
    SLICE_X0Y33          FDCE (Prop_fdce_C_Q)         0.141     1.614 f  u_play_melody/r_clk_cnt_reg[2][15]/Q
                         net (fo=24, routed)          0.162     1.776    u_play_melody/r_clk_cnt_reg[2][15]
    SLICE_X2Y34          LUT6 (Prop_lut6_I5_O)        0.045     1.821 r  u_play_melody/r_clk_cnt[2][17]_i_1/O
                         net (fo=1, routed)           0.000     1.821    u_play_melody/r_clk_cnt[2][17]_i_1_n_0
    SLICE_X2Y34          FDCE                                         r  u_play_melody/r_clk_cnt_reg[2][17]/D
  -------------------------------------------------------------------    -------------------

                         (clock sys_clk_pin rise edge)
                                                      0.000     0.000 r  
    W5                                                0.000     0.000 r  clk (IN)
                         net (fo=0)                   0.000     0.000    clk
    W5                   IBUF (Prop_ibuf_I_O)         0.414     0.414 r  clk_IBUF_inst/O
                         net (fo=1, routed)           0.685     1.099    clk_IBUF
    BUFGCTRL_X0Y0        BUFG (Prop_bufg_I_O)         0.029     1.128 r  clk_IBUF_BUFG_inst/O
                         net (fo=246, routed)         0.860     1.987    u_play_melody/CLK
    SLICE_X2Y34          FDCE                                         r  u_play_melody/r_clk_cnt_reg[2][17]/C
                         clock pessimism             -0.499     1.488    
    SLICE_X2Y34          FDCE (Hold_fdce_C_D)         0.120     1.608    u_play_melody/r_clk_cnt_reg[2][17]
  -------------------------------------------------------------------
                         required time                         -1.608    
                         arrival time                           1.821    
  -------------------------------------------------------------------
                         slack                                  0.213    

Slack (MET) :             0.214ns  (arrival time - required time)
  Source:                 u_btnL_debouncer/r_clean_btn_reg/C
                            (rising edge-triggered cell FDCE clocked by sys_clk_pin  {rise@0.000ns fall@5.000ns period=10.000ns})
  Destination:            u_btnL_debouncer/r_counter_reg[8]/D
                            (rising edge-triggered cell FDCE clocked by sys_clk_pin  {rise@0.000ns fall@5.000ns period=10.000ns})
  Path Group:             sys_clk_pin
  Path Type:              Hold (Min at Fast Process Corner)
  Requirement:            0.000ns  (sys_clk_pin rise@0.000ns - sys_clk_pin rise@0.000ns)
  Data Path Delay:        0.334ns  (logic 0.190ns (56.828%)  route 0.144ns (43.172%))
  Logic Levels:           1  (LUT4=1)
  Clock Path Skew:        0.013ns (DCD - SCD - CPR)
    Destination Clock Delay (DCD):    1.978ns
    Source Clock Delay      (SCD):    1.466ns
    Clock Pessimism Removal (CPR):    0.499ns

    Location             Delay type                Incr(ns)  Path(ns)    Netlist Resource(s)
  -------------------------------------------------------------------    -------------------
                         (clock sys_clk_pin rise edge)
                                                      0.000     0.000 r  
    W5                                                0.000     0.000 r  clk (IN)
                         net (fo=0)                   0.000     0.000    clk
    W5                   IBUF (Prop_ibuf_I_O)         0.226     0.226 r  clk_IBUF_inst/O
                         net (fo=1, routed)           0.631     0.858    clk_IBUF
    BUFGCTRL_X0Y0        BUFG (Prop_bufg_I_O)         0.026     0.884 r  clk_IBUF_BUFG_inst/O
                         net (fo=246, routed)         0.583     1.466    u_btnL_debouncer/CLK
    SLICE_X1Y23          FDCE                                         r  u_btnL_debouncer/r_clean_btn_reg/C
  -------------------------------------------------------------------    -------------------
    SLICE_X1Y23          FDCE (Prop_fdce_C_Q)         0.141     1.607 r  u_btnL_debouncer/r_clean_btn_reg/Q
                         net (fo=20, routed)          0.144     1.751    u_btnL_debouncer/w_btnL
    SLICE_X0Y23          LUT4 (Prop_lut4_I2_O)        0.049     1.800 r  u_btnL_debouncer/r_counter[8]_i_1/O
                         net (fo=1, routed)           0.000     1.800    u_btnL_debouncer/p_0_in[8]
    SLICE_X0Y23          FDCE                                         r  u_btnL_debouncer/r_counter_reg[8]/D
  -------------------------------------------------------------------    -------------------

                         (clock sys_clk_pin rise edge)
                                                      0.000     0.000 r  
    W5                                                0.000     0.000 r  clk (IN)
                         net (fo=0)                   0.000     0.000    clk
    W5                   IBUF (Prop_ibuf_I_O)         0.414     0.414 r  clk_IBUF_inst/O
                         net (fo=1, routed)           0.685     1.099    clk_IBUF
    BUFGCTRL_X0Y0        BUFG (Prop_bufg_I_O)         0.029     1.128 r  clk_IBUF_BUFG_inst/O
                         net (fo=246, routed)         0.851     1.978    u_btnL_debouncer/CLK
    SLICE_X0Y23          FDCE                                         r  u_btnL_debouncer/r_counter_reg[8]/C
                         clock pessimism             -0.499     1.479    
    SLICE_X0Y23          FDCE (Hold_fdce_C_D)         0.107     1.586    u_btnL_debouncer/r_counter_reg[8]
  -------------------------------------------------------------------
                         required time                         -1.586    
                         arrival time                           1.800    
  -------------------------------------------------------------------
                         slack                                  0.214    





Pulse Width Checks
--------------------------------------------------------------------------------------
Clock Name:         sys_clk_pin
Waveform(ns):       { 0.000 5.000 }
Period(ns):         10.000
Sources:            { clk }

Check Type        Corner  Lib Pin  Reference Pin  Required(ns)  Actual(ns)  Slack(ns)  Location       Pin
Min Period        n/a     BUFG/I   n/a            2.155         10.000      7.845      BUFGCTRL_X0Y0  clk_IBUF_BUFG_inst/I
Min Period        n/a     FDCE/C   n/a            1.000         10.000      9.000      SLICE_X12Y27   u_btnC_debouncer/r_clean_btn_reg/C
Min Period        n/a     FDCE/C   n/a            1.000         10.000      9.000      SLICE_X13Y26   u_btnC_debouncer/r_counter_reg[0]/C
Min Period        n/a     FDCE/C   n/a            1.000         10.000      9.000      SLICE_X13Y28   u_btnC_debouncer/r_counter_reg[10]/C
Min Period        n/a     FDCE/C   n/a            1.000         10.000      9.000      SLICE_X13Y28   u_btnC_debouncer/r_counter_reg[11]/C
Min Period        n/a     FDCE/C   n/a            1.000         10.000      9.000      SLICE_X13Y28   u_btnC_debouncer/r_counter_reg[12]/C
Min Period        n/a     FDCE/C   n/a            1.000         10.000      9.000      SLICE_X13Y29   u_btnC_debouncer/r_counter_reg[13]/C
Min Period        n/a     FDCE/C   n/a            1.000         10.000      9.000      SLICE_X13Y29   u_btnC_debouncer/r_counter_reg[14]/C
Min Period        n/a     FDCE/C   n/a            1.000         10.000      9.000      SLICE_X13Y29   u_btnC_debouncer/r_counter_reg[15]/C
Min Period        n/a     FDCE/C   n/a            1.000         10.000      9.000      SLICE_X13Y29   u_btnC_debouncer/r_counter_reg[16]/C
Low Pulse Width   Slow    FDCE/C   n/a            0.500         5.000       4.500      SLICE_X12Y27   u_btnC_debouncer/r_clean_btn_reg/C
Low Pulse Width   Fast    FDCE/C   n/a            0.500         5.000       4.500      SLICE_X12Y27   u_btnC_debouncer/r_clean_btn_reg/C
Low Pulse Width   Slow    FDCE/C   n/a            0.500         5.000       4.500      SLICE_X13Y26   u_btnC_debouncer/r_counter_reg[0]/C
Low Pulse Width   Fast    FDCE/C   n/a            0.500         5.000       4.500      SLICE_X13Y26   u_btnC_debouncer/r_counter_reg[0]/C
Low Pulse Width   Slow    FDCE/C   n/a            0.500         5.000       4.500      SLICE_X13Y28   u_btnC_debouncer/r_counter_reg[10]/C
Low Pulse Width   Fast    FDCE/C   n/a            0.500         5.000       4.500      SLICE_X13Y28   u_btnC_debouncer/r_counter_reg[10]/C
Low Pulse Width   Slow    FDCE/C   n/a            0.500         5.000       4.500      SLICE_X13Y28   u_btnC_debouncer/r_counter_reg[11]/C
Low Pulse Width   Fast    FDCE/C   n/a            0.500         5.000       4.500      SLICE_X13Y28   u_btnC_debouncer/r_counter_reg[11]/C
Low Pulse Width   Slow    FDCE/C   n/a            0.500         5.000       4.500      SLICE_X13Y28   u_btnC_debouncer/r_counter_reg[12]/C
Low Pulse Width   Fast    FDCE/C   n/a            0.500         5.000       4.500      SLICE_X13Y28   u_btnC_debouncer/r_counter_reg[12]/C
High Pulse Width  Slow    FDCE/C   n/a            0.500         5.000       4.500      SLICE_X12Y27   u_btnC_debouncer/r_clean_btn_reg/C
High Pulse Width  Fast    FDCE/C   n/a            0.500         5.000       4.500      SLICE_X12Y27   u_btnC_debouncer/r_clean_btn_reg/C
High Pulse Width  Slow    FDCE/C   n/a            0.500         5.000       4.500      SLICE_X13Y26   u_btnC_debouncer/r_counter_reg[0]/C
High Pulse Width  Fast    FDCE/C   n/a            0.500         5.000       4.500      SLICE_X13Y26   u_btnC_debouncer/r_counter_reg[0]/C
High Pulse Width  Slow    FDCE/C   n/a            0.500         5.000       4.500      SLICE_X13Y28   u_btnC_debouncer/r_counter_reg[10]/C
High Pulse Width  Fast    FDCE/C   n/a            0.500         5.000       4.500      SLICE_X13Y28   u_btnC_debouncer/r_counter_reg[10]/C
High Pulse Width  Slow    FDCE/C   n/a            0.500         5.000       4.500      SLICE_X13Y28   u_btnC_debouncer/r_counter_reg[11]/C
High Pulse Width  Fast    FDCE/C   n/a            0.500         5.000       4.500      SLICE_X13Y28   u_btnC_debouncer/r_counter_reg[11]/C
High Pulse Width  Slow    FDCE/C   n/a            0.500         5.000       4.500      SLICE_X13Y28   u_btnC_debouncer/r_counter_reg[12]/C
High Pulse Width  Fast    FDCE/C   n/a            0.500         5.000       4.500      SLICE_X13Y28   u_btnC_debouncer/r_counter_reg[12]/C



