Copyright 1986-2021 Xilinx, Inc. All Rights Reserved.
--------------------------------------------------------------------------------------------------------------------------------------------------------------------------------
| Tool Version : Vivado v.2021.1 (win64) Build 3247384 Thu Jun 10 19:36:33 MDT 2021
| Date         : Tue Feb 24 15:39:01 2026
| Host         : DESKTOP-FAVD00F running 64-bit major release  (build 9200)
| Command      : report_timing_summary -max_paths 10 -file top_timing_summary_routed.rpt -pb top_timing_summary_routed.pb -rpx top_timing_summary_routed.rpx -warn_on_violation
| Design       : top
| Device       : 7a35t-cpg236
| Speed File   : -1  PRODUCTION 1.23 2018-06-13
--------------------------------------------------------------------------------------------------------------------------------------------------------------------------------

Timing Summary Report

------------------------------------------------------------------------------------------------
| Timer Settings
| --------------
------------------------------------------------------------------------------------------------

  Enable Multi Corner Analysis               :  Yes
  Enable Pessimism Removal                   :  Yes
  Pessimism Removal Resolution               :  Nearest Common Node
  Enable Input Delay Default Clock           :  No
  Enable Preset / Clear Arcs                 :  No
  Disable Flight Delays                      :  No
  Ignore I/O Paths                           :  No
  Timing Early Launch at Borrowing Latches   :  No
  Borrow Time for Max Delay Exceptions       :  Yes
  Merge Timing Exceptions                    :  Yes

  Corner  Analyze    Analyze    
  Name    Max Paths  Min Paths  
  ------  ---------  ---------  
  Slow    Yes        Yes        
  Fast    Yes        Yes        


------------------------------------------------------------------------------------------------
| Report Methodology
| ------------------
------------------------------------------------------------------------------------------------

Rule       Severity  Description                    Violations  
---------  --------  -----------------------------  ----------  
TIMING-18  Warning   Missing input or output delay  16          

Note: This report is based on the most recent report_methodology run and may not be up-to-date. Run report_methodology on the current design for the latest report.



check_timing report

Table of Contents
-----------------
1. checking no_clock (0)
2. checking constant_clock (0)
3. checking pulse_width_clock (0)
4. checking unconstrained_internal_endpoints (0)
5. checking no_input_delay (4)
6. checking no_output_delay (11)
7. checking multiple_clock (0)
8. checking generated_clocks (0)
9. checking loops (0)
10. checking partial_input_delay (0)
11. checking partial_output_delay (0)
12. checking latch_loops (0)

1. checking no_clock (0)
------------------------
 There are 0 register/latch pins with no clock.


2. checking constant_clock (0)
------------------------------
 There are 0 register/latch pins with constant_clock.


3. checking pulse_width_clock (0)
---------------------------------
 There are 0 register/latch pins which need pulse_width check


4. checking unconstrained_internal_endpoints (0)
------------------------------------------------
 There are 0 pins that are not constrained for maximum delay.

 There are 0 pins that are not constrained for maximum delay due to constant clock.


5. checking no_input_delay (4)
------------------------------
 There are 4 input ports with no input delay specified. (HIGH)

 There are 0 input ports with no input delay but user has a false path constraint.


6. checking no_output_delay (11)
--------------------------------
 There are 11 ports with no output delay specified. (HIGH)

 There are 0 ports with no output delay but user has a false path constraint

 There are 0 ports with no output delay but with a timing clock defined on it or propagating through it


7. checking multiple_clock (0)
------------------------------
 There are 0 register/latch pins with multiple clocks.


8. checking generated_clocks (0)
--------------------------------
 There are 0 generated clocks that are not connected to a clock source.


9. checking loops (0)
---------------------
 There are 0 combinational loops in the design.


10. checking partial_input_delay (0)
------------------------------------
 There are 0 input ports with partial input delay specified.


11. checking partial_output_delay (0)
-------------------------------------
 There are 0 ports with partial output delay specified.


12. checking latch_loops (0)
----------------------------
 There are 0 combinational latch loops in the design through latch input



------------------------------------------------------------------------------------------------
| Design Timing Summary
| ---------------------
------------------------------------------------------------------------------------------------

    WNS(ns)      TNS(ns)  TNS Failing Endpoints  TNS Total Endpoints      WHS(ns)      THS(ns)  THS Failing Endpoints  THS Total Endpoints     WPWS(ns)     TPWS(ns)  TPWS Failing Endpoints  TPWS Total Endpoints  
    -------      -------  ---------------------  -------------------      -------      -------  ---------------------  -------------------     --------     --------  ----------------------  --------------------  
      3.267        0.000                      0                  249        0.180        0.000                      0                  249        4.500        0.000                       0                   162  


All user specified timing constraints are met.


------------------------------------------------------------------------------------------------
| Clock Summary
| -------------
------------------------------------------------------------------------------------------------

Clock        Waveform(ns)       Period(ns)      Frequency(MHz)
-----        ------------       ----------      --------------
sys_clk_pin  {0.000 5.000}      10.000          100.000         


------------------------------------------------------------------------------------------------
| Intra Clock Table
| -----------------
------------------------------------------------------------------------------------------------

Clock             WNS(ns)      TNS(ns)  TNS Failing Endpoints  TNS Total Endpoints      WHS(ns)      THS(ns)  THS Failing Endpoints  THS Total Endpoints     WPWS(ns)     TPWS(ns)  TPWS Failing Endpoints  TPWS Total Endpoints  
-----             -------      -------  ---------------------  -------------------      -------      -------  ---------------------  -------------------     --------     --------  ----------------------  --------------------  
sys_clk_pin         3.267        0.000                      0                  249        0.180        0.000                      0                  249        4.500        0.000                       0                   162  


------------------------------------------------------------------------------------------------
| Inter Clock Table
| -----------------
------------------------------------------------------------------------------------------------

From Clock    To Clock          WNS(ns)      TNS(ns)  TNS Failing Endpoints  TNS Total Endpoints      WHS(ns)      THS(ns)  THS Failing Endpoints  THS Total Endpoints  
----------    --------          -------      -------  ---------------------  -------------------      -------      -------  ---------------------  -------------------  


------------------------------------------------------------------------------------------------
| Other Path Groups Table
| -----------------------
------------------------------------------------------------------------------------------------

Path Group    From Clock    To Clock          WNS(ns)      TNS(ns)  TNS Failing Endpoints  TNS Total Endpoints      WHS(ns)      THS(ns)  THS Failing Endpoints  THS Total Endpoints  
----------    ----------    --------          -------      -------  ---------------------  -------------------      -------      -------  ---------------------  -------------------  


------------------------------------------------------------------------------------------------
| Timing Details
| --------------
------------------------------------------------------------------------------------------------


---------------------------------------------------------------------------------------------------
From Clock:  sys_clk_pin
  To Clock:  sys_clk_pin

Setup :            0  Failing Endpoints,  Worst Slack        3.267ns,  Total Violation        0.000ns
Hold  :            0  Failing Endpoints,  Worst Slack        0.180ns,  Total Violation        0.000ns
PW    :            0  Failing Endpoints,  Worst Slack        4.500ns,  Total Violation        0.000ns
---------------------------------------------------------------------------------------------------


Max Delay Paths
--------------------------------------------------------------------------------------
Slack (MET) :             3.267ns  (required time - arrival time)
  Source:                 u_coffee_machine/coin_val_reg[3]/C
                            (rising edge-triggered cell FDCE clocked by sys_clk_pin  {rise@0.000ns fall@5.000ns period=10.000ns})
  Destination:            u_coffee_machine/r_current_state_reg[0]/D
                            (rising edge-triggered cell FDCE clocked by sys_clk_pin  {rise@0.000ns fall@5.000ns period=10.000ns})
  Path Group:             sys_clk_pin
  Path Type:              Setup (Max at Slow Process Corner)
  Requirement:            10.000ns  (sys_clk_pin rise@10.000ns - sys_clk_pin rise@0.000ns)
  Data Path Delay:        6.703ns  (logic 1.922ns (28.676%)  route 4.781ns (71.324%))
  Logic Levels:           7  (LUT2=1 LUT3=1 LUT5=2 LUT6=3)
  Clock Path Skew:        -0.024ns (DCD - SCD + CPR)
    Destination Clock Delay (DCD):    4.859ns = ( 14.859 - 10.000 ) 
    Source Clock Delay      (SCD):    5.157ns
    Clock Pessimism Removal (CPR):    0.274ns
  Clock Uncertainty:      0.035ns  ((TSJ^2 + TIJ^2)^1/2 + DJ) / 2 + PE
    Total System Jitter     (TSJ):    0.071ns
    Total Input Jitter      (TIJ):    0.000ns
    Discrete Jitter          (DJ):    0.000ns
    Phase Error              (PE):    0.000ns

    Location             Delay type                Incr(ns)  Path(ns)    Netlist Resource(s)
  -------------------------------------------------------------------    -------------------
                         (clock sys_clk_pin rise edge)
                                                      0.000     0.000 r  
    W5                                                0.000     0.000 r  clk (IN)
                         net (fo=0)                   0.000     0.000    clk
    W5                   IBUF (Prop_ibuf_I_O)         1.458     1.458 r  clk_IBUF_inst/O
                         net (fo=1, routed)           1.967     3.425    clk_IBUF
    BUFGCTRL_X0Y0        BUFG (Prop_bufg_I_O)         0.096     3.521 r  clk_IBUF_BUFG_inst/O
                         net (fo=161, routed)         1.636     5.157    u_coffee_machine/CLK
    SLICE_X59Y7          FDCE                                         r  u_coffee_machine/coin_val_reg[3]/C
  -------------------------------------------------------------------    -------------------
    SLICE_X59Y7          FDCE (Prop_fdce_C_Q)         0.419     5.576 f  u_coffee_machine/coin_val_reg[3]/Q
                         net (fo=30, routed)          1.206     6.782    u_coffee_machine/Q[1]
    SLICE_X59Y13         LUT2 (Prop_lut2_I1_O)        0.327     7.109 r  u_coffee_machine/r_current_state[1]_i_8/O
                         net (fo=1, routed)           0.444     7.553    u_coffee_machine/r_current_state[1]_i_8_n_0
    SLICE_X58Y11         LUT6 (Prop_lut6_I2_O)        0.326     7.879 r  u_coffee_machine/r_current_state[1]_i_7/O
                         net (fo=1, routed)           0.677     8.557    u_coffee_machine/r_current_state[1]_i_7_n_0
    SLICE_X55Y9          LUT6 (Prop_lut6_I5_O)        0.124     8.681 r  u_coffee_machine/r_current_state[1]_i_4/O
                         net (fo=2, routed)           0.993     9.674    u_coffee_machine/r_next_state2__11
    SLICE_X57Y5          LUT3 (Prop_lut3_I0_O)        0.152     9.826 r  u_coffee_machine/r_current_state[1]_i_3/O
                         net (fo=3, routed)           0.449    10.275    u_coffee_machine/r_current_state[1]_i_3_n_0
    SLICE_X57Y5          LUT5 (Prop_lut5_I0_O)        0.326    10.601 r  u_coffee_machine/r_current_state[2]_i_2/O
                         net (fo=2, routed)           0.537    11.138    u_coffee_machine/r_current_state[2]_i_2_n_0
    SLICE_X59Y6          LUT6 (Prop_lut6_I2_O)        0.124    11.262 r  u_coffee_machine/r_current_state[2]_i_3/O
                         net (fo=3, routed)           0.474    11.736    u_coffee_machine/r_current_state[2]_i_3_n_0
    SLICE_X59Y6          LUT5 (Prop_lut5_I3_O)        0.124    11.860 r  u_coffee_machine/r_current_state[0]_i_1/O
                         net (fo=1, routed)           0.000    11.860    u_coffee_machine/r_current_state[0]_i_1_n_0
    SLICE_X59Y6          FDCE                                         r  u_coffee_machine/r_current_state_reg[0]/D
  -------------------------------------------------------------------    -------------------

                         (clock sys_clk_pin rise edge)
                                                     10.000    10.000 r  
    W5                                                0.000    10.000 r  clk (IN)
                         net (fo=0)                   0.000    10.000    clk
    W5                   IBUF (Prop_ibuf_I_O)         1.388    11.388 r  clk_IBUF_inst/O
                         net (fo=1, routed)           1.862    13.250    clk_IBUF
    BUFGCTRL_X0Y0        BUFG (Prop_bufg_I_O)         0.091    13.341 r  clk_IBUF_BUFG_inst/O
                         net (fo=161, routed)         1.518    14.859    u_coffee_machine/CLK
    SLICE_X59Y6          FDCE                                         r  u_coffee_machine/r_current_state_reg[0]/C
                         clock pessimism              0.274    15.133    
                         clock uncertainty           -0.035    15.098    
    SLICE_X59Y6          FDCE (Setup_fdce_C_D)        0.029    15.127    u_coffee_machine/r_current_state_reg[0]
  -------------------------------------------------------------------
                         required time                         15.127    
                         arrival time                         -11.860    
  -------------------------------------------------------------------
                         slack                                  3.267    

Slack (MET) :             3.424ns  (required time - arrival time)
  Source:                 u_coffee_machine/coin_val_reg[3]/C
                            (rising edge-triggered cell FDCE clocked by sys_clk_pin  {rise@0.000ns fall@5.000ns period=10.000ns})
  Destination:            u_coffee_machine/r_current_state_reg[1]/D
                            (rising edge-triggered cell FDCE clocked by sys_clk_pin  {rise@0.000ns fall@5.000ns period=10.000ns})
  Path Group:             sys_clk_pin
  Path Type:              Setup (Max at Slow Process Corner)
  Requirement:            10.000ns  (sys_clk_pin rise@10.000ns - sys_clk_pin rise@0.000ns)
  Data Path Delay:        6.546ns  (logic 1.922ns (29.361%)  route 4.624ns (70.639%))
  Logic Levels:           7  (LUT2=1 LUT3=1 LUT5=1 LUT6=4)
  Clock Path Skew:        -0.024ns (DCD - SCD + CPR)
    Destination Clock Delay (DCD):    4.859ns = ( 14.859 - 10.000 ) 
    Source Clock Delay      (SCD):    5.157ns
    Clock Pessimism Removal (CPR):    0.274ns
  Clock Uncertainty:      0.035ns  ((TSJ^2 + TIJ^2)^1/2 + DJ) / 2 + PE
    Total System Jitter     (TSJ):    0.071ns
    Total Input Jitter      (TIJ):    0.000ns
    Discrete Jitter          (DJ):    0.000ns
    Phase Error              (PE):    0.000ns

    Location             Delay type                Incr(ns)  Path(ns)    Netlist Resource(s)
  -------------------------------------------------------------------    -------------------
                         (clock sys_clk_pin rise edge)
                                                      0.000     0.000 r  
    W5                                                0.000     0.000 r  clk (IN)
                         net (fo=0)                   0.000     0.000    clk
    W5                   IBUF (Prop_ibuf_I_O)         1.458     1.458 r  clk_IBUF_inst/O
                         net (fo=1, routed)           1.967     3.425    clk_IBUF
    BUFGCTRL_X0Y0        BUFG (Prop_bufg_I_O)         0.096     3.521 r  clk_IBUF_BUFG_inst/O
                         net (fo=161, routed)         1.636     5.157    u_coffee_machine/CLK
    SLICE_X59Y7          FDCE                                         r  u_coffee_machine/coin_val_reg[3]/C
  -------------------------------------------------------------------    -------------------
    SLICE_X59Y7          FDCE (Prop_fdce_C_Q)         0.419     5.576 f  u_coffee_machine/coin_val_reg[3]/Q
                         net (fo=30, routed)          1.206     6.782    u_coffee_machine/Q[1]
    SLICE_X59Y13         LUT2 (Prop_lut2_I1_O)        0.327     7.109 r  u_coffee_machine/r_current_state[1]_i_8/O
                         net (fo=1, routed)           0.444     7.553    u_coffee_machine/r_current_state[1]_i_8_n_0
    SLICE_X58Y11         LUT6 (Prop_lut6_I2_O)        0.326     7.879 r  u_coffee_machine/r_current_state[1]_i_7/O
                         net (fo=1, routed)           0.677     8.557    u_coffee_machine/r_current_state[1]_i_7_n_0
    SLICE_X55Y9          LUT6 (Prop_lut6_I5_O)        0.124     8.681 r  u_coffee_machine/r_current_state[1]_i_4/O
                         net (fo=2, routed)           0.993     9.674    u_coffee_machine/r_next_state2__11
    SLICE_X57Y5          LUT3 (Prop_lut3_I0_O)        0.152     9.826 r  u_coffee_machine/r_current_state[1]_i_3/O
                         net (fo=3, routed)           0.449    10.275    u_coffee_machine/r_current_state[1]_i_3_n_0
    SLICE_X57Y5          LUT5 (Prop_lut5_I0_O)        0.326    10.601 r  u_coffee_machine/r_current_state[2]_i_2/O
                         net (fo=2, routed)           0.537    11.138    u_coffee_machine/r_current_state[2]_i_2_n_0
    SLICE_X59Y6          LUT6 (Prop_lut6_I2_O)        0.124    11.262 r  u_coffee_machine/r_current_state[2]_i_3/O
                         net (fo=3, routed)           0.318    11.579    u_coffee_machine/r_current_state[2]_i_3_n_0
    SLICE_X59Y5          LUT6 (Prop_lut6_I4_O)        0.124    11.703 r  u_coffee_machine/r_current_state[1]_i_1/O
                         net (fo=1, routed)           0.000    11.703    u_coffee_machine/r_current_state[1]_i_1_n_0
    SLICE_X59Y5          FDCE                                         r  u_coffee_machine/r_current_state_reg[1]/D
  -------------------------------------------------------------------    -------------------

                         (clock sys_clk_pin rise edge)
                                                     10.000    10.000 r  
    W5                                                0.000    10.000 r  clk (IN)
                         net (fo=0)                   0.000    10.000    clk
    W5                   IBUF (Prop_ibuf_I_O)         1.388    11.388 r  clk_IBUF_inst/O
                         net (fo=1, routed)           1.862    13.250    clk_IBUF
    BUFGCTRL_X0Y0        BUFG (Prop_bufg_I_O)         0.091    13.341 r  clk_IBUF_BUFG_inst/O
                         net (fo=161, routed)         1.518    14.859    u_coffee_machine/CLK
    SLICE_X59Y5          FDCE                                         r  u_coffee_machine/r_current_state_reg[1]/C
                         clock pessimism              0.274    15.133    
                         clock uncertainty           -0.035    15.098    
    SLICE_X59Y5          FDCE (Setup_fdce_C_D)        0.029    15.127    u_coffee_machine/r_current_state_reg[1]
  -------------------------------------------------------------------
                         required time                         15.127    
                         arrival time                         -11.703    
  -------------------------------------------------------------------
                         slack                                  3.424    

Slack (MET) :             3.569ns  (required time - arrival time)
  Source:                 u_coffee_machine/coin_val_reg[3]/C
                            (rising edge-triggered cell FDCE clocked by sys_clk_pin  {rise@0.000ns fall@5.000ns period=10.000ns})
  Destination:            u_coffee_machine/r_current_state_reg[2]/D
                            (rising edge-triggered cell FDCE clocked by sys_clk_pin  {rise@0.000ns fall@5.000ns period=10.000ns})
  Path Group:             sys_clk_pin
  Path Type:              Setup (Max at Slow Process Corner)
  Requirement:            10.000ns  (sys_clk_pin rise@10.000ns - sys_clk_pin rise@0.000ns)
  Data Path Delay:        6.403ns  (logic 1.922ns (30.017%)  route 4.481ns (69.983%))
  Logic Levels:           7  (LUT2=1 LUT3=2 LUT5=1 LUT6=3)
  Clock Path Skew:        -0.024ns (DCD - SCD + CPR)
    Destination Clock Delay (DCD):    4.859ns = ( 14.859 - 10.000 ) 
    Source Clock Delay      (SCD):    5.157ns
    Clock Pessimism Removal (CPR):    0.274ns
  Clock Uncertainty:      0.035ns  ((TSJ^2 + TIJ^2)^1/2 + DJ) / 2 + PE
    Total System Jitter     (TSJ):    0.071ns
    Total Input Jitter      (TIJ):    0.000ns
    Discrete Jitter          (DJ):    0.000ns
    Phase Error              (PE):    0.000ns

    Location             Delay type                Incr(ns)  Path(ns)    Netlist Resource(s)
  -------------------------------------------------------------------    -------------------
                         (clock sys_clk_pin rise edge)
                                                      0.000     0.000 r  
    W5                                                0.000     0.000 r  clk (IN)
                         net (fo=0)                   0.000     0.000    clk
    W5                   IBUF (Prop_ibuf_I_O)         1.458     1.458 r  clk_IBUF_inst/O
                         net (fo=1, routed)           1.967     3.425    clk_IBUF
    BUFGCTRL_X0Y0        BUFG (Prop_bufg_I_O)         0.096     3.521 r  clk_IBUF_BUFG_inst/O
                         net (fo=161, routed)         1.636     5.157    u_coffee_machine/CLK
    SLICE_X59Y7          FDCE                                         r  u_coffee_machine/coin_val_reg[3]/C
  -------------------------------------------------------------------    -------------------
    SLICE_X59Y7          FDCE (Prop_fdce_C_Q)         0.419     5.576 f  u_coffee_machine/coin_val_reg[3]/Q
                         net (fo=30, routed)          1.206     6.782    u_coffee_machine/Q[1]
    SLICE_X59Y13         LUT2 (Prop_lut2_I1_O)        0.327     7.109 r  u_coffee_machine/r_current_state[1]_i_8/O
                         net (fo=1, routed)           0.444     7.553    u_coffee_machine/r_current_state[1]_i_8_n_0
    SLICE_X58Y11         LUT6 (Prop_lut6_I2_O)        0.326     7.879 r  u_coffee_machine/r_current_state[1]_i_7/O
                         net (fo=1, routed)           0.677     8.557    u_coffee_machine/r_current_state[1]_i_7_n_0
    SLICE_X55Y9          LUT6 (Prop_lut6_I5_O)        0.124     8.681 r  u_coffee_machine/r_current_state[1]_i_4/O
                         net (fo=2, routed)           0.993     9.674    u_coffee_machine/r_next_state2__11
    SLICE_X57Y5          LUT3 (Prop_lut3_I0_O)        0.152     9.826 r  u_coffee_machine/r_current_state[1]_i_3/O
                         net (fo=3, routed)           0.449    10.275    u_coffee_machine/r_current_state[1]_i_3_n_0
    SLICE_X57Y5          LUT5 (Prop_lut5_I0_O)        0.326    10.601 r  u_coffee_machine/r_current_state[2]_i_2/O
                         net (fo=2, routed)           0.537    11.138    u_coffee_machine/r_current_state[2]_i_2_n_0
    SLICE_X59Y6          LUT6 (Prop_lut6_I2_O)        0.124    11.262 r  u_coffee_machine/r_current_state[2]_i_3/O
                         net (fo=3, routed)           0.175    11.436    u_coffee_machine/r_current_state[2]_i_3_n_0
    SLICE_X59Y6          LUT3 (Prop_lut3_I1_O)        0.124    11.560 r  u_coffee_machine/r_current_state[2]_i_1/O
                         net (fo=1, routed)           0.000    11.560    u_coffee_machine/r_current_state[2]_i_1_n_0
    SLICE_X59Y6          FDCE                                         r  u_coffee_machine/r_current_state_reg[2]/D
  -------------------------------------------------------------------    -------------------

                         (clock sys_clk_pin rise edge)
                                                     10.000    10.000 r  
    W5                                                0.000    10.000 r  clk (IN)
                         net (fo=0)                   0.000    10.000    clk
    W5                   IBUF (Prop_ibuf_I_O)         1.388    11.388 r  clk_IBUF_inst/O
                         net (fo=1, routed)           1.862    13.250    clk_IBUF
    BUFGCTRL_X0Y0        BUFG (Prop_bufg_I_O)         0.091    13.341 r  clk_IBUF_BUFG_inst/O
                         net (fo=161, routed)         1.518    14.859    u_coffee_machine/CLK
    SLICE_X59Y6          FDCE                                         r  u_coffee_machine/r_current_state_reg[2]/C
                         clock pessimism              0.274    15.133    
                         clock uncertainty           -0.035    15.098    
    SLICE_X59Y6          FDCE (Setup_fdce_C_D)        0.031    15.129    u_coffee_machine/r_current_state_reg[2]
  -------------------------------------------------------------------
                         required time                         15.129    
                         arrival time                         -11.560    
  -------------------------------------------------------------------
                         slack                                  3.569    

Slack (MET) :             3.612ns  (required time - arrival time)
  Source:                 u_fnd_controller/u_fnd_digit_select/r_5s_counter_reg[6]/C
                            (rising edge-triggered cell FDCE clocked by sys_clk_pin  {rise@0.000ns fall@5.000ns period=10.000ns})
  Destination:            u_fnd_controller/u_fnd_digit_select/r_idle_counter_reg[6]/CE
                            (rising edge-triggered cell FDCE clocked by sys_clk_pin  {rise@0.000ns fall@5.000ns period=10.000ns})
  Path Group:             sys_clk_pin
  Path Type:              Setup (Max at Slow Process Corner)
  Requirement:            10.000ns  (sys_clk_pin rise@10.000ns - sys_clk_pin rise@0.000ns)
  Data Path Delay:        5.943ns  (logic 1.480ns (24.902%)  route 4.463ns (75.098%))
  Logic Levels:           6  (LUT4=1 LUT5=2 LUT6=3)
  Clock Path Skew:        -0.038ns (DCD - SCD + CPR)
    Destination Clock Delay (DCD):    4.861ns = ( 14.861 - 10.000 ) 
    Source Clock Delay      (SCD):    5.159ns
    Clock Pessimism Removal (CPR):    0.260ns
  Clock Uncertainty:      0.035ns  ((TSJ^2 + TIJ^2)^1/2 + DJ) / 2 + PE
    Total System Jitter     (TSJ):    0.071ns
    Total Input Jitter      (TIJ):    0.000ns
    Discrete Jitter          (DJ):    0.000ns
    Phase Error              (PE):    0.000ns

    Location             Delay type                Incr(ns)  Path(ns)    Netlist Resource(s)
  -------------------------------------------------------------------    -------------------
                         (clock sys_clk_pin rise edge)
                                                      0.000     0.000 r  
    W5                                                0.000     0.000 r  clk (IN)
                         net (fo=0)                   0.000     0.000    clk
    W5                   IBUF (Prop_ibuf_I_O)         1.458     1.458 r  clk_IBUF_inst/O
                         net (fo=1, routed)           1.967     3.425    clk_IBUF
    BUFGCTRL_X0Y0        BUFG (Prop_bufg_I_O)         0.096     3.521 r  clk_IBUF_BUFG_inst/O
                         net (fo=161, routed)         1.638     5.159    u_fnd_controller/u_fnd_digit_select/CLK
    SLICE_X61Y1          FDCE                                         r  u_fnd_controller/u_fnd_digit_select/r_5s_counter_reg[6]/C
  -------------------------------------------------------------------    -------------------
    SLICE_X61Y1          FDCE (Prop_fdce_C_Q)         0.456     5.615 f  u_fnd_controller/u_fnd_digit_select/r_5s_counter_reg[6]/Q
                         net (fo=3, routed)           0.853     6.469    u_fnd_controller/u_fnd_digit_select/r_5s_counter_reg[6]
    SLICE_X60Y1          LUT4 (Prop_lut4_I2_O)        0.152     6.621 r  u_fnd_controller/u_fnd_digit_select/r_idle_counter[23]_i_23/O
                         net (fo=1, routed)           0.420     7.041    u_fnd_controller/u_fnd_digit_select/r_idle_counter[23]_i_23_n_0
    SLICE_X60Y0          LUT5 (Prop_lut5_I4_O)        0.348     7.389 r  u_fnd_controller/u_fnd_digit_select/r_idle_counter[23]_i_19/O
                         net (fo=1, routed)           0.567     7.956    u_fnd_controller/u_fnd_digit_select/r_idle_counter[23]_i_19_n_0
    SLICE_X60Y3          LUT6 (Prop_lut6_I2_O)        0.124     8.080 r  u_fnd_controller/u_fnd_digit_select/r_idle_counter[23]_i_14/O
                         net (fo=1, routed)           0.314     8.394    u_fnd_controller/u_fnd_digit_select/r_idle_counter[23]_i_14_n_0
    SLICE_X60Y5          LUT6 (Prop_lut6_I0_O)        0.124     8.518 r  u_fnd_controller/u_fnd_digit_select/r_idle_counter[23]_i_9/O
                         net (fo=1, routed)           0.303     8.821    u_fnd_controller/u_fnd_digit_select/r_idle_counter[23]_i_9_n_0
    SLICE_X60Y6          LUT6 (Prop_lut6_I3_O)        0.124     8.945 r  u_fnd_controller/u_fnd_digit_select/r_idle_counter[23]_i_4/O
                         net (fo=62, routed)          1.052     9.998    u_coffee_machine/idle_state13_out
    SLICE_X62Y6          LUT5 (Prop_lut5_I4_O)        0.152    10.150 r  u_coffee_machine/r_idle_counter[23]_i_1/O
                         net (fo=24, routed)          0.953    11.103    u_fnd_controller/u_fnd_digit_select/E[0]
    SLICE_X64Y1          FDCE                                         r  u_fnd_controller/u_fnd_digit_select/r_idle_counter_reg[6]/CE
  -------------------------------------------------------------------    -------------------

                         (clock sys_clk_pin rise edge)
                                                     10.000    10.000 r  
    W5                                                0.000    10.000 r  clk (IN)
                         net (fo=0)                   0.000    10.000    clk
    W5                   IBUF (Prop_ibuf_I_O)         1.388    11.388 r  clk_IBUF_inst/O
                         net (fo=1, routed)           1.862    13.250    clk_IBUF
    BUFGCTRL_X0Y0        BUFG (Prop_bufg_I_O)         0.091    13.341 r  clk_IBUF_BUFG_inst/O
                         net (fo=161, routed)         1.520    14.861    u_fnd_controller/u_fnd_digit_select/CLK
    SLICE_X64Y1          FDCE                                         r  u_fnd_controller/u_fnd_digit_select/r_idle_counter_reg[6]/C
                         clock pessimism              0.260    15.121    
                         clock uncertainty           -0.035    15.086    
    SLICE_X64Y1          FDCE (Setup_fdce_C_CE)      -0.371    14.715    u_fnd_controller/u_fnd_digit_select/r_idle_counter_reg[6]
  -------------------------------------------------------------------
                         required time                         14.715    
                         arrival time                         -11.103    
  -------------------------------------------------------------------
                         slack                                  3.612    

Slack (MET) :             3.612ns  (required time - arrival time)
  Source:                 u_fnd_controller/u_fnd_digit_select/r_5s_counter_reg[6]/C
                            (rising edge-triggered cell FDCE clocked by sys_clk_pin  {rise@0.000ns fall@5.000ns period=10.000ns})
  Destination:            u_fnd_controller/u_fnd_digit_select/r_idle_counter_reg[7]/CE
                            (rising edge-triggered cell FDCE clocked by sys_clk_pin  {rise@0.000ns fall@5.000ns period=10.000ns})
  Path Group:             sys_clk_pin
  Path Type:              Setup (Max at Slow Process Corner)
  Requirement:            10.000ns  (sys_clk_pin rise@10.000ns - sys_clk_pin rise@0.000ns)
  Data Path Delay:        5.943ns  (logic 1.480ns (24.902%)  route 4.463ns (75.098%))
  Logic Levels:           6  (LUT4=1 LUT5=2 LUT6=3)
  Clock Path Skew:        -0.038ns (DCD - SCD + CPR)
    Destination Clock Delay (DCD):    4.861ns = ( 14.861 - 10.000 ) 
    Source Clock Delay      (SCD):    5.159ns
    Clock Pessimism Removal (CPR):    0.260ns
  Clock Uncertainty:      0.035ns  ((TSJ^2 + TIJ^2)^1/2 + DJ) / 2 + PE
    Total System Jitter     (TSJ):    0.071ns
    Total Input Jitter      (TIJ):    0.000ns
    Discrete Jitter          (DJ):    0.000ns
    Phase Error              (PE):    0.000ns

    Location             Delay type                Incr(ns)  Path(ns)    Netlist Resource(s)
  -------------------------------------------------------------------    -------------------
                         (clock sys_clk_pin rise edge)
                                                      0.000     0.000 r  
    W5                                                0.000     0.000 r  clk (IN)
                         net (fo=0)                   0.000     0.000    clk
    W5                   IBUF (Prop_ibuf_I_O)         1.458     1.458 r  clk_IBUF_inst/O
                         net (fo=1, routed)           1.967     3.425    clk_IBUF
    BUFGCTRL_X0Y0        BUFG (Prop_bufg_I_O)         0.096     3.521 r  clk_IBUF_BUFG_inst/O
                         net (fo=161, routed)         1.638     5.159    u_fnd_controller/u_fnd_digit_select/CLK
    SLICE_X61Y1          FDCE                                         r  u_fnd_controller/u_fnd_digit_select/r_5s_counter_reg[6]/C
  -------------------------------------------------------------------    -------------------
    SLICE_X61Y1          FDCE (Prop_fdce_C_Q)         0.456     5.615 f  u_fnd_controller/u_fnd_digit_select/r_5s_counter_reg[6]/Q
                         net (fo=3, routed)           0.853     6.469    u_fnd_controller/u_fnd_digit_select/r_5s_counter_reg[6]
    SLICE_X60Y1          LUT4 (Prop_lut4_I2_O)        0.152     6.621 r  u_fnd_controller/u_fnd_digit_select/r_idle_counter[23]_i_23/O
                         net (fo=1, routed)           0.420     7.041    u_fnd_controller/u_fnd_digit_select/r_idle_counter[23]_i_23_n_0
    SLICE_X60Y0          LUT5 (Prop_lut5_I4_O)        0.348     7.389 r  u_fnd_controller/u_fnd_digit_select/r_idle_counter[23]_i_19/O
                         net (fo=1, routed)           0.567     7.956    u_fnd_controller/u_fnd_digit_select/r_idle_counter[23]_i_19_n_0
    SLICE_X60Y3          LUT6 (Prop_lut6_I2_O)        0.124     8.080 r  u_fnd_controller/u_fnd_digit_select/r_idle_counter[23]_i_14/O
                         net (fo=1, routed)           0.314     8.394    u_fnd_controller/u_fnd_digit_select/r_idle_counter[23]_i_14_n_0
    SLICE_X60Y5          LUT6 (Prop_lut6_I0_O)        0.124     8.518 r  u_fnd_controller/u_fnd_digit_select/r_idle_counter[23]_i_9/O
                         net (fo=1, routed)           0.303     8.821    u_fnd_controller/u_fnd_digit_select/r_idle_counter[23]_i_9_n_0
    SLICE_X60Y6          LUT6 (Prop_lut6_I3_O)        0.124     8.945 r  u_fnd_controller/u_fnd_digit_select/r_idle_counter[23]_i_4/O
                         net (fo=62, routed)          1.052     9.998    u_coffee_machine/idle_state13_out
    SLICE_X62Y6          LUT5 (Prop_lut5_I4_O)        0.152    10.150 r  u_coffee_machine/r_idle_counter[23]_i_1/O
                         net (fo=24, routed)          0.953    11.103    u_fnd_controller/u_fnd_digit_select/E[0]
    SLICE_X64Y1          FDCE                                         r  u_fnd_controller/u_fnd_digit_select/r_idle_counter_reg[7]/CE
  -------------------------------------------------------------------    -------------------

                         (clock sys_clk_pin rise edge)
                                                     10.000    10.000 r  
    W5                                                0.000    10.000 r  clk (IN)
                         net (fo=0)                   0.000    10.000    clk
    W5                   IBUF (Prop_ibuf_I_O)         1.388    11.388 r  clk_IBUF_inst/O
                         net (fo=1, routed)           1.862    13.250    clk_IBUF
    BUFGCTRL_X0Y0        BUFG (Prop_bufg_I_O)         0.091    13.341 r  clk_IBUF_BUFG_inst/O
                         net (fo=161, routed)         1.520    14.861    u_fnd_controller/u_fnd_digit_select/CLK
    SLICE_X64Y1          FDCE                                         r  u_fnd_controller/u_fnd_digit_select/r_idle_counter_reg[7]/C
                         clock pessimism              0.260    15.121    
                         clock uncertainty           -0.035    15.086    
    SLICE_X64Y1          FDCE (Setup_fdce_C_CE)      -0.371    14.715    u_fnd_controller/u_fnd_digit_select/r_idle_counter_reg[7]
  -------------------------------------------------------------------
                         required time                         14.715    
                         arrival time                         -11.103    
  -------------------------------------------------------------------
                         slack                                  3.612    

Slack (MET) :             3.612ns  (required time - arrival time)
  Source:                 u_fnd_controller/u_fnd_digit_select/r_5s_counter_reg[6]/C
                            (rising edge-triggered cell FDCE clocked by sys_clk_pin  {rise@0.000ns fall@5.000ns period=10.000ns})
  Destination:            u_fnd_controller/u_fnd_digit_select/r_idle_counter_reg[8]/CE
                            (rising edge-triggered cell FDCE clocked by sys_clk_pin  {rise@0.000ns fall@5.000ns period=10.000ns})
  Path Group:             sys_clk_pin
  Path Type:              Setup (Max at Slow Process Corner)
  Requirement:            10.000ns  (sys_clk_pin rise@10.000ns - sys_clk_pin rise@0.000ns)
  Data Path Delay:        5.943ns  (logic 1.480ns (24.902%)  route 4.463ns (75.098%))
  Logic Levels:           6  (LUT4=1 LUT5=2 LUT6=3)
  Clock Path Skew:        -0.038ns (DCD - SCD + CPR)
    Destination Clock Delay (DCD):    4.861ns = ( 14.861 - 10.000 ) 
    Source Clock Delay      (SCD):    5.159ns
    Clock Pessimism Removal (CPR):    0.260ns
  Clock Uncertainty:      0.035ns  ((TSJ^2 + TIJ^2)^1/2 + DJ) / 2 + PE
    Total System Jitter     (TSJ):    0.071ns
    Total Input Jitter      (TIJ):    0.000ns
    Discrete Jitter          (DJ):    0.000ns
    Phase Error              (PE):    0.000ns

    Location             Delay type                Incr(ns)  Path(ns)    Netlist Resource(s)
  -------------------------------------------------------------------    -------------------
                         (clock sys_clk_pin rise edge)
                                                      0.000     0.000 r  
    W5                                                0.000     0.000 r  clk (IN)
                         net (fo=0)                   0.000     0.000    clk
    W5                   IBUF (Prop_ibuf_I_O)         1.458     1.458 r  clk_IBUF_inst/O
                         net (fo=1, routed)           1.967     3.425    clk_IBUF
    BUFGCTRL_X0Y0        BUFG (Prop_bufg_I_O)         0.096     3.521 r  clk_IBUF_BUFG_inst/O
                         net (fo=161, routed)         1.638     5.159    u_fnd_controller/u_fnd_digit_select/CLK
    SLICE_X61Y1          FDCE                                         r  u_fnd_controller/u_fnd_digit_select/r_5s_counter_reg[6]/C
  -------------------------------------------------------------------    -------------------
    SLICE_X61Y1          FDCE (Prop_fdce_C_Q)         0.456     5.615 f  u_fnd_controller/u_fnd_digit_select/r_5s_counter_reg[6]/Q
                         net (fo=3, routed)           0.853     6.469    u_fnd_controller/u_fnd_digit_select/r_5s_counter_reg[6]
    SLICE_X60Y1          LUT4 (Prop_lut4_I2_O)        0.152     6.621 r  u_fnd_controller/u_fnd_digit_select/r_idle_counter[23]_i_23/O
                         net (fo=1, routed)           0.420     7.041    u_fnd_controller/u_fnd_digit_select/r_idle_counter[23]_i_23_n_0
    SLICE_X60Y0          LUT5 (Prop_lut5_I4_O)        0.348     7.389 r  u_fnd_controller/u_fnd_digit_select/r_idle_counter[23]_i_19/O
                         net (fo=1, routed)           0.567     7.956    u_fnd_controller/u_fnd_digit_select/r_idle_counter[23]_i_19_n_0
    SLICE_X60Y3          LUT6 (Prop_lut6_I2_O)        0.124     8.080 r  u_fnd_controller/u_fnd_digit_select/r_idle_counter[23]_i_14/O
                         net (fo=1, routed)           0.314     8.394    u_fnd_controller/u_fnd_digit_select/r_idle_counter[23]_i_14_n_0
    SLICE_X60Y5          LUT6 (Prop_lut6_I0_O)        0.124     8.518 r  u_fnd_controller/u_fnd_digit_select/r_idle_counter[23]_i_9/O
                         net (fo=1, routed)           0.303     8.821    u_fnd_controller/u_fnd_digit_select/r_idle_counter[23]_i_9_n_0
    SLICE_X60Y6          LUT6 (Prop_lut6_I3_O)        0.124     8.945 r  u_fnd_controller/u_fnd_digit_select/r_idle_counter[23]_i_4/O
                         net (fo=62, routed)          1.052     9.998    u_coffee_machine/idle_state13_out
    SLICE_X62Y6          LUT5 (Prop_lut5_I4_O)        0.152    10.150 r  u_coffee_machine/r_idle_counter[23]_i_1/O
                         net (fo=24, routed)          0.953    11.103    u_fnd_controller/u_fnd_digit_select/E[0]
    SLICE_X64Y1          FDCE                                         r  u_fnd_controller/u_fnd_digit_select/r_idle_counter_reg[8]/CE
  -------------------------------------------------------------------    -------------------

                         (clock sys_clk_pin rise edge)
                                                     10.000    10.000 r  
    W5                                                0.000    10.000 r  clk (IN)
                         net (fo=0)                   0.000    10.000    clk
    W5                   IBUF (Prop_ibuf_I_O)         1.388    11.388 r  clk_IBUF_inst/O
                         net (fo=1, routed)           1.862    13.250    clk_IBUF
    BUFGCTRL_X0Y0        BUFG (Prop_bufg_I_O)         0.091    13.341 r  clk_IBUF_BUFG_inst/O
                         net (fo=161, routed)         1.520    14.861    u_fnd_controller/u_fnd_digit_select/CLK
    SLICE_X64Y1          FDCE                                         r  u_fnd_controller/u_fnd_digit_select/r_idle_counter_reg[8]/C
                         clock pessimism              0.260    15.121    
                         clock uncertainty           -0.035    15.086    
    SLICE_X64Y1          FDCE (Setup_fdce_C_CE)      -0.371    14.715    u_fnd_controller/u_fnd_digit_select/r_idle_counter_reg[8]
  -------------------------------------------------------------------
                         required time                         14.715    
                         arrival time                         -11.103    
  -------------------------------------------------------------------
                         slack                                  3.612    

Slack (MET) :             3.612ns  (required time - arrival time)
  Source:                 u_fnd_controller/u_fnd_digit_select/r_5s_counter_reg[6]/C
                            (rising edge-triggered cell FDCE clocked by sys_clk_pin  {rise@0.000ns fall@5.000ns period=10.000ns})
  Destination:            u_fnd_controller/u_fnd_digit_select/r_idle_counter_reg[9]/CE
                            (rising edge-triggered cell FDCE clocked by sys_clk_pin  {rise@0.000ns fall@5.000ns period=10.000ns})
  Path Group:             sys_clk_pin
  Path Type:              Setup (Max at Slow Process Corner)
  Requirement:            10.000ns  (sys_clk_pin rise@10.000ns - sys_clk_pin rise@0.000ns)
  Data Path Delay:        5.943ns  (logic 1.480ns (24.902%)  route 4.463ns (75.098%))
  Logic Levels:           6  (LUT4=1 LUT5=2 LUT6=3)
  Clock Path Skew:        -0.038ns (DCD - SCD + CPR)
    Destination Clock Delay (DCD):    4.861ns = ( 14.861 - 10.000 ) 
    Source Clock Delay      (SCD):    5.159ns
    Clock Pessimism Removal (CPR):    0.260ns
  Clock Uncertainty:      0.035ns  ((TSJ^2 + TIJ^2)^1/2 + DJ) / 2 + PE
    Total System Jitter     (TSJ):    0.071ns
    Total Input Jitter      (TIJ):    0.000ns
    Discrete Jitter          (DJ):    0.000ns
    Phase Error              (PE):    0.000ns

    Location             Delay type                Incr(ns)  Path(ns)    Netlist Resource(s)
  -------------------------------------------------------------------    -------------------
                         (clock sys_clk_pin rise edge)
                                                      0.000     0.000 r  
    W5                                                0.000     0.000 r  clk (IN)
                         net (fo=0)                   0.000     0.000    clk
    W5                   IBUF (Prop_ibuf_I_O)         1.458     1.458 r  clk_IBUF_inst/O
                         net (fo=1, routed)           1.967     3.425    clk_IBUF
    BUFGCTRL_X0Y0        BUFG (Prop_bufg_I_O)         0.096     3.521 r  clk_IBUF_BUFG_inst/O
                         net (fo=161, routed)         1.638     5.159    u_fnd_controller/u_fnd_digit_select/CLK
    SLICE_X61Y1          FDCE                                         r  u_fnd_controller/u_fnd_digit_select/r_5s_counter_reg[6]/C
  -------------------------------------------------------------------    -------------------
    SLICE_X61Y1          FDCE (Prop_fdce_C_Q)         0.456     5.615 f  u_fnd_controller/u_fnd_digit_select/r_5s_counter_reg[6]/Q
                         net (fo=3, routed)           0.853     6.469    u_fnd_controller/u_fnd_digit_select/r_5s_counter_reg[6]
    SLICE_X60Y1          LUT4 (Prop_lut4_I2_O)        0.152     6.621 r  u_fnd_controller/u_fnd_digit_select/r_idle_counter[23]_i_23/O
                         net (fo=1, routed)           0.420     7.041    u_fnd_controller/u_fnd_digit_select/r_idle_counter[23]_i_23_n_0
    SLICE_X60Y0          LUT5 (Prop_lut5_I4_O)        0.348     7.389 r  u_fnd_controller/u_fnd_digit_select/r_idle_counter[23]_i_19/O
                         net (fo=1, routed)           0.567     7.956    u_fnd_controller/u_fnd_digit_select/r_idle_counter[23]_i_19_n_0
    SLICE_X60Y3          LUT6 (Prop_lut6_I2_O)        0.124     8.080 r  u_fnd_controller/u_fnd_digit_select/r_idle_counter[23]_i_14/O
                         net (fo=1, routed)           0.314     8.394    u_fnd_controller/u_fnd_digit_select/r_idle_counter[23]_i_14_n_0
    SLICE_X60Y5          LUT6 (Prop_lut6_I0_O)        0.124     8.518 r  u_fnd_controller/u_fnd_digit_select/r_idle_counter[23]_i_9/O
                         net (fo=1, routed)           0.303     8.821    u_fnd_controller/u_fnd_digit_select/r_idle_counter[23]_i_9_n_0
    SLICE_X60Y6          LUT6 (Prop_lut6_I3_O)        0.124     8.945 r  u_fnd_controller/u_fnd_digit_select/r_idle_counter[23]_i_4/O
                         net (fo=62, routed)          1.052     9.998    u_coffee_machine/idle_state13_out
    SLICE_X62Y6          LUT5 (Prop_lut5_I4_O)        0.152    10.150 r  u_coffee_machine/r_idle_counter[23]_i_1/O
                         net (fo=24, routed)          0.953    11.103    u_fnd_controller/u_fnd_digit_select/E[0]
    SLICE_X64Y1          FDCE                                         r  u_fnd_controller/u_fnd_digit_select/r_idle_counter_reg[9]/CE
  -------------------------------------------------------------------    -------------------

                         (clock sys_clk_pin rise edge)
                                                     10.000    10.000 r  
    W5                                                0.000    10.000 r  clk (IN)
                         net (fo=0)                   0.000    10.000    clk
    W5                   IBUF (Prop_ibuf_I_O)         1.388    11.388 r  clk_IBUF_inst/O
                         net (fo=1, routed)           1.862    13.250    clk_IBUF
    BUFGCTRL_X0Y0        BUFG (Prop_bufg_I_O)         0.091    13.341 r  clk_IBUF_BUFG_inst/O
                         net (fo=161, routed)         1.520    14.861    u_fnd_controller/u_fnd_digit_select/CLK
    SLICE_X64Y1          FDCE                                         r  u_fnd_controller/u_fnd_digit_select/r_idle_counter_reg[9]/C
                         clock pessimism              0.260    15.121    
                         clock uncertainty           -0.035    15.086    
    SLICE_X64Y1          FDCE (Setup_fdce_C_CE)      -0.371    14.715    u_fnd_controller/u_fnd_digit_select/r_idle_counter_reg[9]
  -------------------------------------------------------------------
                         required time                         14.715    
                         arrival time                         -11.103    
  -------------------------------------------------------------------
                         slack                                  3.612    

Slack (MET) :             3.752ns  (required time - arrival time)
  Source:                 u_fnd_controller/u_fnd_digit_select/r_5s_counter_reg[6]/C
                            (rising edge-triggered cell FDCE clocked by sys_clk_pin  {rise@0.000ns fall@5.000ns period=10.000ns})
  Destination:            u_fnd_controller/u_fnd_digit_select/r_idle_counter_reg[10]/CE
                            (rising edge-triggered cell FDCE clocked by sys_clk_pin  {rise@0.000ns fall@5.000ns period=10.000ns})
  Path Group:             sys_clk_pin
  Path Type:              Setup (Max at Slow Process Corner)
  Requirement:            10.000ns  (sys_clk_pin rise@10.000ns - sys_clk_pin rise@0.000ns)
  Data Path Delay:        5.803ns  (logic 1.480ns (25.502%)  route 4.323ns (74.498%))
  Logic Levels:           6  (LUT4=1 LUT5=2 LUT6=3)
  Clock Path Skew:        -0.038ns (DCD - SCD + CPR)
    Destination Clock Delay (DCD):    4.861ns = ( 14.861 - 10.000 ) 
    Source Clock Delay      (SCD):    5.159ns
    Clock Pessimism Removal (CPR):    0.260ns
  Clock Uncertainty:      0.035ns  ((TSJ^2 + TIJ^2)^1/2 + DJ) / 2 + PE
    Total System Jitter     (TSJ):    0.071ns
    Total Input Jitter      (TIJ):    0.000ns
    Discrete Jitter          (DJ):    0.000ns
    Phase Error              (PE):    0.000ns

    Location             Delay type                Incr(ns)  Path(ns)    Netlist Resource(s)
  -------------------------------------------------------------------    -------------------
                         (clock sys_clk_pin rise edge)
                                                      0.000     0.000 r  
    W5                                                0.000     0.000 r  clk (IN)
                         net (fo=0)                   0.000     0.000    clk
    W5                   IBUF (Prop_ibuf_I_O)         1.458     1.458 r  clk_IBUF_inst/O
                         net (fo=1, routed)           1.967     3.425    clk_IBUF
    BUFGCTRL_X0Y0        BUFG (Prop_bufg_I_O)         0.096     3.521 r  clk_IBUF_BUFG_inst/O
                         net (fo=161, routed)         1.638     5.159    u_fnd_controller/u_fnd_digit_select/CLK
    SLICE_X61Y1          FDCE                                         r  u_fnd_controller/u_fnd_digit_select/r_5s_counter_reg[6]/C
  -------------------------------------------------------------------    -------------------
    SLICE_X61Y1          FDCE (Prop_fdce_C_Q)         0.456     5.615 f  u_fnd_controller/u_fnd_digit_select/r_5s_counter_reg[6]/Q
                         net (fo=3, routed)           0.853     6.469    u_fnd_controller/u_fnd_digit_select/r_5s_counter_reg[6]
    SLICE_X60Y1          LUT4 (Prop_lut4_I2_O)        0.152     6.621 r  u_fnd_controller/u_fnd_digit_select/r_idle_counter[23]_i_23/O
                         net (fo=1, routed)           0.420     7.041    u_fnd_controller/u_fnd_digit_select/r_idle_counter[23]_i_23_n_0
    SLICE_X60Y0          LUT5 (Prop_lut5_I4_O)        0.348     7.389 r  u_fnd_controller/u_fnd_digit_select/r_idle_counter[23]_i_19/O
                         net (fo=1, routed)           0.567     7.956    u_fnd_controller/u_fnd_digit_select/r_idle_counter[23]_i_19_n_0
    SLICE_X60Y3          LUT6 (Prop_lut6_I2_O)        0.124     8.080 r  u_fnd_controller/u_fnd_digit_select/r_idle_counter[23]_i_14/O
                         net (fo=1, routed)           0.314     8.394    u_fnd_controller/u_fnd_digit_select/r_idle_counter[23]_i_14_n_0
    SLICE_X60Y5          LUT6 (Prop_lut6_I0_O)        0.124     8.518 r  u_fnd_controller/u_fnd_digit_select/r_idle_counter[23]_i_9/O
                         net (fo=1, routed)           0.303     8.821    u_fnd_controller/u_fnd_digit_select/r_idle_counter[23]_i_9_n_0
    SLICE_X60Y6          LUT6 (Prop_lut6_I3_O)        0.124     8.945 r  u_fnd_controller/u_fnd_digit_select/r_idle_counter[23]_i_4/O
                         net (fo=62, routed)          1.052     9.998    u_coffee_machine/idle_state13_out
    SLICE_X62Y6          LUT5 (Prop_lut5_I4_O)        0.152    10.150 r  u_coffee_machine/r_idle_counter[23]_i_1/O
                         net (fo=24, routed)          0.813    10.963    u_fnd_controller/u_fnd_digit_select/E[0]
    SLICE_X64Y2          FDCE                                         r  u_fnd_controller/u_fnd_digit_select/r_idle_counter_reg[10]/CE
  -------------------------------------------------------------------    -------------------

                         (clock sys_clk_pin rise edge)
                                                     10.000    10.000 r  
    W5                                                0.000    10.000 r  clk (IN)
                         net (fo=0)                   0.000    10.000    clk
    W5                   IBUF (Prop_ibuf_I_O)         1.388    11.388 r  clk_IBUF_inst/O
                         net (fo=1, routed)           1.862    13.250    clk_IBUF
    BUFGCTRL_X0Y0        BUFG (Prop_bufg_I_O)         0.091    13.341 r  clk_IBUF_BUFG_inst/O
                         net (fo=161, routed)         1.520    14.861    u_fnd_controller/u_fnd_digit_select/CLK
    SLICE_X64Y2          FDCE                                         r  u_fnd_controller/u_fnd_digit_select/r_idle_counter_reg[10]/C
                         clock pessimism              0.260    15.121    
                         clock uncertainty           -0.035    15.086    
    SLICE_X64Y2          FDCE (Setup_fdce_C_CE)      -0.371    14.715    u_fnd_controller/u_fnd_digit_select/r_idle_counter_reg[10]
  -------------------------------------------------------------------
                         required time                         14.715    
                         arrival time                         -10.963    
  -------------------------------------------------------------------
                         slack                                  3.752    

Slack (MET) :             3.752ns  (required time - arrival time)
  Source:                 u_fnd_controller/u_fnd_digit_select/r_5s_counter_reg[6]/C
                            (rising edge-triggered cell FDCE clocked by sys_clk_pin  {rise@0.000ns fall@5.000ns period=10.000ns})
  Destination:            u_fnd_controller/u_fnd_digit_select/r_idle_counter_reg[11]/CE
                            (rising edge-triggered cell FDCE clocked by sys_clk_pin  {rise@0.000ns fall@5.000ns period=10.000ns})
  Path Group:             sys_clk_pin
  Path Type:              Setup (Max at Slow Process Corner)
  Requirement:            10.000ns  (sys_clk_pin rise@10.000ns - sys_clk_pin rise@0.000ns)
  Data Path Delay:        5.803ns  (logic 1.480ns (25.502%)  route 4.323ns (74.498%))
  Logic Levels:           6  (LUT4=1 LUT5=2 LUT6=3)
  Clock Path Skew:        -0.038ns (DCD - SCD + CPR)
    Destination Clock Delay (DCD):    4.861ns = ( 14.861 - 10.000 ) 
    Source Clock Delay      (SCD):    5.159ns
    Clock Pessimism Removal (CPR):    0.260ns
  Clock Uncertainty:      0.035ns  ((TSJ^2 + TIJ^2)^1/2 + DJ) / 2 + PE
    Total System Jitter     (TSJ):    0.071ns
    Total Input Jitter      (TIJ):    0.000ns
    Discrete Jitter          (DJ):    0.000ns
    Phase Error              (PE):    0.000ns

    Location             Delay type                Incr(ns)  Path(ns)    Netlist Resource(s)
  -------------------------------------------------------------------    -------------------
                         (clock sys_clk_pin rise edge)
                                                      0.000     0.000 r  
    W5                                                0.000     0.000 r  clk (IN)
                         net (fo=0)                   0.000     0.000    clk
    W5                   IBUF (Prop_ibuf_I_O)         1.458     1.458 r  clk_IBUF_inst/O
                         net (fo=1, routed)           1.967     3.425    clk_IBUF
    BUFGCTRL_X0Y0        BUFG (Prop_bufg_I_O)         0.096     3.521 r  clk_IBUF_BUFG_inst/O
                         net (fo=161, routed)         1.638     5.159    u_fnd_controller/u_fnd_digit_select/CLK
    SLICE_X61Y1          FDCE                                         r  u_fnd_controller/u_fnd_digit_select/r_5s_counter_reg[6]/C
  -------------------------------------------------------------------    -------------------
    SLICE_X61Y1          FDCE (Prop_fdce_C_Q)         0.456     5.615 f  u_fnd_controller/u_fnd_digit_select/r_5s_counter_reg[6]/Q
                         net (fo=3, routed)           0.853     6.469    u_fnd_controller/u_fnd_digit_select/r_5s_counter_reg[6]
    SLICE_X60Y1          LUT4 (Prop_lut4_I2_O)        0.152     6.621 r  u_fnd_controller/u_fnd_digit_select/r_idle_counter[23]_i_23/O
                         net (fo=1, routed)           0.420     7.041    u_fnd_controller/u_fnd_digit_select/r_idle_counter[23]_i_23_n_0
    SLICE_X60Y0          LUT5 (Prop_lut5_I4_O)        0.348     7.389 r  u_fnd_controller/u_fnd_digit_select/r_idle_counter[23]_i_19/O
                         net (fo=1, routed)           0.567     7.956    u_fnd_controller/u_fnd_digit_select/r_idle_counter[23]_i_19_n_0
    SLICE_X60Y3          LUT6 (Prop_lut6_I2_O)        0.124     8.080 r  u_fnd_controller/u_fnd_digit_select/r_idle_counter[23]_i_14/O
                         net (fo=1, routed)           0.314     8.394    u_fnd_controller/u_fnd_digit_select/r_idle_counter[23]_i_14_n_0
    SLICE_X60Y5          LUT6 (Prop_lut6_I0_O)        0.124     8.518 r  u_fnd_controller/u_fnd_digit_select/r_idle_counter[23]_i_9/O
                         net (fo=1, routed)           0.303     8.821    u_fnd_controller/u_fnd_digit_select/r_idle_counter[23]_i_9_n_0
    SLICE_X60Y6          LUT6 (Prop_lut6_I3_O)        0.124     8.945 r  u_fnd_controller/u_fnd_digit_select/r_idle_counter[23]_i_4/O
                         net (fo=62, routed)          1.052     9.998    u_coffee_machine/idle_state13_out
    SLICE_X62Y6          LUT5 (Prop_lut5_I4_O)        0.152    10.150 r  u_coffee_machine/r_idle_counter[23]_i_1/O
                         net (fo=24, routed)          0.813    10.963    u_fnd_controller/u_fnd_digit_select/E[0]
    SLICE_X64Y2          FDCE                                         r  u_fnd_controller/u_fnd_digit_select/r_idle_counter_reg[11]/CE
  -------------------------------------------------------------------    -------------------

                         (clock sys_clk_pin rise edge)
                                                     10.000    10.000 r  
    W5                                                0.000    10.000 r  clk (IN)
                         net (fo=0)                   0.000    10.000    clk
    W5                   IBUF (Prop_ibuf_I_O)         1.388    11.388 r  clk_IBUF_inst/O
                         net (fo=1, routed)           1.862    13.250    clk_IBUF
    BUFGCTRL_X0Y0        BUFG (Prop_bufg_I_O)         0.091    13.341 r  clk_IBUF_BUFG_inst/O
                         net (fo=161, routed)         1.520    14.861    u_fnd_controller/u_fnd_digit_select/CLK
    SLICE_X64Y2          FDCE                                         r  u_fnd_controller/u_fnd_digit_select/r_idle_counter_reg[11]/C
                         clock pessimism              0.260    15.121    
                         clock uncertainty           -0.035    15.086    
    SLICE_X64Y2          FDCE (Setup_fdce_C_CE)      -0.371    14.715    u_fnd_controller/u_fnd_digit_select/r_idle_counter_reg[11]
  -------------------------------------------------------------------
                         required time                         14.715    
                         arrival time                         -10.963    
  -------------------------------------------------------------------
                         slack                                  3.752    

Slack (MET) :             3.752ns  (required time - arrival time)
  Source:                 u_fnd_controller/u_fnd_digit_select/r_5s_counter_reg[6]/C
                            (rising edge-triggered cell FDCE clocked by sys_clk_pin  {rise@0.000ns fall@5.000ns period=10.000ns})
  Destination:            u_fnd_controller/u_fnd_digit_select/r_idle_counter_reg[12]/CE
                            (rising edge-triggered cell FDCE clocked by sys_clk_pin  {rise@0.000ns fall@5.000ns period=10.000ns})
  Path Group:             sys_clk_pin
  Path Type:              Setup (Max at Slow Process Corner)
  Requirement:            10.000ns  (sys_clk_pin rise@10.000ns - sys_clk_pin rise@0.000ns)
  Data Path Delay:        5.803ns  (logic 1.480ns (25.502%)  route 4.323ns (74.498%))
  Logic Levels:           6  (LUT4=1 LUT5=2 LUT6=3)
  Clock Path Skew:        -0.038ns (DCD - SCD + CPR)
    Destination Clock Delay (DCD):    4.861ns = ( 14.861 - 10.000 ) 
    Source Clock Delay      (SCD):    5.159ns
    Clock Pessimism Removal (CPR):    0.260ns
  Clock Uncertainty:      0.035ns  ((TSJ^2 + TIJ^2)^1/2 + DJ) / 2 + PE
    Total System Jitter     (TSJ):    0.071ns
    Total Input Jitter      (TIJ):    0.000ns
    Discrete Jitter          (DJ):    0.000ns
    Phase Error              (PE):    0.000ns

    Location             Delay type                Incr(ns)  Path(ns)    Netlist Resource(s)
  -------------------------------------------------------------------    -------------------
                         (clock sys_clk_pin rise edge)
                                                      0.000     0.000 r  
    W5                                                0.000     0.000 r  clk (IN)
                         net (fo=0)                   0.000     0.000    clk
    W5                   IBUF (Prop_ibuf_I_O)         1.458     1.458 r  clk_IBUF_inst/O
                         net (fo=1, routed)           1.967     3.425    clk_IBUF
    BUFGCTRL_X0Y0        BUFG (Prop_bufg_I_O)         0.096     3.521 r  clk_IBUF_BUFG_inst/O
                         net (fo=161, routed)         1.638     5.159    u_fnd_controller/u_fnd_digit_select/CLK
    SLICE_X61Y1          FDCE                                         r  u_fnd_controller/u_fnd_digit_select/r_5s_counter_reg[6]/C
  -------------------------------------------------------------------    -------------------
    SLICE_X61Y1          FDCE (Prop_fdce_C_Q)         0.456     5.615 f  u_fnd_controller/u_fnd_digit_select/r_5s_counter_reg[6]/Q
                         net (fo=3, routed)           0.853     6.469    u_fnd_controller/u_fnd_digit_select/r_5s_counter_reg[6]
    SLICE_X60Y1          LUT4 (Prop_lut4_I2_O)        0.152     6.621 r  u_fnd_controller/u_fnd_digit_select/r_idle_counter[23]_i_23/O
                         net (fo=1, routed)           0.420     7.041    u_fnd_controller/u_fnd_digit_select/r_idle_counter[23]_i_23_n_0
    SLICE_X60Y0          LUT5 (Prop_lut5_I4_O)        0.348     7.389 r  u_fnd_controller/u_fnd_digit_select/r_idle_counter[23]_i_19/O
                         net (fo=1, routed)           0.567     7.956    u_fnd_controller/u_fnd_digit_select/r_idle_counter[23]_i_19_n_0
    SLICE_X60Y3          LUT6 (Prop_lut6_I2_O)        0.124     8.080 r  u_fnd_controller/u_fnd_digit_select/r_idle_counter[23]_i_14/O
                         net (fo=1, routed)           0.314     8.394    u_fnd_controller/u_fnd_digit_select/r_idle_counter[23]_i_14_n_0
    SLICE_X60Y5          LUT6 (Prop_lut6_I0_O)        0.124     8.518 r  u_fnd_controller/u_fnd_digit_select/r_idle_counter[23]_i_9/O
                         net (fo=1, routed)           0.303     8.821    u_fnd_controller/u_fnd_digit_select/r_idle_counter[23]_i_9_n_0
    SLICE_X60Y6          LUT6 (Prop_lut6_I3_O)        0.124     8.945 r  u_fnd_controller/u_fnd_digit_select/r_idle_counter[23]_i_4/O
                         net (fo=62, routed)          1.052     9.998    u_coffee_machine/idle_state13_out
    SLICE_X62Y6          LUT5 (Prop_lut5_I4_O)        0.152    10.150 r  u_coffee_machine/r_idle_counter[23]_i_1/O
                         net (fo=24, routed)          0.813    10.963    u_fnd_controller/u_fnd_digit_select/E[0]
    SLICE_X64Y2          FDCE                                         r  u_fnd_controller/u_fnd_digit_select/r_idle_counter_reg[12]/CE
  -------------------------------------------------------------------    -------------------

                         (clock sys_clk_pin rise edge)
                                                     10.000    10.000 r  
    W5                                                0.000    10.000 r  clk (IN)
                         net (fo=0)                   0.000    10.000    clk
    W5                   IBUF (Prop_ibuf_I_O)         1.388    11.388 r  clk_IBUF_inst/O
                         net (fo=1, routed)           1.862    13.250    clk_IBUF
    BUFGCTRL_X0Y0        BUFG (Prop_bufg_I_O)         0.091    13.341 r  clk_IBUF_BUFG_inst/O
                         net (fo=161, routed)         1.520    14.861    u_fnd_controller/u_fnd_digit_select/CLK
    SLICE_X64Y2          FDCE                                         r  u_fnd_controller/u_fnd_digit_select/r_idle_counter_reg[12]/C
                         clock pessimism              0.260    15.121    
                         clock uncertainty           -0.035    15.086    
    SLICE_X64Y2          FDCE (Setup_fdce_C_CE)      -0.371    14.715    u_fnd_controller/u_fnd_digit_select/r_idle_counter_reg[12]
  -------------------------------------------------------------------
                         required time                         14.715    
                         arrival time                         -10.963    
  -------------------------------------------------------------------
                         slack                                  3.752    





Min Delay Paths
--------------------------------------------------------------------------------------
Slack (MET) :             0.180ns  (arrival time - required time)
  Source:                 u_debouncer2/r_clean_btn_reg/C
                            (rising edge-triggered cell FDCE clocked by sys_clk_pin  {rise@0.000ns fall@5.000ns period=10.000ns})
  Destination:            u_debouncer2/r_counter_reg[13]/D
                            (rising edge-triggered cell FDCE clocked by sys_clk_pin  {rise@0.000ns fall@5.000ns period=10.000ns})
  Path Group:             sys_clk_pin
  Path Type:              Hold (Min at Fast Process Corner)
  Requirement:            0.000ns  (sys_clk_pin rise@0.000ns - sys_clk_pin rise@0.000ns)
  Data Path Delay:        0.324ns  (logic 0.189ns (58.392%)  route 0.135ns (41.608%))
  Logic Levels:           1  (LUT4=1)
  Clock Path Skew:        0.013ns (DCD - SCD - CPR)
    Destination Clock Delay (DCD):    1.964ns
    Source Clock Delay      (SCD):    1.449ns
    Clock Pessimism Removal (CPR):    0.502ns

    Location             Delay type                Incr(ns)  Path(ns)    Netlist Resource(s)
  -------------------------------------------------------------------    -------------------
                         (clock sys_clk_pin rise edge)
                                                      0.000     0.000 r  
    W5                                                0.000     0.000 r  clk (IN)
                         net (fo=0)                   0.000     0.000    clk
    W5                   IBUF (Prop_ibuf_I_O)         0.226     0.226 r  clk_IBUF_inst/O
                         net (fo=1, routed)           0.631     0.858    clk_IBUF
    BUFGCTRL_X0Y0        BUFG (Prop_bufg_I_O)         0.026     0.884 r  clk_IBUF_BUFG_inst/O
                         net (fo=161, routed)         0.566     1.449    u_debouncer2/CLK
    SLICE_X51Y3          FDCE                                         r  u_debouncer2/r_clean_btn_reg/C
  -------------------------------------------------------------------    -------------------
    SLICE_X51Y3          FDCE (Prop_fdce_C_Q)         0.141     1.590 r  u_debouncer2/r_clean_btn_reg/Q
                         net (fo=25, routed)          0.135     1.725    u_debouncer2/w_clean_btn[0]
    SLICE_X50Y3          LUT4 (Prop_lut4_I1_O)        0.048     1.773 r  u_debouncer2/r_counter[13]_i_1__0/O
                         net (fo=1, routed)           0.000     1.773    u_debouncer2/p_0_in[13]
    SLICE_X50Y3          FDCE                                         r  u_debouncer2/r_counter_reg[13]/D
  -------------------------------------------------------------------    -------------------

                         (clock sys_clk_pin rise edge)
                                                      0.000     0.000 r  
    W5                                                0.000     0.000 r  clk (IN)
                         net (fo=0)                   0.000     0.000    clk
    W5                   IBUF (Prop_ibuf_I_O)         0.414     0.414 r  clk_IBUF_inst/O
                         net (fo=1, routed)           0.685     1.099    clk_IBUF
    BUFGCTRL_X0Y0        BUFG (Prop_bufg_I_O)         0.029     1.128 r  clk_IBUF_BUFG_inst/O
                         net (fo=161, routed)         0.837     1.964    u_debouncer2/CLK
    SLICE_X50Y3          FDCE                                         r  u_debouncer2/r_counter_reg[13]/C
                         clock pessimism             -0.502     1.462    
    SLICE_X50Y3          FDCE (Hold_fdce_C_D)         0.131     1.593    u_debouncer2/r_counter_reg[13]
  -------------------------------------------------------------------
                         required time                         -1.593    
                         arrival time                           1.773    
  -------------------------------------------------------------------
                         slack                                  0.180    

Slack (MET) :             0.184ns  (arrival time - required time)
  Source:                 u_debouncer2/r_clean_btn_reg/C
                            (rising edge-triggered cell FDCE clocked by sys_clk_pin  {rise@0.000ns fall@5.000ns period=10.000ns})
  Destination:            u_debouncer2/r_counter_reg[9]/D
                            (rising edge-triggered cell FDCE clocked by sys_clk_pin  {rise@0.000ns fall@5.000ns period=10.000ns})
  Path Group:             sys_clk_pin
  Path Type:              Hold (Min at Fast Process Corner)
  Requirement:            0.000ns  (sys_clk_pin rise@0.000ns - sys_clk_pin rise@0.000ns)
  Data Path Delay:        0.328ns  (logic 0.189ns (57.679%)  route 0.139ns (42.321%))
  Logic Levels:           1  (LUT4=1)
  Clock Path Skew:        0.013ns (DCD - SCD - CPR)
    Destination Clock Delay (DCD):    1.964ns
    Source Clock Delay      (SCD):    1.449ns
    Clock Pessimism Removal (CPR):    0.502ns

    Location             Delay type                Incr(ns)  Path(ns)    Netlist Resource(s)
  -------------------------------------------------------------------    -------------------
                         (clock sys_clk_pin rise edge)
                                                      0.000     0.000 r  
    W5                                                0.000     0.000 r  clk (IN)
                         net (fo=0)                   0.000     0.000    clk
    W5                   IBUF (Prop_ibuf_I_O)         0.226     0.226 r  clk_IBUF_inst/O
                         net (fo=1, routed)           0.631     0.858    clk_IBUF
    BUFGCTRL_X0Y0        BUFG (Prop_bufg_I_O)         0.026     0.884 r  clk_IBUF_BUFG_inst/O
                         net (fo=161, routed)         0.566     1.449    u_debouncer2/CLK
    SLICE_X51Y3          FDCE                                         r  u_debouncer2/r_clean_btn_reg/C
  -------------------------------------------------------------------    -------------------
    SLICE_X51Y3          FDCE (Prop_fdce_C_Q)         0.141     1.590 r  u_debouncer2/r_clean_btn_reg/Q
                         net (fo=25, routed)          0.139     1.729    u_debouncer2/w_clean_btn[0]
    SLICE_X50Y3          LUT4 (Prop_lut4_I1_O)        0.048     1.777 r  u_debouncer2/r_counter[9]_i_1__0/O
                         net (fo=1, routed)           0.000     1.777    u_debouncer2/p_0_in[9]
    SLICE_X50Y3          FDCE                                         r  u_debouncer2/r_counter_reg[9]/D
  -------------------------------------------------------------------    -------------------

                         (clock sys_clk_pin rise edge)
                                                      0.000     0.000 r  
    W5                                                0.000     0.000 r  clk (IN)
                         net (fo=0)                   0.000     0.000    clk
    W5                   IBUF (Prop_ibuf_I_O)         0.414     0.414 r  clk_IBUF_inst/O
                         net (fo=1, routed)           0.685     1.099    clk_IBUF
    BUFGCTRL_X0Y0        BUFG (Prop_bufg_I_O)         0.029     1.128 r  clk_IBUF_BUFG_inst/O
                         net (fo=161, routed)         0.837     1.964    u_debouncer2/CLK
    SLICE_X50Y3          FDCE                                         r  u_debouncer2/r_counter_reg[9]/C
                         clock pessimism             -0.502     1.462    
    SLICE_X50Y3          FDCE (Hold_fdce_C_D)         0.131     1.593    u_debouncer2/r_counter_reg[9]
  -------------------------------------------------------------------
                         required time                         -1.593    
                         arrival time                           1.777    
  -------------------------------------------------------------------
                         slack                                  0.184    

Slack (MET) :             0.188ns  (arrival time - required time)
  Source:                 u_debouncer2/r_clean_btn_reg/C
                            (rising edge-triggered cell FDCE clocked by sys_clk_pin  {rise@0.000ns fall@5.000ns period=10.000ns})
  Destination:            u_debouncer2/r_counter_reg[10]/D
                            (rising edge-triggered cell FDCE clocked by sys_clk_pin  {rise@0.000ns fall@5.000ns period=10.000ns})
  Path Group:             sys_clk_pin
  Path Type:              Hold (Min at Fast Process Corner)
  Requirement:            0.000ns  (sys_clk_pin rise@0.000ns - sys_clk_pin rise@0.000ns)
  Data Path Delay:        0.321ns  (logic 0.186ns (58.003%)  route 0.135ns (41.997%))
  Logic Levels:           1  (LUT4=1)
  Clock Path Skew:        0.013ns (DCD - SCD - CPR)
    Destination Clock Delay (DCD):    1.964ns
    Source Clock Delay      (SCD):    1.449ns
    Clock Pessimism Removal (CPR):    0.502ns

    Location             Delay type                Incr(ns)  Path(ns)    Netlist Resource(s)
  -------------------------------------------------------------------    -------------------
                         (clock sys_clk_pin rise edge)
                                                      0.000     0.000 r  
    W5                                                0.000     0.000 r  clk (IN)
                         net (fo=0)                   0.000     0.000    clk
    W5                   IBUF (Prop_ibuf_I_O)         0.226     0.226 r  clk_IBUF_inst/O
                         net (fo=1, routed)           0.631     0.858    clk_IBUF
    BUFGCTRL_X0Y0        BUFG (Prop_bufg_I_O)         0.026     0.884 r  clk_IBUF_BUFG_inst/O
                         net (fo=161, routed)         0.566     1.449    u_debouncer2/CLK
    SLICE_X51Y3          FDCE                                         r  u_debouncer2/r_clean_btn_reg/C
  -------------------------------------------------------------------    -------------------
    SLICE_X51Y3          FDCE (Prop_fdce_C_Q)         0.141     1.590 r  u_debouncer2/r_clean_btn_reg/Q
                         net (fo=25, routed)          0.135     1.725    u_debouncer2/w_clean_btn[0]
    SLICE_X50Y3          LUT4 (Prop_lut4_I1_O)        0.045     1.770 r  u_debouncer2/r_counter[10]_i_1__0/O
                         net (fo=1, routed)           0.000     1.770    u_debouncer2/p_0_in[10]
    SLICE_X50Y3          FDCE                                         r  u_debouncer2/r_counter_reg[10]/D
  -------------------------------------------------------------------    -------------------

                         (clock sys_clk_pin rise edge)
                                                      0.000     0.000 r  
    W5                                                0.000     0.000 r  clk (IN)
                         net (fo=0)                   0.000     0.000    clk
    W5                   IBUF (Prop_ibuf_I_O)         0.414     0.414 r  clk_IBUF_inst/O
                         net (fo=1, routed)           0.685     1.099    clk_IBUF
    BUFGCTRL_X0Y0        BUFG (Prop_bufg_I_O)         0.029     1.128 r  clk_IBUF_BUFG_inst/O
                         net (fo=161, routed)         0.837     1.964    u_debouncer2/CLK
    SLICE_X50Y3          FDCE                                         r  u_debouncer2/r_counter_reg[10]/C
                         clock pessimism             -0.502     1.462    
    SLICE_X50Y3          FDCE (Hold_fdce_C_D)         0.120     1.582    u_debouncer2/r_counter_reg[10]
  -------------------------------------------------------------------
                         required time                         -1.582    
                         arrival time                           1.770    
  -------------------------------------------------------------------
                         slack                                  0.188    

Slack (MET) :             0.191ns  (arrival time - required time)
  Source:                 u_debouncer2/r_clean_btn_reg/C
                            (rising edge-triggered cell FDCE clocked by sys_clk_pin  {rise@0.000ns fall@5.000ns period=10.000ns})
  Destination:            u_debouncer2/r_counter_reg[6]/D
                            (rising edge-triggered cell FDCE clocked by sys_clk_pin  {rise@0.000ns fall@5.000ns period=10.000ns})
  Path Group:             sys_clk_pin
  Path Type:              Hold (Min at Fast Process Corner)
  Requirement:            0.000ns  (sys_clk_pin rise@0.000ns - sys_clk_pin rise@0.000ns)
  Data Path Delay:        0.325ns  (logic 0.186ns (57.288%)  route 0.139ns (42.712%))
  Logic Levels:           1  (LUT4=1)
  Clock Path Skew:        0.013ns (DCD - SCD - CPR)
    Destination Clock Delay (DCD):    1.964ns
    Source Clock Delay      (SCD):    1.449ns
    Clock Pessimism Removal (CPR):    0.502ns

    Location             Delay type                Incr(ns)  Path(ns)    Netlist Resource(s)
  -------------------------------------------------------------------    -------------------
                         (clock sys_clk_pin rise edge)
                                                      0.000     0.000 r  
    W5                                                0.000     0.000 r  clk (IN)
                         net (fo=0)                   0.000     0.000    clk
    W5                   IBUF (Prop_ibuf_I_O)         0.226     0.226 r  clk_IBUF_inst/O
                         net (fo=1, routed)           0.631     0.858    clk_IBUF
    BUFGCTRL_X0Y0        BUFG (Prop_bufg_I_O)         0.026     0.884 r  clk_IBUF_BUFG_inst/O
                         net (fo=161, routed)         0.566     1.449    u_debouncer2/CLK
    SLICE_X51Y3          FDCE                                         r  u_debouncer2/r_clean_btn_reg/C
  -------------------------------------------------------------------    -------------------
    SLICE_X51Y3          FDCE (Prop_fdce_C_Q)         0.141     1.590 r  u_debouncer2/r_clean_btn_reg/Q
                         net (fo=25, routed)          0.139     1.729    u_debouncer2/w_clean_btn[0]
    SLICE_X50Y3          LUT4 (Prop_lut4_I1_O)        0.045     1.774 r  u_debouncer2/r_counter[6]_i_1__0/O
                         net (fo=1, routed)           0.000     1.774    u_debouncer2/p_0_in[6]
    SLICE_X50Y3          FDCE                                         r  u_debouncer2/r_counter_reg[6]/D
  -------------------------------------------------------------------    -------------------

                         (clock sys_clk_pin rise edge)
                                                      0.000     0.000 r  
    W5                                                0.000     0.000 r  clk (IN)
                         net (fo=0)                   0.000     0.000    clk
    W5                   IBUF (Prop_ibuf_I_O)         0.414     0.414 r  clk_IBUF_inst/O
                         net (fo=1, routed)           0.685     1.099    clk_IBUF
    BUFGCTRL_X0Y0        BUFG (Prop_bufg_I_O)         0.029     1.128 r  clk_IBUF_BUFG_inst/O
                         net (fo=161, routed)         0.837     1.964    u_debouncer2/CLK
    SLICE_X50Y3          FDCE                                         r  u_debouncer2/r_counter_reg[6]/C
                         clock pessimism             -0.502     1.462    
    SLICE_X50Y3          FDCE (Hold_fdce_C_D)         0.121     1.583    u_debouncer2/r_counter_reg[6]
  -------------------------------------------------------------------
                         required time                         -1.583    
                         arrival time                           1.774    
  -------------------------------------------------------------------
                         slack                                  0.191    

Slack (MET) :             0.197ns  (arrival time - required time)
  Source:                 u_coffee_machine/r_current_state_reg[0]/C
                            (rising edge-triggered cell FDCE clocked by sys_clk_pin  {rise@0.000ns fall@5.000ns period=10.000ns})
  Destination:            u_fnd_controller/u_fnd_digit_select/extraction_end_reg/D
                            (rising edge-triggered cell FDCE clocked by sys_clk_pin  {rise@0.000ns fall@5.000ns period=10.000ns})
  Path Group:             sys_clk_pin
  Path Type:              Hold (Min at Fast Process Corner)
  Requirement:            0.000ns  (sys_clk_pin rise@0.000ns - sys_clk_pin rise@0.000ns)
  Data Path Delay:        0.333ns  (logic 0.186ns (55.820%)  route 0.147ns (44.180%))
  Logic Levels:           1  (LUT6=1)
  Clock Path Skew:        0.016ns (DCD - SCD - CPR)
    Destination Clock Delay (DCD):    1.991ns
    Source Clock Delay      (SCD):    1.477ns
    Clock Pessimism Removal (CPR):    0.498ns

    Location             Delay type                Incr(ns)  Path(ns)    Netlist Resource(s)
  -------------------------------------------------------------------    -------------------
                         (clock sys_clk_pin rise edge)
                                                      0.000     0.000 r  
    W5                                                0.000     0.000 r  clk (IN)
                         net (fo=0)                   0.000     0.000    clk
    W5                   IBUF (Prop_ibuf_I_O)         0.226     0.226 r  clk_IBUF_inst/O
                         net (fo=1, routed)           0.631     0.858    clk_IBUF
    BUFGCTRL_X0Y0        BUFG (Prop_bufg_I_O)         0.026     0.884 r  clk_IBUF_BUFG_inst/O
                         net (fo=161, routed)         0.594     1.477    u_coffee_machine/CLK
    SLICE_X59Y6          FDCE                                         r  u_coffee_machine/r_current_state_reg[0]/C
  -------------------------------------------------------------------    -------------------
    SLICE_X59Y6          FDCE (Prop_fdce_C_Q)         0.141     1.618 r  u_coffee_machine/r_current_state_reg[0]/Q
                         net (fo=38, routed)          0.147     1.765    u_fnd_controller/u_fnd_digit_select/r_current_state[0]
    SLICE_X60Y6          LUT6 (Prop_lut6_I2_O)        0.045     1.810 r  u_fnd_controller/u_fnd_digit_select/extraction_end_i_1/O
                         net (fo=1, routed)           0.000     1.810    u_fnd_controller/u_fnd_digit_select/extraction_end_i_1_n_0
    SLICE_X60Y6          FDCE                                         r  u_fnd_controller/u_fnd_digit_select/extraction_end_reg/D
  -------------------------------------------------------------------    -------------------

                         (clock sys_clk_pin rise edge)
                                                      0.000     0.000 r  
    W5                                                0.000     0.000 r  clk (IN)
                         net (fo=0)                   0.000     0.000    clk
    W5                   IBUF (Prop_ibuf_I_O)         0.414     0.414 r  clk_IBUF_inst/O
                         net (fo=1, routed)           0.685     1.099    clk_IBUF
    BUFGCTRL_X0Y0        BUFG (Prop_bufg_I_O)         0.029     1.128 r  clk_IBUF_BUFG_inst/O
                         net (fo=161, routed)         0.864     1.991    u_fnd_controller/u_fnd_digit_select/CLK
    SLICE_X60Y6          FDCE                                         r  u_fnd_controller/u_fnd_digit_select/extraction_end_reg/C
                         clock pessimism             -0.498     1.493    
    SLICE_X60Y6          FDCE (Hold_fdce_C_D)         0.120     1.613    u_fnd_controller/u_fnd_digit_select/extraction_end_reg
  -------------------------------------------------------------------
                         required time                         -1.613    
                         arrival time                           1.810    
  -------------------------------------------------------------------
                         slack                                  0.197    

Slack (MET) :             0.218ns  (arrival time - required time)
  Source:                 u_debouncer2/r_clean_btn_reg/C
                            (rising edge-triggered cell FDCE clocked by sys_clk_pin  {rise@0.000ns fall@5.000ns period=10.000ns})
  Destination:            u_debouncer2/r_counter_reg[1]/D
                            (rising edge-triggered cell FDCE clocked by sys_clk_pin  {rise@0.000ns fall@5.000ns period=10.000ns})
  Path Group:             sys_clk_pin
  Path Type:              Hold (Min at Fast Process Corner)
  Requirement:            0.000ns  (sys_clk_pin rise@0.000ns - sys_clk_pin rise@0.000ns)
  Data Path Delay:        0.366ns  (logic 0.189ns (51.655%)  route 0.177ns (48.345%))
  Logic Levels:           1  (LUT4=1)
  Clock Path Skew:        0.017ns (DCD - SCD - CPR)
    Destination Clock Delay (DCD):    1.965ns
    Source Clock Delay      (SCD):    1.449ns
    Clock Pessimism Removal (CPR):    0.499ns

    Location             Delay type                Incr(ns)  Path(ns)    Netlist Resource(s)
  -------------------------------------------------------------------    -------------------
                         (clock sys_clk_pin rise edge)
                                                      0.000     0.000 r  
    W5                                                0.000     0.000 r  clk (IN)
                         net (fo=0)                   0.000     0.000    clk
    W5                   IBUF (Prop_ibuf_I_O)         0.226     0.226 r  clk_IBUF_inst/O
                         net (fo=1, routed)           0.631     0.858    clk_IBUF
    BUFGCTRL_X0Y0        BUFG (Prop_bufg_I_O)         0.026     0.884 r  clk_IBUF_BUFG_inst/O
                         net (fo=161, routed)         0.566     1.449    u_debouncer2/CLK
    SLICE_X51Y3          FDCE                                         r  u_debouncer2/r_clean_btn_reg/C
  -------------------------------------------------------------------    -------------------
    SLICE_X51Y3          FDCE (Prop_fdce_C_Q)         0.141     1.590 r  u_debouncer2/r_clean_btn_reg/Q
                         net (fo=25, routed)          0.177     1.767    u_debouncer2/w_clean_btn[0]
    SLICE_X52Y2          LUT4 (Prop_lut4_I1_O)        0.048     1.815 r  u_debouncer2/r_counter[1]_i_1__0/O
                         net (fo=1, routed)           0.000     1.815    u_debouncer2/p_0_in[1]
    SLICE_X52Y2          FDCE                                         r  u_debouncer2/r_counter_reg[1]/D
  -------------------------------------------------------------------    -------------------

                         (clock sys_clk_pin rise edge)
                                                      0.000     0.000 r  
    W5                                                0.000     0.000 r  clk (IN)
                         net (fo=0)                   0.000     0.000    clk
    W5                   IBUF (Prop_ibuf_I_O)         0.414     0.414 r  clk_IBUF_inst/O
                         net (fo=1, routed)           0.685     1.099    clk_IBUF
    BUFGCTRL_X0Y0        BUFG (Prop_bufg_I_O)         0.029     1.128 r  clk_IBUF_BUFG_inst/O
                         net (fo=161, routed)         0.838     1.965    u_debouncer2/CLK
    SLICE_X52Y2          FDCE                                         r  u_debouncer2/r_counter_reg[1]/C
                         clock pessimism             -0.499     1.466    
    SLICE_X52Y2          FDCE (Hold_fdce_C_D)         0.131     1.597    u_debouncer2/r_counter_reg[1]
  -------------------------------------------------------------------
                         required time                         -1.597    
                         arrival time                           1.815    
  -------------------------------------------------------------------
                         slack                                  0.218    

Slack (MET) :             0.226ns  (arrival time - required time)
  Source:                 u_debouncer2/r_clean_btn_reg/C
                            (rising edge-triggered cell FDCE clocked by sys_clk_pin  {rise@0.000ns fall@5.000ns period=10.000ns})
  Destination:            u_debouncer2/r_counter_reg[0]/D
                            (rising edge-triggered cell FDCE clocked by sys_clk_pin  {rise@0.000ns fall@5.000ns period=10.000ns})
  Path Group:             sys_clk_pin
  Path Type:              Hold (Min at Fast Process Corner)
  Requirement:            0.000ns  (sys_clk_pin rise@0.000ns - sys_clk_pin rise@0.000ns)
  Data Path Delay:        0.363ns  (logic 0.186ns (51.255%)  route 0.177ns (48.745%))
  Logic Levels:           1  (LUT4=1)
  Clock Path Skew:        0.017ns (DCD - SCD - CPR)
    Destination Clock Delay (DCD):    1.965ns
    Source Clock Delay      (SCD):    1.449ns
    Clock Pessimism Removal (CPR):    0.499ns

    Location             Delay type                Incr(ns)  Path(ns)    Netlist Resource(s)
  -------------------------------------------------------------------    -------------------
                         (clock sys_clk_pin rise edge)
                                                      0.000     0.000 r  
    W5                                                0.000     0.000 r  clk (IN)
                         net (fo=0)                   0.000     0.000    clk
    W5                   IBUF (Prop_ibuf_I_O)         0.226     0.226 r  clk_IBUF_inst/O
                         net (fo=1, routed)           0.631     0.858    clk_IBUF
    BUFGCTRL_X0Y0        BUFG (Prop_bufg_I_O)         0.026     0.884 r  clk_IBUF_BUFG_inst/O
                         net (fo=161, routed)         0.566     1.449    u_debouncer2/CLK
    SLICE_X51Y3          FDCE                                         r  u_debouncer2/r_clean_btn_reg/C
  -------------------------------------------------------------------    -------------------
    SLICE_X51Y3          FDCE (Prop_fdce_C_Q)         0.141     1.590 r  u_debouncer2/r_clean_btn_reg/Q
                         net (fo=25, routed)          0.177     1.767    u_debouncer2/w_clean_btn[0]
    SLICE_X52Y2          LUT4 (Prop_lut4_I1_O)        0.045     1.812 r  u_debouncer2/r_counter[0]_i_1__0/O
                         net (fo=1, routed)           0.000     1.812    u_debouncer2/p_0_in[0]
    SLICE_X52Y2          FDCE                                         r  u_debouncer2/r_counter_reg[0]/D
  -------------------------------------------------------------------    -------------------

                         (clock sys_clk_pin rise edge)
                                                      0.000     0.000 r  
    W5                                                0.000     0.000 r  clk (IN)
                         net (fo=0)                   0.000     0.000    clk
    W5                   IBUF (Prop_ibuf_I_O)         0.414     0.414 r  clk_IBUF_inst/O
                         net (fo=1, routed)           0.685     1.099    clk_IBUF
    BUFGCTRL_X0Y0        BUFG (Prop_bufg_I_O)         0.029     1.128 r  clk_IBUF_BUFG_inst/O
                         net (fo=161, routed)         0.838     1.965    u_debouncer2/CLK
    SLICE_X52Y2          FDCE                                         r  u_debouncer2/r_counter_reg[0]/C
                         clock pessimism             -0.499     1.466    
    SLICE_X52Y2          FDCE (Hold_fdce_C_D)         0.120     1.586    u_debouncer2/r_counter_reg[0]
  -------------------------------------------------------------------
                         required time                         -1.586    
                         arrival time                           1.812    
  -------------------------------------------------------------------
                         slack                                  0.226    

Slack (MET) :             0.242ns  (arrival time - required time)
  Source:                 u_debouncer3/r_clean_btn_reg/C
                            (rising edge-triggered cell FDCE clocked by sys_clk_pin  {rise@0.000ns fall@5.000ns period=10.000ns})
  Destination:            u_debouncer3/r_counter_reg[5]/D
                            (rising edge-triggered cell FDCE clocked by sys_clk_pin  {rise@0.000ns fall@5.000ns period=10.000ns})
  Path Group:             sys_clk_pin
  Path Type:              Hold (Min at Fast Process Corner)
  Requirement:            0.000ns  (sys_clk_pin rise@0.000ns - sys_clk_pin rise@0.000ns)
  Data Path Delay:        0.389ns  (logic 0.212ns (54.554%)  route 0.177ns (45.446%))
  Logic Levels:           1  (LUT4=1)
  Clock Path Skew:        0.016ns (DCD - SCD - CPR)
    Destination Clock Delay (DCD):    1.992ns
    Source Clock Delay      (SCD):    1.478ns
    Clock Pessimism Removal (CPR):    0.498ns

    Location             Delay type                Incr(ns)  Path(ns)    Netlist Resource(s)
  -------------------------------------------------------------------    -------------------
                         (clock sys_clk_pin rise edge)
                                                      0.000     0.000 r  
    W5                                                0.000     0.000 r  clk (IN)
                         net (fo=0)                   0.000     0.000    clk
    W5                   IBUF (Prop_ibuf_I_O)         0.226     0.226 r  clk_IBUF_inst/O
                         net (fo=1, routed)           0.631     0.858    clk_IBUF
    BUFGCTRL_X0Y0        BUFG (Prop_bufg_I_O)         0.026     0.884 r  clk_IBUF_BUFG_inst/O
                         net (fo=161, routed)         0.595     1.478    u_debouncer3/CLK
    SLICE_X60Y2          FDCE                                         r  u_debouncer3/r_clean_btn_reg/C
  -------------------------------------------------------------------    -------------------
    SLICE_X60Y2          FDCE (Prop_fdce_C_Q)         0.164     1.642 r  u_debouncer3/r_clean_btn_reg/Q
                         net (fo=23, routed)          0.177     1.819    u_debouncer3/w_clean_btn[0]
    SLICE_X60Y1          LUT4 (Prop_lut4_I1_O)        0.048     1.867 r  u_debouncer3/r_counter[5]_i_1__1/O
                         net (fo=1, routed)           0.000     1.867    u_debouncer3/p_0_in[5]
    SLICE_X60Y1          FDCE                                         r  u_debouncer3/r_counter_reg[5]/D
  -------------------------------------------------------------------    -------------------

                         (clock sys_clk_pin rise edge)
                                                      0.000     0.000 r  
    W5                                                0.000     0.000 r  clk (IN)
                         net (fo=0)                   0.000     0.000    clk
    W5                   IBUF (Prop_ibuf_I_O)         0.414     0.414 r  clk_IBUF_inst/O
                         net (fo=1, routed)           0.685     1.099    clk_IBUF
    BUFGCTRL_X0Y0        BUFG (Prop_bufg_I_O)         0.029     1.128 r  clk_IBUF_BUFG_inst/O
                         net (fo=161, routed)         0.865     1.992    u_debouncer3/CLK
    SLICE_X60Y1          FDCE                                         r  u_debouncer3/r_counter_reg[5]/C
                         clock pessimism             -0.498     1.494    
    SLICE_X60Y1          FDCE (Hold_fdce_C_D)         0.131     1.625    u_debouncer3/r_counter_reg[5]
  -------------------------------------------------------------------
                         required time                         -1.625    
                         arrival time                           1.867    
  -------------------------------------------------------------------
                         slack                                  0.242    

Slack (MET) :             0.246ns  (arrival time - required time)
  Source:                 u_debouncer1/r_clean_btn_reg/C
                            (rising edge-triggered cell FDCE clocked by sys_clk_pin  {rise@0.000ns fall@5.000ns period=10.000ns})
  Destination:            u_neg_pulse/r_btn_reg_reg[0]/D
                            (rising edge-triggered cell FDCE clocked by sys_clk_pin  {rise@0.000ns fall@5.000ns period=10.000ns})
  Path Group:             sys_clk_pin
  Path Type:              Hold (Min at Fast Process Corner)
  Requirement:            0.000ns  (sys_clk_pin rise@0.000ns - sys_clk_pin rise@0.000ns)
  Data Path Delay:        0.321ns  (logic 0.164ns (51.032%)  route 0.157ns (48.968%))
  Logic Levels:           0  
  Clock Path Skew:        0.016ns (DCD - SCD - CPR)
    Destination Clock Delay (DCD):    1.964ns
    Source Clock Delay      (SCD):    1.451ns
    Clock Pessimism Removal (CPR):    0.497ns

    Location             Delay type                Incr(ns)  Path(ns)    Netlist Resource(s)
  -------------------------------------------------------------------    -------------------
                         (clock sys_clk_pin rise edge)
                                                      0.000     0.000 r  
    W5                                                0.000     0.000 r  clk (IN)
                         net (fo=0)                   0.000     0.000    clk
    W5                   IBUF (Prop_ibuf_I_O)         0.226     0.226 r  clk_IBUF_inst/O
                         net (fo=1, routed)           0.631     0.858    clk_IBUF
    BUFGCTRL_X0Y0        BUFG (Prop_bufg_I_O)         0.026     0.884 r  clk_IBUF_BUFG_inst/O
                         net (fo=161, routed)         0.568     1.451    u_debouncer1/CLK
    SLICE_X56Y3          FDCE                                         r  u_debouncer1/r_clean_btn_reg/C
  -------------------------------------------------------------------    -------------------
    SLICE_X56Y3          FDCE (Prop_fdce_C_Q)         0.164     1.615 r  u_debouncer1/r_clean_btn_reg/Q
                         net (fo=24, routed)          0.157     1.772    u_neg_pulse/D[0]
    SLICE_X56Y4          FDCE                                         r  u_neg_pulse/r_btn_reg_reg[0]/D
  -------------------------------------------------------------------    -------------------

                         (clock sys_clk_pin rise edge)
                                                      0.000     0.000 r  
    W5                                                0.000     0.000 r  clk (IN)
                         net (fo=0)                   0.000     0.000    clk
    W5                   IBUF (Prop_ibuf_I_O)         0.414     0.414 r  clk_IBUF_inst/O
                         net (fo=1, routed)           0.685     1.099    clk_IBUF
    BUFGCTRL_X0Y0        BUFG (Prop_bufg_I_O)         0.029     1.128 r  clk_IBUF_BUFG_inst/O
                         net (fo=161, routed)         0.837     1.964    u_neg_pulse/CLK
    SLICE_X56Y4          FDCE                                         r  u_neg_pulse/r_btn_reg_reg[0]/C
                         clock pessimism             -0.497     1.467    
    SLICE_X56Y4          FDCE (Hold_fdce_C_D)         0.059     1.526    u_neg_pulse/r_btn_reg_reg[0]
  -------------------------------------------------------------------
                         required time                         -1.526    
                         arrival time                           1.772    
  -------------------------------------------------------------------
                         slack                                  0.246    

Slack (MET) :             0.247ns  (arrival time - required time)
  Source:                 u_debouncer2/r_clean_btn_reg/C
                            (rising edge-triggered cell FDCE clocked by sys_clk_pin  {rise@0.000ns fall@5.000ns period=10.000ns})
  Destination:            u_debouncer2/r_counter_reg[3]/D
                            (rising edge-triggered cell FDCE clocked by sys_clk_pin  {rise@0.000ns fall@5.000ns period=10.000ns})
  Path Group:             sys_clk_pin
  Path Type:              Hold (Min at Fast Process Corner)
  Requirement:            0.000ns  (sys_clk_pin rise@0.000ns - sys_clk_pin rise@0.000ns)
  Data Path Delay:        0.395ns  (logic 0.189ns (47.874%)  route 0.206ns (52.126%))
  Logic Levels:           1  (LUT4=1)
  Clock Path Skew:        0.017ns (DCD - SCD - CPR)
    Destination Clock Delay (DCD):    1.965ns
    Source Clock Delay      (SCD):    1.449ns
    Clock Pessimism Removal (CPR):    0.499ns

    Location             Delay type                Incr(ns)  Path(ns)    Netlist Resource(s)
  -------------------------------------------------------------------    -------------------
                         (clock sys_clk_pin rise edge)
                                                      0.000     0.000 r  
    W5                                                0.000     0.000 r  clk (IN)
                         net (fo=0)                   0.000     0.000    clk
    W5                   IBUF (Prop_ibuf_I_O)         0.226     0.226 r  clk_IBUF_inst/O
                         net (fo=1, routed)           0.631     0.858    clk_IBUF
    BUFGCTRL_X0Y0        BUFG (Prop_bufg_I_O)         0.026     0.884 r  clk_IBUF_BUFG_inst/O
                         net (fo=161, routed)         0.566     1.449    u_debouncer2/CLK
    SLICE_X51Y3          FDCE                                         r  u_debouncer2/r_clean_btn_reg/C
  -------------------------------------------------------------------    -------------------
    SLICE_X51Y3          FDCE (Prop_fdce_C_Q)         0.141     1.590 r  u_debouncer2/r_clean_btn_reg/Q
                         net (fo=25, routed)          0.206     1.796    u_debouncer2/w_clean_btn[0]
    SLICE_X50Y2          LUT4 (Prop_lut4_I1_O)        0.048     1.844 r  u_debouncer2/r_counter[3]_i_1__0/O
                         net (fo=1, routed)           0.000     1.844    u_debouncer2/p_0_in[3]
    SLICE_X50Y2          FDCE                                         r  u_debouncer2/r_counter_reg[3]/D
  -------------------------------------------------------------------    -------------------

                         (clock sys_clk_pin rise edge)
                                                      0.000     0.000 r  
    W5                                                0.000     0.000 r  clk (IN)
                         net (fo=0)                   0.000     0.000    clk
    W5                   IBUF (Prop_ibuf_I_O)         0.414     0.414 r  clk_IBUF_inst/O
                         net (fo=1, routed)           0.685     1.099    clk_IBUF
    BUFGCTRL_X0Y0        BUFG (Prop_bufg_I_O)         0.029     1.128 r  clk_IBUF_BUFG_inst/O
                         net (fo=161, routed)         0.838     1.965    u_debouncer2/CLK
    SLICE_X50Y2          FDCE                                         r  u_debouncer2/r_counter_reg[3]/C
                         clock pessimism             -0.499     1.466    
    SLICE_X50Y2          FDCE (Hold_fdce_C_D)         0.131     1.597    u_debouncer2/r_counter_reg[3]
  -------------------------------------------------------------------
                         required time                         -1.597    
                         arrival time                           1.844    
  -------------------------------------------------------------------
                         slack                                  0.247    





Pulse Width Checks
--------------------------------------------------------------------------------------
Clock Name:         sys_clk_pin
Waveform(ns):       { 0.000 5.000 }
Period(ns):         10.000
Sources:            { clk }

Check Type        Corner  Lib Pin  Reference Pin  Required(ns)  Actual(ns)  Slack(ns)  Location       Pin
Min Period        n/a     BUFG/I   n/a            2.155         10.000      7.845      BUFGCTRL_X0Y0  clk_IBUF_BUFG_inst/I
Min Period        n/a     FDCE/C   n/a            1.000         10.000      9.000      SLICE_X59Y9    u_coffee_machine/coin_val_reg[10]/C
Min Period        n/a     FDCE/C   n/a            1.000         10.000      9.000      SLICE_X59Y8    u_coffee_machine/coin_val_reg[11]/C
Min Period        n/a     FDCE/C   n/a            1.000         10.000      9.000      SLICE_X59Y8    u_coffee_machine/coin_val_reg[12]/C
Min Period        n/a     FDCE/C   n/a            1.000         10.000      9.000      SLICE_X59Y9    u_coffee_machine/coin_val_reg[13]/C
Min Period        n/a     FDCE/C   n/a            1.000         10.000      9.000      SLICE_X59Y9    u_coffee_machine/coin_val_reg[14]/C
Min Period        n/a     FDCE/C   n/a            1.000         10.000      9.000      SLICE_X59Y9    u_coffee_machine/coin_val_reg[15]/C
Min Period        n/a     FDCE/C   n/a            1.000         10.000      9.000      SLICE_X59Y7    u_coffee_machine/coin_val_reg[2]/C
Min Period        n/a     FDCE/C   n/a            1.000         10.000      9.000      SLICE_X59Y7    u_coffee_machine/coin_val_reg[3]/C
Min Period        n/a     FDCE/C   n/a            1.000         10.000      9.000      SLICE_X59Y7    u_coffee_machine/coin_val_reg[4]/C
Low Pulse Width   Slow    FDCE/C   n/a            0.500         5.000       4.500      SLICE_X59Y9    u_coffee_machine/coin_val_reg[10]/C
Low Pulse Width   Fast    FDCE/C   n/a            0.500         5.000       4.500      SLICE_X59Y9    u_coffee_machine/coin_val_reg[10]/C
Low Pulse Width   Slow    FDCE/C   n/a            0.500         5.000       4.500      SLICE_X59Y8    u_coffee_machine/coin_val_reg[11]/C
Low Pulse Width   Fast    FDCE/C   n/a            0.500         5.000       4.500      SLICE_X59Y8    u_coffee_machine/coin_val_reg[11]/C
Low Pulse Width   Slow    FDCE/C   n/a            0.500         5.000       4.500      SLICE_X59Y8    u_coffee_machine/coin_val_reg[12]/C
Low Pulse Width   Fast    FDCE/C   n/a            0.500         5.000       4.500      SLICE_X59Y8    u_coffee_machine/coin_val_reg[12]/C
Low Pulse Width   Slow    FDCE/C   n/a            0.500         5.000       4.500      SLICE_X59Y9    u_coffee_machine/coin_val_reg[13]/C
Low Pulse Width   Fast    FDCE/C   n/a            0.500         5.000       4.500      SLICE_X59Y9    u_coffee_machine/coin_val_reg[13]/C
Low Pulse Width   Slow    FDCE/C   n/a            0.500         5.000       4.500      SLICE_X59Y9    u_coffee_machine/coin_val_reg[14]/C
Low Pulse Width   Fast    FDCE/C   n/a            0.500         5.000       4.500      SLICE_X59Y9    u_coffee_machine/coin_val_reg[14]/C
High Pulse Width  Slow    FDCE/C   n/a            0.500         5.000       4.500      SLICE_X59Y9    u_coffee_machine/coin_val_reg[10]/C
High Pulse Width  Fast    FDCE/C   n/a            0.500         5.000       4.500      SLICE_X59Y9    u_coffee_machine/coin_val_reg[10]/C
High Pulse Width  Slow    FDCE/C   n/a            0.500         5.000       4.500      SLICE_X59Y8    u_coffee_machine/coin_val_reg[11]/C
High Pulse Width  Fast    FDCE/C   n/a            0.500         5.000       4.500      SLICE_X59Y8    u_coffee_machine/coin_val_reg[11]/C
High Pulse Width  Slow    FDCE/C   n/a            0.500         5.000       4.500      SLICE_X59Y8    u_coffee_machine/coin_val_reg[12]/C
High Pulse Width  Fast    FDCE/C   n/a            0.500         5.000       4.500      SLICE_X59Y8    u_coffee_machine/coin_val_reg[12]/C
High Pulse Width  Slow    FDCE/C   n/a            0.500         5.000       4.500      SLICE_X59Y9    u_coffee_machine/coin_val_reg[13]/C
High Pulse Width  Fast    FDCE/C   n/a            0.500         5.000       4.500      SLICE_X59Y9    u_coffee_machine/coin_val_reg[13]/C
High Pulse Width  Slow    FDCE/C   n/a            0.500         5.000       4.500      SLICE_X59Y9    u_coffee_machine/coin_val_reg[14]/C
High Pulse Width  Fast    FDCE/C   n/a            0.500         5.000       4.500      SLICE_X59Y9    u_coffee_machine/coin_val_reg[14]/C



