Copyright 1986-2021 Xilinx, Inc. All Rights Reserved.
--------------------------------------------------------------------------------------------------------------------------------------------------------------------------------
| Tool Version : Vivado v.2021.1 (win64) Build 3247384 Thu Jun 10 19:36:33 MDT 2021
| Date         : Thu Mar  5 12:53:37 2026
| Host         : DESKTOP-FAVD00F running 64-bit major release  (build 9200)
| Command      : report_timing_summary -max_paths 10 -file top_timing_summary_routed.rpt -pb top_timing_summary_routed.pb -rpx top_timing_summary_routed.rpx -warn_on_violation
| Design       : top
| Device       : 7a35t-cpg236
| Speed File   : -1  PRODUCTION 1.23 2018-06-13
--------------------------------------------------------------------------------------------------------------------------------------------------------------------------------

Timing Summary Report

------------------------------------------------------------------------------------------------
| Timer Settings
| --------------
------------------------------------------------------------------------------------------------

  Enable Multi Corner Analysis               :  Yes
  Enable Pessimism Removal                   :  Yes
  Pessimism Removal Resolution               :  Nearest Common Node
  Enable Input Delay Default Clock           :  No
  Enable Preset / Clear Arcs                 :  No
  Disable Flight Delays                      :  No
  Ignore I/O Paths                           :  No
  Timing Early Launch at Borrowing Latches   :  No
  Borrow Time for Max Delay Exceptions       :  Yes
  Merge Timing Exceptions                    :  Yes

  Corner  Analyze    Analyze    
  Name    Max Paths  Min Paths  
  ------  ---------  ---------  
  Slow    Yes        Yes        
  Fast    Yes        Yes        


------------------------------------------------------------------------------------------------
| Report Methodology
| ------------------
------------------------------------------------------------------------------------------------

Rule       Severity  Description                    Violations  
---------  --------  -----------------------------  ----------  
TIMING-18  Warning   Missing input or output delay  11          

Note: This report is based on the most recent report_methodology run and may not be up-to-date. Run report_methodology on the current design for the latest report.



check_timing report

Table of Contents
-----------------
1. checking no_clock (0)
2. checking constant_clock (0)
3. checking pulse_width_clock (0)
4. checking unconstrained_internal_endpoints (0)
5. checking no_input_delay (10)
6. checking no_output_delay (1)
7. checking multiple_clock (0)
8. checking generated_clocks (0)
9. checking loops (0)
10. checking partial_input_delay (0)
11. checking partial_output_delay (0)
12. checking latch_loops (0)

1. checking no_clock (0)
------------------------
 There are 0 register/latch pins with no clock.


2. checking constant_clock (0)
------------------------------
 There are 0 register/latch pins with constant_clock.


3. checking pulse_width_clock (0)
---------------------------------
 There are 0 register/latch pins which need pulse_width check


4. checking unconstrained_internal_endpoints (0)
------------------------------------------------
 There are 0 pins that are not constrained for maximum delay.

 There are 0 pins that are not constrained for maximum delay due to constant clock.


5. checking no_input_delay (10)
-------------------------------
 There are 10 input ports with no input delay specified. (HIGH)

 There are 0 input ports with no input delay but user has a false path constraint.


6. checking no_output_delay (1)
-------------------------------
 There is 1 port with no output delay specified. (HIGH)

 There are 0 ports with no output delay but user has a false path constraint

 There are 0 ports with no output delay but with a timing clock defined on it or propagating through it


7. checking multiple_clock (0)
------------------------------
 There are 0 register/latch pins with multiple clocks.


8. checking generated_clocks (0)
--------------------------------
 There are 0 generated clocks that are not connected to a clock source.


9. checking loops (0)
---------------------
 There are 0 combinational loops in the design.


10. checking partial_input_delay (0)
------------------------------------
 There are 0 input ports with partial input delay specified.


11. checking partial_output_delay (0)
-------------------------------------
 There are 0 ports with partial output delay specified.


12. checking latch_loops (0)
----------------------------
 There are 0 combinational latch loops in the design through latch input



------------------------------------------------------------------------------------------------
| Design Timing Summary
| ---------------------
------------------------------------------------------------------------------------------------

    WNS(ns)      TNS(ns)  TNS Failing Endpoints  TNS Total Endpoints      WHS(ns)      THS(ns)  THS Failing Endpoints  THS Total Endpoints     WPWS(ns)     TPWS(ns)  TPWS Failing Endpoints  TPWS Total Endpoints  
    -------      -------  ---------------------  -------------------      -------      -------  ---------------------  -------------------     --------     --------  ----------------------  --------------------  
      5.318        0.000                      0                   78        0.196        0.000                      0                   78        4.500        0.000                       0                    67  


All user specified timing constraints are met.


------------------------------------------------------------------------------------------------
| Clock Summary
| -------------
------------------------------------------------------------------------------------------------

Clock        Waveform(ns)       Period(ns)      Frequency(MHz)
-----        ------------       ----------      --------------
sys_clk_pin  {0.000 5.000}      10.000          100.000         


------------------------------------------------------------------------------------------------
| Intra Clock Table
| -----------------
------------------------------------------------------------------------------------------------

Clock             WNS(ns)      TNS(ns)  TNS Failing Endpoints  TNS Total Endpoints      WHS(ns)      THS(ns)  THS Failing Endpoints  THS Total Endpoints     WPWS(ns)     TPWS(ns)  TPWS Failing Endpoints  TPWS Total Endpoints  
-----             -------      -------  ---------------------  -------------------      -------      -------  ---------------------  -------------------     --------     --------  ----------------------  --------------------  
sys_clk_pin         5.318        0.000                      0                   78        0.196        0.000                      0                   78        4.500        0.000                       0                    67  


------------------------------------------------------------------------------------------------
| Inter Clock Table
| -----------------
------------------------------------------------------------------------------------------------

From Clock    To Clock          WNS(ns)      TNS(ns)  TNS Failing Endpoints  TNS Total Endpoints      WHS(ns)      THS(ns)  THS Failing Endpoints  THS Total Endpoints  
----------    --------          -------      -------  ---------------------  -------------------      -------      -------  ---------------------  -------------------  


------------------------------------------------------------------------------------------------
| Other Path Groups Table
| -----------------------
------------------------------------------------------------------------------------------------

Path Group    From Clock    To Clock          WNS(ns)      TNS(ns)  TNS Failing Endpoints  TNS Total Endpoints      WHS(ns)      THS(ns)  THS Failing Endpoints  THS Total Endpoints  
----------    ----------    --------          -------      -------  ---------------------  -------------------      -------      -------  ---------------------  -------------------  


------------------------------------------------------------------------------------------------
| Timing Details
| --------------
------------------------------------------------------------------------------------------------


---------------------------------------------------------------------------------------------------
From Clock:  sys_clk_pin
  To Clock:  sys_clk_pin

Setup :            0  Failing Endpoints,  Worst Slack        5.318ns,  Total Violation        0.000ns
Hold  :            0  Failing Endpoints,  Worst Slack        0.196ns,  Total Violation        0.000ns
PW    :            0  Failing Endpoints,  Worst Slack        4.500ns,  Total Violation        0.000ns
---------------------------------------------------------------------------------------------------


Max Delay Paths
--------------------------------------------------------------------------------------
Slack (MET) :             5.318ns  (required time - arrival time)
  Source:                 u_uart_controller/u_uart_tx/r_baud_count_reg[11]/C
                            (rising edge-triggered cell FDCE clocked by sys_clk_pin  {rise@0.000ns fall@5.000ns period=10.000ns})
  Destination:            u_uart_controller/u_uart_tx/r_baud_count_reg[13]/D
                            (rising edge-triggered cell FDCE clocked by sys_clk_pin  {rise@0.000ns fall@5.000ns period=10.000ns})
  Path Group:             sys_clk_pin
  Path Type:              Setup (Max at Slow Process Corner)
  Requirement:            10.000ns  (sys_clk_pin rise@10.000ns - sys_clk_pin rise@0.000ns)
  Data Path Delay:        4.684ns  (logic 1.916ns (40.906%)  route 2.768ns (59.094%))
  Logic Levels:           7  (CARRY4=4 LUT2=1 LUT6=2)
  Clock Path Skew:        -0.025ns (DCD - SCD + CPR)
    Destination Clock Delay (DCD):    4.860ns = ( 14.860 - 10.000 ) 
    Source Clock Delay      (SCD):    5.159ns
    Clock Pessimism Removal (CPR):    0.274ns
  Clock Uncertainty:      0.035ns  ((TSJ^2 + TIJ^2)^1/2 + DJ) / 2 + PE
    Total System Jitter     (TSJ):    0.071ns
    Total Input Jitter      (TIJ):    0.000ns
    Discrete Jitter          (DJ):    0.000ns
    Phase Error              (PE):    0.000ns

    Location             Delay type                Incr(ns)  Path(ns)    Netlist Resource(s)
  -------------------------------------------------------------------    -------------------
                         (clock sys_clk_pin rise edge)
                                                      0.000     0.000 r  
    W5                                                0.000     0.000 r  clk (IN)
                         net (fo=0)                   0.000     0.000    clk
    W5                   IBUF (Prop_ibuf_I_O)         1.458     1.458 r  clk_IBUF_inst/O
                         net (fo=1, routed)           1.967     3.425    clk_IBUF
    BUFGCTRL_X0Y0        BUFG (Prop_bufg_I_O)         0.096     3.521 r  clk_IBUF_BUFG_inst/O
                         net (fo=66, routed)          1.638     5.159    u_uart_controller/u_uart_tx/clk
    SLICE_X0Y45          FDCE                                         r  u_uart_controller/u_uart_tx/r_baud_count_reg[11]/C
  -------------------------------------------------------------------    -------------------
    SLICE_X0Y45          FDCE (Prop_fdce_C_Q)         0.456     5.615 f  u_uart_controller/u_uart_tx/r_baud_count_reg[11]/Q
                         net (fo=7, routed)           0.862     6.478    u_uart_controller/u_uart_tx/r_baud_count_reg[11]
    SLICE_X1Y46          LUT2 (Prop_lut2_I1_O)        0.124     6.602 f  u_uart_controller/u_uart_tx/r_baud_tick_i_4/O
                         net (fo=14, routed)          1.159     7.760    u_uart_controller/u_uart_tx/r_baud_tick_i_4_n_0
    SLICE_X1Y43          LUT6 (Prop_lut6_I1_O)        0.124     7.884 f  u_uart_controller/u_uart_tx/r_baud_tick_i_2/O
                         net (fo=17, routed)          0.552     8.436    u_uart_controller/u_uart_tx/r_baud_tick_i_2_n_0
    SLICE_X1Y43          LUT6 (Prop_lut6_I5_O)        0.124     8.560 r  u_uart_controller/u_uart_tx/r_baud_count[0]_i_2/O
                         net (fo=1, routed)           0.195     8.755    u_uart_controller/u_uart_tx/r_baud_count[0]_i_2_n_0
    SLICE_X0Y43          CARRY4 (Prop_carry4_DI[0]_CO[3])
                                                      0.526     9.281 r  u_uart_controller/u_uart_tx/r_baud_count_reg[0]_i_1/CO[3]
                         net (fo=1, routed)           0.000     9.281    u_uart_controller/u_uart_tx/r_baud_count_reg[0]_i_1_n_0
    SLICE_X0Y44          CARRY4 (Prop_carry4_CI_CO[3])
                                                      0.114     9.395 r  u_uart_controller/u_uart_tx/r_baud_count_reg[4]_i_1/CO[3]
                         net (fo=1, routed)           0.000     9.395    u_uart_controller/u_uart_tx/r_baud_count_reg[4]_i_1_n_0
    SLICE_X0Y45          CARRY4 (Prop_carry4_CI_CO[3])
                                                      0.114     9.509 r  u_uart_controller/u_uart_tx/r_baud_count_reg[8]_i_1/CO[3]
                         net (fo=1, routed)           0.000     9.509    u_uart_controller/u_uart_tx/r_baud_count_reg[8]_i_1_n_0
    SLICE_X0Y46          CARRY4 (Prop_carry4_CI_O[1])
                                                      0.334     9.843 r  u_uart_controller/u_uart_tx/r_baud_count_reg[12]_i_1/O[1]
                         net (fo=1, routed)           0.000     9.843    u_uart_controller/u_uart_tx/r_baud_count_reg[12]_i_1_n_6
    SLICE_X0Y46          FDCE                                         r  u_uart_controller/u_uart_tx/r_baud_count_reg[13]/D
  -------------------------------------------------------------------    -------------------

                         (clock sys_clk_pin rise edge)
                                                     10.000    10.000 r  
    W5                                                0.000    10.000 r  clk (IN)
                         net (fo=0)                   0.000    10.000    clk
    W5                   IBUF (Prop_ibuf_I_O)         1.388    11.388 r  clk_IBUF_inst/O
                         net (fo=1, routed)           1.862    13.250    clk_IBUF
    BUFGCTRL_X0Y0        BUFG (Prop_bufg_I_O)         0.091    13.341 r  clk_IBUF_BUFG_inst/O
                         net (fo=66, routed)          1.519    14.860    u_uart_controller/u_uart_tx/clk
    SLICE_X0Y46          FDCE                                         r  u_uart_controller/u_uart_tx/r_baud_count_reg[13]/C
                         clock pessimism              0.274    15.134    
                         clock uncertainty           -0.035    15.099    
    SLICE_X0Y46          FDCE (Setup_fdce_C_D)        0.062    15.161    u_uart_controller/u_uart_tx/r_baud_count_reg[13]
  -------------------------------------------------------------------
                         required time                         15.161    
                         arrival time                          -9.843    
  -------------------------------------------------------------------
                         slack                                  5.318    

Slack (MET) :             5.339ns  (required time - arrival time)
  Source:                 u_uart_controller/u_uart_tx/r_baud_count_reg[11]/C
                            (rising edge-triggered cell FDCE clocked by sys_clk_pin  {rise@0.000ns fall@5.000ns period=10.000ns})
  Destination:            u_uart_controller/u_uart_tx/r_baud_count_reg[15]/D
                            (rising edge-triggered cell FDCE clocked by sys_clk_pin  {rise@0.000ns fall@5.000ns period=10.000ns})
  Path Group:             sys_clk_pin
  Path Type:              Setup (Max at Slow Process Corner)
  Requirement:            10.000ns  (sys_clk_pin rise@10.000ns - sys_clk_pin rise@0.000ns)
  Data Path Delay:        4.663ns  (logic 1.895ns (40.639%)  route 2.768ns (59.361%))
  Logic Levels:           7  (CARRY4=4 LUT2=1 LUT6=2)
  Clock Path Skew:        -0.025ns (DCD - SCD + CPR)
    Destination Clock Delay (DCD):    4.860ns = ( 14.860 - 10.000 ) 
    Source Clock Delay      (SCD):    5.159ns
    Clock Pessimism Removal (CPR):    0.274ns
  Clock Uncertainty:      0.035ns  ((TSJ^2 + TIJ^2)^1/2 + DJ) / 2 + PE
    Total System Jitter     (TSJ):    0.071ns
    Total Input Jitter      (TIJ):    0.000ns
    Discrete Jitter          (DJ):    0.000ns
    Phase Error              (PE):    0.000ns

    Location             Delay type                Incr(ns)  Path(ns)    Netlist Resource(s)
  -------------------------------------------------------------------    -------------------
                         (clock sys_clk_pin rise edge)
                                                      0.000     0.000 r  
    W5                                                0.000     0.000 r  clk (IN)
                         net (fo=0)                   0.000     0.000    clk
    W5                   IBUF (Prop_ibuf_I_O)         1.458     1.458 r  clk_IBUF_inst/O
                         net (fo=1, routed)           1.967     3.425    clk_IBUF
    BUFGCTRL_X0Y0        BUFG (Prop_bufg_I_O)         0.096     3.521 r  clk_IBUF_BUFG_inst/O
                         net (fo=66, routed)          1.638     5.159    u_uart_controller/u_uart_tx/clk
    SLICE_X0Y45          FDCE                                         r  u_uart_controller/u_uart_tx/r_baud_count_reg[11]/C
  -------------------------------------------------------------------    -------------------
    SLICE_X0Y45          FDCE (Prop_fdce_C_Q)         0.456     5.615 f  u_uart_controller/u_uart_tx/r_baud_count_reg[11]/Q
                         net (fo=7, routed)           0.862     6.478    u_uart_controller/u_uart_tx/r_baud_count_reg[11]
    SLICE_X1Y46          LUT2 (Prop_lut2_I1_O)        0.124     6.602 f  u_uart_controller/u_uart_tx/r_baud_tick_i_4/O
                         net (fo=14, routed)          1.159     7.760    u_uart_controller/u_uart_tx/r_baud_tick_i_4_n_0
    SLICE_X1Y43          LUT6 (Prop_lut6_I1_O)        0.124     7.884 f  u_uart_controller/u_uart_tx/r_baud_tick_i_2/O
                         net (fo=17, routed)          0.552     8.436    u_uart_controller/u_uart_tx/r_baud_tick_i_2_n_0
    SLICE_X1Y43          LUT6 (Prop_lut6_I5_O)        0.124     8.560 r  u_uart_controller/u_uart_tx/r_baud_count[0]_i_2/O
                         net (fo=1, routed)           0.195     8.755    u_uart_controller/u_uart_tx/r_baud_count[0]_i_2_n_0
    SLICE_X0Y43          CARRY4 (Prop_carry4_DI[0]_CO[3])
                                                      0.526     9.281 r  u_uart_controller/u_uart_tx/r_baud_count_reg[0]_i_1/CO[3]
                         net (fo=1, routed)           0.000     9.281    u_uart_controller/u_uart_tx/r_baud_count_reg[0]_i_1_n_0
    SLICE_X0Y44          CARRY4 (Prop_carry4_CI_CO[3])
                                                      0.114     9.395 r  u_uart_controller/u_uart_tx/r_baud_count_reg[4]_i_1/CO[3]
                         net (fo=1, routed)           0.000     9.395    u_uart_controller/u_uart_tx/r_baud_count_reg[4]_i_1_n_0
    SLICE_X0Y45          CARRY4 (Prop_carry4_CI_CO[3])
                                                      0.114     9.509 r  u_uart_controller/u_uart_tx/r_baud_count_reg[8]_i_1/CO[3]
                         net (fo=1, routed)           0.000     9.509    u_uart_controller/u_uart_tx/r_baud_count_reg[8]_i_1_n_0
    SLICE_X0Y46          CARRY4 (Prop_carry4_CI_O[3])
                                                      0.313     9.822 r  u_uart_controller/u_uart_tx/r_baud_count_reg[12]_i_1/O[3]
                         net (fo=1, routed)           0.000     9.822    u_uart_controller/u_uart_tx/r_baud_count_reg[12]_i_1_n_4
    SLICE_X0Y46          FDCE                                         r  u_uart_controller/u_uart_tx/r_baud_count_reg[15]/D
  -------------------------------------------------------------------    -------------------

                         (clock sys_clk_pin rise edge)
                                                     10.000    10.000 r  
    W5                                                0.000    10.000 r  clk (IN)
                         net (fo=0)                   0.000    10.000    clk
    W5                   IBUF (Prop_ibuf_I_O)         1.388    11.388 r  clk_IBUF_inst/O
                         net (fo=1, routed)           1.862    13.250    clk_IBUF
    BUFGCTRL_X0Y0        BUFG (Prop_bufg_I_O)         0.091    13.341 r  clk_IBUF_BUFG_inst/O
                         net (fo=66, routed)          1.519    14.860    u_uart_controller/u_uart_tx/clk
    SLICE_X0Y46          FDCE                                         r  u_uart_controller/u_uart_tx/r_baud_count_reg[15]/C
                         clock pessimism              0.274    15.134    
                         clock uncertainty           -0.035    15.099    
    SLICE_X0Y46          FDCE (Setup_fdce_C_D)        0.062    15.161    u_uart_controller/u_uart_tx/r_baud_count_reg[15]
  -------------------------------------------------------------------
                         required time                         15.161    
                         arrival time                          -9.822    
  -------------------------------------------------------------------
                         slack                                  5.339    

Slack (MET) :             5.413ns  (required time - arrival time)
  Source:                 u_uart_controller/u_uart_tx/r_baud_count_reg[11]/C
                            (rising edge-triggered cell FDCE clocked by sys_clk_pin  {rise@0.000ns fall@5.000ns period=10.000ns})
  Destination:            u_uart_controller/u_uart_tx/r_baud_count_reg[14]/D
                            (rising edge-triggered cell FDCE clocked by sys_clk_pin  {rise@0.000ns fall@5.000ns period=10.000ns})
  Path Group:             sys_clk_pin
  Path Type:              Setup (Max at Slow Process Corner)
  Requirement:            10.000ns  (sys_clk_pin rise@10.000ns - sys_clk_pin rise@0.000ns)
  Data Path Delay:        4.589ns  (logic 1.821ns (39.682%)  route 2.768ns (60.318%))
  Logic Levels:           7  (CARRY4=4 LUT2=1 LUT6=2)
  Clock Path Skew:        -0.025ns (DCD - SCD + CPR)
    Destination Clock Delay (DCD):    4.860ns = ( 14.860 - 10.000 ) 
    Source Clock Delay      (SCD):    5.159ns
    Clock Pessimism Removal (CPR):    0.274ns
  Clock Uncertainty:      0.035ns  ((TSJ^2 + TIJ^2)^1/2 + DJ) / 2 + PE
    Total System Jitter     (TSJ):    0.071ns
    Total Input Jitter      (TIJ):    0.000ns
    Discrete Jitter          (DJ):    0.000ns
    Phase Error              (PE):    0.000ns

    Location             Delay type                Incr(ns)  Path(ns)    Netlist Resource(s)
  -------------------------------------------------------------------    -------------------
                         (clock sys_clk_pin rise edge)
                                                      0.000     0.000 r  
    W5                                                0.000     0.000 r  clk (IN)
                         net (fo=0)                   0.000     0.000    clk
    W5                   IBUF (Prop_ibuf_I_O)         1.458     1.458 r  clk_IBUF_inst/O
                         net (fo=1, routed)           1.967     3.425    clk_IBUF
    BUFGCTRL_X0Y0        BUFG (Prop_bufg_I_O)         0.096     3.521 r  clk_IBUF_BUFG_inst/O
                         net (fo=66, routed)          1.638     5.159    u_uart_controller/u_uart_tx/clk
    SLICE_X0Y45          FDCE                                         r  u_uart_controller/u_uart_tx/r_baud_count_reg[11]/C
  -------------------------------------------------------------------    -------------------
    SLICE_X0Y45          FDCE (Prop_fdce_C_Q)         0.456     5.615 f  u_uart_controller/u_uart_tx/r_baud_count_reg[11]/Q
                         net (fo=7, routed)           0.862     6.478    u_uart_controller/u_uart_tx/r_baud_count_reg[11]
    SLICE_X1Y46          LUT2 (Prop_lut2_I1_O)        0.124     6.602 f  u_uart_controller/u_uart_tx/r_baud_tick_i_4/O
                         net (fo=14, routed)          1.159     7.760    u_uart_controller/u_uart_tx/r_baud_tick_i_4_n_0
    SLICE_X1Y43          LUT6 (Prop_lut6_I1_O)        0.124     7.884 f  u_uart_controller/u_uart_tx/r_baud_tick_i_2/O
                         net (fo=17, routed)          0.552     8.436    u_uart_controller/u_uart_tx/r_baud_tick_i_2_n_0
    SLICE_X1Y43          LUT6 (Prop_lut6_I5_O)        0.124     8.560 r  u_uart_controller/u_uart_tx/r_baud_count[0]_i_2/O
                         net (fo=1, routed)           0.195     8.755    u_uart_controller/u_uart_tx/r_baud_count[0]_i_2_n_0
    SLICE_X0Y43          CARRY4 (Prop_carry4_DI[0]_CO[3])
                                                      0.526     9.281 r  u_uart_controller/u_uart_tx/r_baud_count_reg[0]_i_1/CO[3]
                         net (fo=1, routed)           0.000     9.281    u_uart_controller/u_uart_tx/r_baud_count_reg[0]_i_1_n_0
    SLICE_X0Y44          CARRY4 (Prop_carry4_CI_CO[3])
                                                      0.114     9.395 r  u_uart_controller/u_uart_tx/r_baud_count_reg[4]_i_1/CO[3]
                         net (fo=1, routed)           0.000     9.395    u_uart_controller/u_uart_tx/r_baud_count_reg[4]_i_1_n_0
    SLICE_X0Y45          CARRY4 (Prop_carry4_CI_CO[3])
                                                      0.114     9.509 r  u_uart_controller/u_uart_tx/r_baud_count_reg[8]_i_1/CO[3]
                         net (fo=1, routed)           0.000     9.509    u_uart_controller/u_uart_tx/r_baud_count_reg[8]_i_1_n_0
    SLICE_X0Y46          CARRY4 (Prop_carry4_CI_O[2])
                                                      0.239     9.748 r  u_uart_controller/u_uart_tx/r_baud_count_reg[12]_i_1/O[2]
                         net (fo=1, routed)           0.000     9.748    u_uart_controller/u_uart_tx/r_baud_count_reg[12]_i_1_n_5
    SLICE_X0Y46          FDCE                                         r  u_uart_controller/u_uart_tx/r_baud_count_reg[14]/D
  -------------------------------------------------------------------    -------------------

                         (clock sys_clk_pin rise edge)
                                                     10.000    10.000 r  
    W5                                                0.000    10.000 r  clk (IN)
                         net (fo=0)                   0.000    10.000    clk
    W5                   IBUF (Prop_ibuf_I_O)         1.388    11.388 r  clk_IBUF_inst/O
                         net (fo=1, routed)           1.862    13.250    clk_IBUF
    BUFGCTRL_X0Y0        BUFG (Prop_bufg_I_O)         0.091    13.341 r  clk_IBUF_BUFG_inst/O
                         net (fo=66, routed)          1.519    14.860    u_uart_controller/u_uart_tx/clk
    SLICE_X0Y46          FDCE                                         r  u_uart_controller/u_uart_tx/r_baud_count_reg[14]/C
                         clock pessimism              0.274    15.134    
                         clock uncertainty           -0.035    15.099    
    SLICE_X0Y46          FDCE (Setup_fdce_C_D)        0.062    15.161    u_uart_controller/u_uart_tx/r_baud_count_reg[14]
  -------------------------------------------------------------------
                         required time                         15.161    
                         arrival time                          -9.748    
  -------------------------------------------------------------------
                         slack                                  5.413    

Slack (MET) :             5.429ns  (required time - arrival time)
  Source:                 u_uart_controller/u_uart_tx/r_baud_count_reg[11]/C
                            (rising edge-triggered cell FDCE clocked by sys_clk_pin  {rise@0.000ns fall@5.000ns period=10.000ns})
  Destination:            u_uart_controller/u_uart_tx/r_baud_count_reg[12]/D
                            (rising edge-triggered cell FDCE clocked by sys_clk_pin  {rise@0.000ns fall@5.000ns period=10.000ns})
  Path Group:             sys_clk_pin
  Path Type:              Setup (Max at Slow Process Corner)
  Requirement:            10.000ns  (sys_clk_pin rise@10.000ns - sys_clk_pin rise@0.000ns)
  Data Path Delay:        4.573ns  (logic 1.805ns (39.471%)  route 2.768ns (60.529%))
  Logic Levels:           7  (CARRY4=4 LUT2=1 LUT6=2)
  Clock Path Skew:        -0.025ns (DCD - SCD + CPR)
    Destination Clock Delay (DCD):    4.860ns = ( 14.860 - 10.000 ) 
    Source Clock Delay      (SCD):    5.159ns
    Clock Pessimism Removal (CPR):    0.274ns
  Clock Uncertainty:      0.035ns  ((TSJ^2 + TIJ^2)^1/2 + DJ) / 2 + PE
    Total System Jitter     (TSJ):    0.071ns
    Total Input Jitter      (TIJ):    0.000ns
    Discrete Jitter          (DJ):    0.000ns
    Phase Error              (PE):    0.000ns

    Location             Delay type                Incr(ns)  Path(ns)    Netlist Resource(s)
  -------------------------------------------------------------------    -------------------
                         (clock sys_clk_pin rise edge)
                                                      0.000     0.000 r  
    W5                                                0.000     0.000 r  clk (IN)
                         net (fo=0)                   0.000     0.000    clk
    W5                   IBUF (Prop_ibuf_I_O)         1.458     1.458 r  clk_IBUF_inst/O
                         net (fo=1, routed)           1.967     3.425    clk_IBUF
    BUFGCTRL_X0Y0        BUFG (Prop_bufg_I_O)         0.096     3.521 r  clk_IBUF_BUFG_inst/O
                         net (fo=66, routed)          1.638     5.159    u_uart_controller/u_uart_tx/clk
    SLICE_X0Y45          FDCE                                         r  u_uart_controller/u_uart_tx/r_baud_count_reg[11]/C
  -------------------------------------------------------------------    -------------------
    SLICE_X0Y45          FDCE (Prop_fdce_C_Q)         0.456     5.615 f  u_uart_controller/u_uart_tx/r_baud_count_reg[11]/Q
                         net (fo=7, routed)           0.862     6.478    u_uart_controller/u_uart_tx/r_baud_count_reg[11]
    SLICE_X1Y46          LUT2 (Prop_lut2_I1_O)        0.124     6.602 f  u_uart_controller/u_uart_tx/r_baud_tick_i_4/O
                         net (fo=14, routed)          1.159     7.760    u_uart_controller/u_uart_tx/r_baud_tick_i_4_n_0
    SLICE_X1Y43          LUT6 (Prop_lut6_I1_O)        0.124     7.884 f  u_uart_controller/u_uart_tx/r_baud_tick_i_2/O
                         net (fo=17, routed)          0.552     8.436    u_uart_controller/u_uart_tx/r_baud_tick_i_2_n_0
    SLICE_X1Y43          LUT6 (Prop_lut6_I5_O)        0.124     8.560 r  u_uart_controller/u_uart_tx/r_baud_count[0]_i_2/O
                         net (fo=1, routed)           0.195     8.755    u_uart_controller/u_uart_tx/r_baud_count[0]_i_2_n_0
    SLICE_X0Y43          CARRY4 (Prop_carry4_DI[0]_CO[3])
                                                      0.526     9.281 r  u_uart_controller/u_uart_tx/r_baud_count_reg[0]_i_1/CO[3]
                         net (fo=1, routed)           0.000     9.281    u_uart_controller/u_uart_tx/r_baud_count_reg[0]_i_1_n_0
    SLICE_X0Y44          CARRY4 (Prop_carry4_CI_CO[3])
                                                      0.114     9.395 r  u_uart_controller/u_uart_tx/r_baud_count_reg[4]_i_1/CO[3]
                         net (fo=1, routed)           0.000     9.395    u_uart_controller/u_uart_tx/r_baud_count_reg[4]_i_1_n_0
    SLICE_X0Y45          CARRY4 (Prop_carry4_CI_CO[3])
                                                      0.114     9.509 r  u_uart_controller/u_uart_tx/r_baud_count_reg[8]_i_1/CO[3]
                         net (fo=1, routed)           0.000     9.509    u_uart_controller/u_uart_tx/r_baud_count_reg[8]_i_1_n_0
    SLICE_X0Y46          CARRY4 (Prop_carry4_CI_O[0])
                                                      0.223     9.732 r  u_uart_controller/u_uart_tx/r_baud_count_reg[12]_i_1/O[0]
                         net (fo=1, routed)           0.000     9.732    u_uart_controller/u_uart_tx/r_baud_count_reg[12]_i_1_n_7
    SLICE_X0Y46          FDCE                                         r  u_uart_controller/u_uart_tx/r_baud_count_reg[12]/D
  -------------------------------------------------------------------    -------------------

                         (clock sys_clk_pin rise edge)
                                                     10.000    10.000 r  
    W5                                                0.000    10.000 r  clk (IN)
                         net (fo=0)                   0.000    10.000    clk
    W5                   IBUF (Prop_ibuf_I_O)         1.388    11.388 r  clk_IBUF_inst/O
                         net (fo=1, routed)           1.862    13.250    clk_IBUF
    BUFGCTRL_X0Y0        BUFG (Prop_bufg_I_O)         0.091    13.341 r  clk_IBUF_BUFG_inst/O
                         net (fo=66, routed)          1.519    14.860    u_uart_controller/u_uart_tx/clk
    SLICE_X0Y46          FDCE                                         r  u_uart_controller/u_uart_tx/r_baud_count_reg[12]/C
                         clock pessimism              0.274    15.134    
                         clock uncertainty           -0.035    15.099    
    SLICE_X0Y46          FDCE (Setup_fdce_C_D)        0.062    15.161    u_uart_controller/u_uart_tx/r_baud_count_reg[12]
  -------------------------------------------------------------------
                         required time                         15.161    
                         arrival time                          -9.732    
  -------------------------------------------------------------------
                         slack                                  5.429    

Slack (MET) :             5.457ns  (required time - arrival time)
  Source:                 u_uart_controller/u_uart_tx/r_baud_count_reg[11]/C
                            (rising edge-triggered cell FDCE clocked by sys_clk_pin  {rise@0.000ns fall@5.000ns period=10.000ns})
  Destination:            u_uart_controller/u_uart_tx/r_baud_count_reg[9]/D
                            (rising edge-triggered cell FDCE clocked by sys_clk_pin  {rise@0.000ns fall@5.000ns period=10.000ns})
  Path Group:             sys_clk_pin
  Path Type:              Setup (Max at Slow Process Corner)
  Requirement:            10.000ns  (sys_clk_pin rise@10.000ns - sys_clk_pin rise@0.000ns)
  Data Path Delay:        4.570ns  (logic 1.802ns (39.431%)  route 2.768ns (60.569%))
  Logic Levels:           6  (CARRY4=3 LUT2=1 LUT6=2)
  Clock Path Skew:        0.000ns (DCD - SCD + CPR)
    Destination Clock Delay (DCD):    4.860ns = ( 14.860 - 10.000 ) 
    Source Clock Delay      (SCD):    5.159ns
    Clock Pessimism Removal (CPR):    0.299ns
  Clock Uncertainty:      0.035ns  ((TSJ^2 + TIJ^2)^1/2 + DJ) / 2 + PE
    Total System Jitter     (TSJ):    0.071ns
    Total Input Jitter      (TIJ):    0.000ns
    Discrete Jitter          (DJ):    0.000ns
    Phase Error              (PE):    0.000ns

    Location             Delay type                Incr(ns)  Path(ns)    Netlist Resource(s)
  -------------------------------------------------------------------    -------------------
                         (clock sys_clk_pin rise edge)
                                                      0.000     0.000 r  
    W5                                                0.000     0.000 r  clk (IN)
                         net (fo=0)                   0.000     0.000    clk
    W5                   IBUF (Prop_ibuf_I_O)         1.458     1.458 r  clk_IBUF_inst/O
                         net (fo=1, routed)           1.967     3.425    clk_IBUF
    BUFGCTRL_X0Y0        BUFG (Prop_bufg_I_O)         0.096     3.521 r  clk_IBUF_BUFG_inst/O
                         net (fo=66, routed)          1.638     5.159    u_uart_controller/u_uart_tx/clk
    SLICE_X0Y45          FDCE                                         r  u_uart_controller/u_uart_tx/r_baud_count_reg[11]/C
  -------------------------------------------------------------------    -------------------
    SLICE_X0Y45          FDCE (Prop_fdce_C_Q)         0.456     5.615 f  u_uart_controller/u_uart_tx/r_baud_count_reg[11]/Q
                         net (fo=7, routed)           0.862     6.478    u_uart_controller/u_uart_tx/r_baud_count_reg[11]
    SLICE_X1Y46          LUT2 (Prop_lut2_I1_O)        0.124     6.602 f  u_uart_controller/u_uart_tx/r_baud_tick_i_4/O
                         net (fo=14, routed)          1.159     7.760    u_uart_controller/u_uart_tx/r_baud_tick_i_4_n_0
    SLICE_X1Y43          LUT6 (Prop_lut6_I1_O)        0.124     7.884 f  u_uart_controller/u_uart_tx/r_baud_tick_i_2/O
                         net (fo=17, routed)          0.552     8.436    u_uart_controller/u_uart_tx/r_baud_tick_i_2_n_0
    SLICE_X1Y43          LUT6 (Prop_lut6_I5_O)        0.124     8.560 r  u_uart_controller/u_uart_tx/r_baud_count[0]_i_2/O
                         net (fo=1, routed)           0.195     8.755    u_uart_controller/u_uart_tx/r_baud_count[0]_i_2_n_0
    SLICE_X0Y43          CARRY4 (Prop_carry4_DI[0]_CO[3])
                                                      0.526     9.281 r  u_uart_controller/u_uart_tx/r_baud_count_reg[0]_i_1/CO[3]
                         net (fo=1, routed)           0.000     9.281    u_uart_controller/u_uart_tx/r_baud_count_reg[0]_i_1_n_0
    SLICE_X0Y44          CARRY4 (Prop_carry4_CI_CO[3])
                                                      0.114     9.395 r  u_uart_controller/u_uart_tx/r_baud_count_reg[4]_i_1/CO[3]
                         net (fo=1, routed)           0.000     9.395    u_uart_controller/u_uart_tx/r_baud_count_reg[4]_i_1_n_0
    SLICE_X0Y45          CARRY4 (Prop_carry4_CI_O[1])
                                                      0.334     9.729 r  u_uart_controller/u_uart_tx/r_baud_count_reg[8]_i_1/O[1]
                         net (fo=1, routed)           0.000     9.729    u_uart_controller/u_uart_tx/r_baud_count_reg[8]_i_1_n_6
    SLICE_X0Y45          FDCE                                         r  u_uart_controller/u_uart_tx/r_baud_count_reg[9]/D
  -------------------------------------------------------------------    -------------------

                         (clock sys_clk_pin rise edge)
                                                     10.000    10.000 r  
    W5                                                0.000    10.000 r  clk (IN)
                         net (fo=0)                   0.000    10.000    clk
    W5                   IBUF (Prop_ibuf_I_O)         1.388    11.388 r  clk_IBUF_inst/O
                         net (fo=1, routed)           1.862    13.250    clk_IBUF
    BUFGCTRL_X0Y0        BUFG (Prop_bufg_I_O)         0.091    13.341 r  clk_IBUF_BUFG_inst/O
                         net (fo=66, routed)          1.519    14.860    u_uart_controller/u_uart_tx/clk
    SLICE_X0Y45          FDCE                                         r  u_uart_controller/u_uart_tx/r_baud_count_reg[9]/C
                         clock pessimism              0.299    15.159    
                         clock uncertainty           -0.035    15.124    
    SLICE_X0Y45          FDCE (Setup_fdce_C_D)        0.062    15.186    u_uart_controller/u_uart_tx/r_baud_count_reg[9]
  -------------------------------------------------------------------
                         required time                         15.186    
                         arrival time                          -9.729    
  -------------------------------------------------------------------
                         slack                                  5.457    

Slack (MET) :             5.478ns  (required time - arrival time)
  Source:                 u_uart_controller/u_uart_tx/r_baud_count_reg[11]/C
                            (rising edge-triggered cell FDCE clocked by sys_clk_pin  {rise@0.000ns fall@5.000ns period=10.000ns})
  Destination:            u_uart_controller/u_uart_tx/r_baud_count_reg[11]/D
                            (rising edge-triggered cell FDCE clocked by sys_clk_pin  {rise@0.000ns fall@5.000ns period=10.000ns})
  Path Group:             sys_clk_pin
  Path Type:              Setup (Max at Slow Process Corner)
  Requirement:            10.000ns  (sys_clk_pin rise@10.000ns - sys_clk_pin rise@0.000ns)
  Data Path Delay:        4.549ns  (logic 1.781ns (39.152%)  route 2.768ns (60.848%))
  Logic Levels:           6  (CARRY4=3 LUT2=1 LUT6=2)
  Clock Path Skew:        0.000ns (DCD - SCD + CPR)
    Destination Clock Delay (DCD):    4.860ns = ( 14.860 - 10.000 ) 
    Source Clock Delay      (SCD):    5.159ns
    Clock Pessimism Removal (CPR):    0.299ns
  Clock Uncertainty:      0.035ns  ((TSJ^2 + TIJ^2)^1/2 + DJ) / 2 + PE
    Total System Jitter     (TSJ):    0.071ns
    Total Input Jitter      (TIJ):    0.000ns
    Discrete Jitter          (DJ):    0.000ns
    Phase Error              (PE):    0.000ns

    Location             Delay type                Incr(ns)  Path(ns)    Netlist Resource(s)
  -------------------------------------------------------------------    -------------------
                         (clock sys_clk_pin rise edge)
                                                      0.000     0.000 r  
    W5                                                0.000     0.000 r  clk (IN)
                         net (fo=0)                   0.000     0.000    clk
    W5                   IBUF (Prop_ibuf_I_O)         1.458     1.458 r  clk_IBUF_inst/O
                         net (fo=1, routed)           1.967     3.425    clk_IBUF
    BUFGCTRL_X0Y0        BUFG (Prop_bufg_I_O)         0.096     3.521 r  clk_IBUF_BUFG_inst/O
                         net (fo=66, routed)          1.638     5.159    u_uart_controller/u_uart_tx/clk
    SLICE_X0Y45          FDCE                                         r  u_uart_controller/u_uart_tx/r_baud_count_reg[11]/C
  -------------------------------------------------------------------    -------------------
    SLICE_X0Y45          FDCE (Prop_fdce_C_Q)         0.456     5.615 f  u_uart_controller/u_uart_tx/r_baud_count_reg[11]/Q
                         net (fo=7, routed)           0.862     6.478    u_uart_controller/u_uart_tx/r_baud_count_reg[11]
    SLICE_X1Y46          LUT2 (Prop_lut2_I1_O)        0.124     6.602 f  u_uart_controller/u_uart_tx/r_baud_tick_i_4/O
                         net (fo=14, routed)          1.159     7.760    u_uart_controller/u_uart_tx/r_baud_tick_i_4_n_0
    SLICE_X1Y43          LUT6 (Prop_lut6_I1_O)        0.124     7.884 f  u_uart_controller/u_uart_tx/r_baud_tick_i_2/O
                         net (fo=17, routed)          0.552     8.436    u_uart_controller/u_uart_tx/r_baud_tick_i_2_n_0
    SLICE_X1Y43          LUT6 (Prop_lut6_I5_O)        0.124     8.560 r  u_uart_controller/u_uart_tx/r_baud_count[0]_i_2/O
                         net (fo=1, routed)           0.195     8.755    u_uart_controller/u_uart_tx/r_baud_count[0]_i_2_n_0
    SLICE_X0Y43          CARRY4 (Prop_carry4_DI[0]_CO[3])
                                                      0.526     9.281 r  u_uart_controller/u_uart_tx/r_baud_count_reg[0]_i_1/CO[3]
                         net (fo=1, routed)           0.000     9.281    u_uart_controller/u_uart_tx/r_baud_count_reg[0]_i_1_n_0
    SLICE_X0Y44          CARRY4 (Prop_carry4_CI_CO[3])
                                                      0.114     9.395 r  u_uart_controller/u_uart_tx/r_baud_count_reg[4]_i_1/CO[3]
                         net (fo=1, routed)           0.000     9.395    u_uart_controller/u_uart_tx/r_baud_count_reg[4]_i_1_n_0
    SLICE_X0Y45          CARRY4 (Prop_carry4_CI_O[3])
                                                      0.313     9.708 r  u_uart_controller/u_uart_tx/r_baud_count_reg[8]_i_1/O[3]
                         net (fo=1, routed)           0.000     9.708    u_uart_controller/u_uart_tx/r_baud_count_reg[8]_i_1_n_4
    SLICE_X0Y45          FDCE                                         r  u_uart_controller/u_uart_tx/r_baud_count_reg[11]/D
  -------------------------------------------------------------------    -------------------

                         (clock sys_clk_pin rise edge)
                                                     10.000    10.000 r  
    W5                                                0.000    10.000 r  clk (IN)
                         net (fo=0)                   0.000    10.000    clk
    W5                   IBUF (Prop_ibuf_I_O)         1.388    11.388 r  clk_IBUF_inst/O
                         net (fo=1, routed)           1.862    13.250    clk_IBUF
    BUFGCTRL_X0Y0        BUFG (Prop_bufg_I_O)         0.091    13.341 r  clk_IBUF_BUFG_inst/O
                         net (fo=66, routed)          1.519    14.860    u_uart_controller/u_uart_tx/clk
    SLICE_X0Y45          FDCE                                         r  u_uart_controller/u_uart_tx/r_baud_count_reg[11]/C
                         clock pessimism              0.299    15.159    
                         clock uncertainty           -0.035    15.124    
    SLICE_X0Y45          FDCE (Setup_fdce_C_D)        0.062    15.186    u_uart_controller/u_uart_tx/r_baud_count_reg[11]
  -------------------------------------------------------------------
                         required time                         15.186    
                         arrival time                          -9.708    
  -------------------------------------------------------------------
                         slack                                  5.478    

Slack (MET) :             5.546ns  (required time - arrival time)
  Source:                 u_uart_controller/u_uart_tx/r_baud_count_reg[11]/C
                            (rising edge-triggered cell FDCE clocked by sys_clk_pin  {rise@0.000ns fall@5.000ns period=10.000ns})
  Destination:            u_uart_controller/u_uart_tx/r_baud_count_reg[5]/D
                            (rising edge-triggered cell FDCE clocked by sys_clk_pin  {rise@0.000ns fall@5.000ns period=10.000ns})
  Path Group:             sys_clk_pin
  Path Type:              Setup (Max at Slow Process Corner)
  Requirement:            10.000ns  (sys_clk_pin rise@10.000ns - sys_clk_pin rise@0.000ns)
  Data Path Delay:        4.456ns  (logic 1.688ns (37.882%)  route 2.768ns (62.118%))
  Logic Levels:           5  (CARRY4=2 LUT2=1 LUT6=2)
  Clock Path Skew:        -0.025ns (DCD - SCD + CPR)
    Destination Clock Delay (DCD):    4.860ns = ( 14.860 - 10.000 ) 
    Source Clock Delay      (SCD):    5.159ns
    Clock Pessimism Removal (CPR):    0.274ns
  Clock Uncertainty:      0.035ns  ((TSJ^2 + TIJ^2)^1/2 + DJ) / 2 + PE
    Total System Jitter     (TSJ):    0.071ns
    Total Input Jitter      (TIJ):    0.000ns
    Discrete Jitter          (DJ):    0.000ns
    Phase Error              (PE):    0.000ns

    Location             Delay type                Incr(ns)  Path(ns)    Netlist Resource(s)
  -------------------------------------------------------------------    -------------------
                         (clock sys_clk_pin rise edge)
                                                      0.000     0.000 r  
    W5                                                0.000     0.000 r  clk (IN)
                         net (fo=0)                   0.000     0.000    clk
    W5                   IBUF (Prop_ibuf_I_O)         1.458     1.458 r  clk_IBUF_inst/O
                         net (fo=1, routed)           1.967     3.425    clk_IBUF
    BUFGCTRL_X0Y0        BUFG (Prop_bufg_I_O)         0.096     3.521 r  clk_IBUF_BUFG_inst/O
                         net (fo=66, routed)          1.638     5.159    u_uart_controller/u_uart_tx/clk
    SLICE_X0Y45          FDCE                                         r  u_uart_controller/u_uart_tx/r_baud_count_reg[11]/C
  -------------------------------------------------------------------    -------------------
    SLICE_X0Y45          FDCE (Prop_fdce_C_Q)         0.456     5.615 f  u_uart_controller/u_uart_tx/r_baud_count_reg[11]/Q
                         net (fo=7, routed)           0.862     6.478    u_uart_controller/u_uart_tx/r_baud_count_reg[11]
    SLICE_X1Y46          LUT2 (Prop_lut2_I1_O)        0.124     6.602 f  u_uart_controller/u_uart_tx/r_baud_tick_i_4/O
                         net (fo=14, routed)          1.159     7.760    u_uart_controller/u_uart_tx/r_baud_tick_i_4_n_0
    SLICE_X1Y43          LUT6 (Prop_lut6_I1_O)        0.124     7.884 f  u_uart_controller/u_uart_tx/r_baud_tick_i_2/O
                         net (fo=17, routed)          0.552     8.436    u_uart_controller/u_uart_tx/r_baud_tick_i_2_n_0
    SLICE_X1Y43          LUT6 (Prop_lut6_I5_O)        0.124     8.560 r  u_uart_controller/u_uart_tx/r_baud_count[0]_i_2/O
                         net (fo=1, routed)           0.195     8.755    u_uart_controller/u_uart_tx/r_baud_count[0]_i_2_n_0
    SLICE_X0Y43          CARRY4 (Prop_carry4_DI[0]_CO[3])
                                                      0.526     9.281 r  u_uart_controller/u_uart_tx/r_baud_count_reg[0]_i_1/CO[3]
                         net (fo=1, routed)           0.000     9.281    u_uart_controller/u_uart_tx/r_baud_count_reg[0]_i_1_n_0
    SLICE_X0Y44          CARRY4 (Prop_carry4_CI_O[1])
                                                      0.334     9.615 r  u_uart_controller/u_uart_tx/r_baud_count_reg[4]_i_1/O[1]
                         net (fo=1, routed)           0.000     9.615    u_uart_controller/u_uart_tx/r_baud_count_reg[4]_i_1_n_6
    SLICE_X0Y44          FDCE                                         r  u_uart_controller/u_uart_tx/r_baud_count_reg[5]/D
  -------------------------------------------------------------------    -------------------

                         (clock sys_clk_pin rise edge)
                                                     10.000    10.000 r  
    W5                                                0.000    10.000 r  clk (IN)
                         net (fo=0)                   0.000    10.000    clk
    W5                   IBUF (Prop_ibuf_I_O)         1.388    11.388 r  clk_IBUF_inst/O
                         net (fo=1, routed)           1.862    13.250    clk_IBUF
    BUFGCTRL_X0Y0        BUFG (Prop_bufg_I_O)         0.091    13.341 r  clk_IBUF_BUFG_inst/O
                         net (fo=66, routed)          1.519    14.860    u_uart_controller/u_uart_tx/clk
    SLICE_X0Y44          FDCE                                         r  u_uart_controller/u_uart_tx/r_baud_count_reg[5]/C
                         clock pessimism              0.274    15.134    
                         clock uncertainty           -0.035    15.099    
    SLICE_X0Y44          FDCE (Setup_fdce_C_D)        0.062    15.161    u_uart_controller/u_uart_tx/r_baud_count_reg[5]
  -------------------------------------------------------------------
                         required time                         15.161    
                         arrival time                          -9.615    
  -------------------------------------------------------------------
                         slack                                  5.546    

Slack (MET) :             5.552ns  (required time - arrival time)
  Source:                 u_uart_controller/u_uart_tx/r_baud_count_reg[11]/C
                            (rising edge-triggered cell FDCE clocked by sys_clk_pin  {rise@0.000ns fall@5.000ns period=10.000ns})
  Destination:            u_uart_controller/u_uart_tx/r_baud_count_reg[10]/D
                            (rising edge-triggered cell FDCE clocked by sys_clk_pin  {rise@0.000ns fall@5.000ns period=10.000ns})
  Path Group:             sys_clk_pin
  Path Type:              Setup (Max at Slow Process Corner)
  Requirement:            10.000ns  (sys_clk_pin rise@10.000ns - sys_clk_pin rise@0.000ns)
  Data Path Delay:        4.475ns  (logic 1.707ns (38.146%)  route 2.768ns (61.854%))
  Logic Levels:           6  (CARRY4=3 LUT2=1 LUT6=2)
  Clock Path Skew:        0.000ns (DCD - SCD + CPR)
    Destination Clock Delay (DCD):    4.860ns = ( 14.860 - 10.000 ) 
    Source Clock Delay      (SCD):    5.159ns
    Clock Pessimism Removal (CPR):    0.299ns
  Clock Uncertainty:      0.035ns  ((TSJ^2 + TIJ^2)^1/2 + DJ) / 2 + PE
    Total System Jitter     (TSJ):    0.071ns
    Total Input Jitter      (TIJ):    0.000ns
    Discrete Jitter          (DJ):    0.000ns
    Phase Error              (PE):    0.000ns

    Location             Delay type                Incr(ns)  Path(ns)    Netlist Resource(s)
  -------------------------------------------------------------------    -------------------
                         (clock sys_clk_pin rise edge)
                                                      0.000     0.000 r  
    W5                                                0.000     0.000 r  clk (IN)
                         net (fo=0)                   0.000     0.000    clk
    W5                   IBUF (Prop_ibuf_I_O)         1.458     1.458 r  clk_IBUF_inst/O
                         net (fo=1, routed)           1.967     3.425    clk_IBUF
    BUFGCTRL_X0Y0        BUFG (Prop_bufg_I_O)         0.096     3.521 r  clk_IBUF_BUFG_inst/O
                         net (fo=66, routed)          1.638     5.159    u_uart_controller/u_uart_tx/clk
    SLICE_X0Y45          FDCE                                         r  u_uart_controller/u_uart_tx/r_baud_count_reg[11]/C
  -------------------------------------------------------------------    -------------------
    SLICE_X0Y45          FDCE (Prop_fdce_C_Q)         0.456     5.615 f  u_uart_controller/u_uart_tx/r_baud_count_reg[11]/Q
                         net (fo=7, routed)           0.862     6.478    u_uart_controller/u_uart_tx/r_baud_count_reg[11]
    SLICE_X1Y46          LUT2 (Prop_lut2_I1_O)        0.124     6.602 f  u_uart_controller/u_uart_tx/r_baud_tick_i_4/O
                         net (fo=14, routed)          1.159     7.760    u_uart_controller/u_uart_tx/r_baud_tick_i_4_n_0
    SLICE_X1Y43          LUT6 (Prop_lut6_I1_O)        0.124     7.884 f  u_uart_controller/u_uart_tx/r_baud_tick_i_2/O
                         net (fo=17, routed)          0.552     8.436    u_uart_controller/u_uart_tx/r_baud_tick_i_2_n_0
    SLICE_X1Y43          LUT6 (Prop_lut6_I5_O)        0.124     8.560 r  u_uart_controller/u_uart_tx/r_baud_count[0]_i_2/O
                         net (fo=1, routed)           0.195     8.755    u_uart_controller/u_uart_tx/r_baud_count[0]_i_2_n_0
    SLICE_X0Y43          CARRY4 (Prop_carry4_DI[0]_CO[3])
                                                      0.526     9.281 r  u_uart_controller/u_uart_tx/r_baud_count_reg[0]_i_1/CO[3]
                         net (fo=1, routed)           0.000     9.281    u_uart_controller/u_uart_tx/r_baud_count_reg[0]_i_1_n_0
    SLICE_X0Y44          CARRY4 (Prop_carry4_CI_CO[3])
                                                      0.114     9.395 r  u_uart_controller/u_uart_tx/r_baud_count_reg[4]_i_1/CO[3]
                         net (fo=1, routed)           0.000     9.395    u_uart_controller/u_uart_tx/r_baud_count_reg[4]_i_1_n_0
    SLICE_X0Y45          CARRY4 (Prop_carry4_CI_O[2])
                                                      0.239     9.634 r  u_uart_controller/u_uart_tx/r_baud_count_reg[8]_i_1/O[2]
                         net (fo=1, routed)           0.000     9.634    u_uart_controller/u_uart_tx/r_baud_count_reg[8]_i_1_n_5
    SLICE_X0Y45          FDCE                                         r  u_uart_controller/u_uart_tx/r_baud_count_reg[10]/D
  -------------------------------------------------------------------    -------------------

                         (clock sys_clk_pin rise edge)
                                                     10.000    10.000 r  
    W5                                                0.000    10.000 r  clk (IN)
                         net (fo=0)                   0.000    10.000    clk
    W5                   IBUF (Prop_ibuf_I_O)         1.388    11.388 r  clk_IBUF_inst/O
                         net (fo=1, routed)           1.862    13.250    clk_IBUF
    BUFGCTRL_X0Y0        BUFG (Prop_bufg_I_O)         0.091    13.341 r  clk_IBUF_BUFG_inst/O
                         net (fo=66, routed)          1.519    14.860    u_uart_controller/u_uart_tx/clk
    SLICE_X0Y45          FDCE                                         r  u_uart_controller/u_uart_tx/r_baud_count_reg[10]/C
                         clock pessimism              0.299    15.159    
                         clock uncertainty           -0.035    15.124    
    SLICE_X0Y45          FDCE (Setup_fdce_C_D)        0.062    15.186    u_uart_controller/u_uart_tx/r_baud_count_reg[10]
  -------------------------------------------------------------------
                         required time                         15.186    
                         arrival time                          -9.634    
  -------------------------------------------------------------------
                         slack                                  5.552    

Slack (MET) :             5.567ns  (required time - arrival time)
  Source:                 u_uart_controller/u_uart_tx/r_baud_count_reg[11]/C
                            (rising edge-triggered cell FDCE clocked by sys_clk_pin  {rise@0.000ns fall@5.000ns period=10.000ns})
  Destination:            u_uart_controller/u_uart_tx/r_baud_count_reg[7]/D
                            (rising edge-triggered cell FDCE clocked by sys_clk_pin  {rise@0.000ns fall@5.000ns period=10.000ns})
  Path Group:             sys_clk_pin
  Path Type:              Setup (Max at Slow Process Corner)
  Requirement:            10.000ns  (sys_clk_pin rise@10.000ns - sys_clk_pin rise@0.000ns)
  Data Path Delay:        4.435ns  (logic 1.667ns (37.588%)  route 2.768ns (62.412%))
  Logic Levels:           5  (CARRY4=2 LUT2=1 LUT6=2)
  Clock Path Skew:        -0.025ns (DCD - SCD + CPR)
    Destination Clock Delay (DCD):    4.860ns = ( 14.860 - 10.000 ) 
    Source Clock Delay      (SCD):    5.159ns
    Clock Pessimism Removal (CPR):    0.274ns
  Clock Uncertainty:      0.035ns  ((TSJ^2 + TIJ^2)^1/2 + DJ) / 2 + PE
    Total System Jitter     (TSJ):    0.071ns
    Total Input Jitter      (TIJ):    0.000ns
    Discrete Jitter          (DJ):    0.000ns
    Phase Error              (PE):    0.000ns

    Location             Delay type                Incr(ns)  Path(ns)    Netlist Resource(s)
  -------------------------------------------------------------------    -------------------
                         (clock sys_clk_pin rise edge)
                                                      0.000     0.000 r  
    W5                                                0.000     0.000 r  clk (IN)
                         net (fo=0)                   0.000     0.000    clk
    W5                   IBUF (Prop_ibuf_I_O)         1.458     1.458 r  clk_IBUF_inst/O
                         net (fo=1, routed)           1.967     3.425    clk_IBUF
    BUFGCTRL_X0Y0        BUFG (Prop_bufg_I_O)         0.096     3.521 r  clk_IBUF_BUFG_inst/O
                         net (fo=66, routed)          1.638     5.159    u_uart_controller/u_uart_tx/clk
    SLICE_X0Y45          FDCE                                         r  u_uart_controller/u_uart_tx/r_baud_count_reg[11]/C
  -------------------------------------------------------------------    -------------------
    SLICE_X0Y45          FDCE (Prop_fdce_C_Q)         0.456     5.615 f  u_uart_controller/u_uart_tx/r_baud_count_reg[11]/Q
                         net (fo=7, routed)           0.862     6.478    u_uart_controller/u_uart_tx/r_baud_count_reg[11]
    SLICE_X1Y46          LUT2 (Prop_lut2_I1_O)        0.124     6.602 f  u_uart_controller/u_uart_tx/r_baud_tick_i_4/O
                         net (fo=14, routed)          1.159     7.760    u_uart_controller/u_uart_tx/r_baud_tick_i_4_n_0
    SLICE_X1Y43          LUT6 (Prop_lut6_I1_O)        0.124     7.884 f  u_uart_controller/u_uart_tx/r_baud_tick_i_2/O
                         net (fo=17, routed)          0.552     8.436    u_uart_controller/u_uart_tx/r_baud_tick_i_2_n_0
    SLICE_X1Y43          LUT6 (Prop_lut6_I5_O)        0.124     8.560 r  u_uart_controller/u_uart_tx/r_baud_count[0]_i_2/O
                         net (fo=1, routed)           0.195     8.755    u_uart_controller/u_uart_tx/r_baud_count[0]_i_2_n_0
    SLICE_X0Y43          CARRY4 (Prop_carry4_DI[0]_CO[3])
                                                      0.526     9.281 r  u_uart_controller/u_uart_tx/r_baud_count_reg[0]_i_1/CO[3]
                         net (fo=1, routed)           0.000     9.281    u_uart_controller/u_uart_tx/r_baud_count_reg[0]_i_1_n_0
    SLICE_X0Y44          CARRY4 (Prop_carry4_CI_O[3])
                                                      0.313     9.594 r  u_uart_controller/u_uart_tx/r_baud_count_reg[4]_i_1/O[3]
                         net (fo=1, routed)           0.000     9.594    u_uart_controller/u_uart_tx/r_baud_count_reg[4]_i_1_n_4
    SLICE_X0Y44          FDCE                                         r  u_uart_controller/u_uart_tx/r_baud_count_reg[7]/D
  -------------------------------------------------------------------    -------------------

                         (clock sys_clk_pin rise edge)
                                                     10.000    10.000 r  
    W5                                                0.000    10.000 r  clk (IN)
                         net (fo=0)                   0.000    10.000    clk
    W5                   IBUF (Prop_ibuf_I_O)         1.388    11.388 r  clk_IBUF_inst/O
                         net (fo=1, routed)           1.862    13.250    clk_IBUF
    BUFGCTRL_X0Y0        BUFG (Prop_bufg_I_O)         0.091    13.341 r  clk_IBUF_BUFG_inst/O
                         net (fo=66, routed)          1.519    14.860    u_uart_controller/u_uart_tx/clk
    SLICE_X0Y44          FDCE                                         r  u_uart_controller/u_uart_tx/r_baud_count_reg[7]/C
                         clock pessimism              0.274    15.134    
                         clock uncertainty           -0.035    15.099    
    SLICE_X0Y44          FDCE (Setup_fdce_C_D)        0.062    15.161    u_uart_controller/u_uart_tx/r_baud_count_reg[7]
  -------------------------------------------------------------------
                         required time                         15.161    
                         arrival time                          -9.594    
  -------------------------------------------------------------------
                         slack                                  5.567    

Slack (MET) :             5.568ns  (required time - arrival time)
  Source:                 u_uart_controller/u_uart_tx/r_baud_count_reg[11]/C
                            (rising edge-triggered cell FDCE clocked by sys_clk_pin  {rise@0.000ns fall@5.000ns period=10.000ns})
  Destination:            u_uart_controller/u_uart_tx/r_baud_count_reg[8]/D
                            (rising edge-triggered cell FDCE clocked by sys_clk_pin  {rise@0.000ns fall@5.000ns period=10.000ns})
  Path Group:             sys_clk_pin
  Path Type:              Setup (Max at Slow Process Corner)
  Requirement:            10.000ns  (sys_clk_pin rise@10.000ns - sys_clk_pin rise@0.000ns)
  Data Path Delay:        4.459ns  (logic 1.691ns (37.924%)  route 2.768ns (62.076%))
  Logic Levels:           6  (CARRY4=3 LUT2=1 LUT6=2)
  Clock Path Skew:        0.000ns (DCD - SCD + CPR)
    Destination Clock Delay (DCD):    4.860ns = ( 14.860 - 10.000 ) 
    Source Clock Delay      (SCD):    5.159ns
    Clock Pessimism Removal (CPR):    0.299ns
  Clock Uncertainty:      0.035ns  ((TSJ^2 + TIJ^2)^1/2 + DJ) / 2 + PE
    Total System Jitter     (TSJ):    0.071ns
    Total Input Jitter      (TIJ):    0.000ns
    Discrete Jitter          (DJ):    0.000ns
    Phase Error              (PE):    0.000ns

    Location             Delay type                Incr(ns)  Path(ns)    Netlist Resource(s)
  -------------------------------------------------------------------    -------------------
                         (clock sys_clk_pin rise edge)
                                                      0.000     0.000 r  
    W5                                                0.000     0.000 r  clk (IN)
                         net (fo=0)                   0.000     0.000    clk
    W5                   IBUF (Prop_ibuf_I_O)         1.458     1.458 r  clk_IBUF_inst/O
                         net (fo=1, routed)           1.967     3.425    clk_IBUF
    BUFGCTRL_X0Y0        BUFG (Prop_bufg_I_O)         0.096     3.521 r  clk_IBUF_BUFG_inst/O
                         net (fo=66, routed)          1.638     5.159    u_uart_controller/u_uart_tx/clk
    SLICE_X0Y45          FDCE                                         r  u_uart_controller/u_uart_tx/r_baud_count_reg[11]/C
  -------------------------------------------------------------------    -------------------
    SLICE_X0Y45          FDCE (Prop_fdce_C_Q)         0.456     5.615 f  u_uart_controller/u_uart_tx/r_baud_count_reg[11]/Q
                         net (fo=7, routed)           0.862     6.478    u_uart_controller/u_uart_tx/r_baud_count_reg[11]
    SLICE_X1Y46          LUT2 (Prop_lut2_I1_O)        0.124     6.602 f  u_uart_controller/u_uart_tx/r_baud_tick_i_4/O
                         net (fo=14, routed)          1.159     7.760    u_uart_controller/u_uart_tx/r_baud_tick_i_4_n_0
    SLICE_X1Y43          LUT6 (Prop_lut6_I1_O)        0.124     7.884 f  u_uart_controller/u_uart_tx/r_baud_tick_i_2/O
                         net (fo=17, routed)          0.552     8.436    u_uart_controller/u_uart_tx/r_baud_tick_i_2_n_0
    SLICE_X1Y43          LUT6 (Prop_lut6_I5_O)        0.124     8.560 r  u_uart_controller/u_uart_tx/r_baud_count[0]_i_2/O
                         net (fo=1, routed)           0.195     8.755    u_uart_controller/u_uart_tx/r_baud_count[0]_i_2_n_0
    SLICE_X0Y43          CARRY4 (Prop_carry4_DI[0]_CO[3])
                                                      0.526     9.281 r  u_uart_controller/u_uart_tx/r_baud_count_reg[0]_i_1/CO[3]
                         net (fo=1, routed)           0.000     9.281    u_uart_controller/u_uart_tx/r_baud_count_reg[0]_i_1_n_0
    SLICE_X0Y44          CARRY4 (Prop_carry4_CI_CO[3])
                                                      0.114     9.395 r  u_uart_controller/u_uart_tx/r_baud_count_reg[4]_i_1/CO[3]
                         net (fo=1, routed)           0.000     9.395    u_uart_controller/u_uart_tx/r_baud_count_reg[4]_i_1_n_0
    SLICE_X0Y45          CARRY4 (Prop_carry4_CI_O[0])
                                                      0.223     9.618 r  u_uart_controller/u_uart_tx/r_baud_count_reg[8]_i_1/O[0]
                         net (fo=1, routed)           0.000     9.618    u_uart_controller/u_uart_tx/r_baud_count_reg[8]_i_1_n_7
    SLICE_X0Y45          FDCE                                         r  u_uart_controller/u_uart_tx/r_baud_count_reg[8]/D
  -------------------------------------------------------------------    -------------------

                         (clock sys_clk_pin rise edge)
                                                     10.000    10.000 r  
    W5                                                0.000    10.000 r  clk (IN)
                         net (fo=0)                   0.000    10.000    clk
    W5                   IBUF (Prop_ibuf_I_O)         1.388    11.388 r  clk_IBUF_inst/O
                         net (fo=1, routed)           1.862    13.250    clk_IBUF
    BUFGCTRL_X0Y0        BUFG (Prop_bufg_I_O)         0.091    13.341 r  clk_IBUF_BUFG_inst/O
                         net (fo=66, routed)          1.519    14.860    u_uart_controller/u_uart_tx/clk
    SLICE_X0Y45          FDCE                                         r  u_uart_controller/u_uart_tx/r_baud_count_reg[8]/C
                         clock pessimism              0.299    15.159    
                         clock uncertainty           -0.035    15.124    
    SLICE_X0Y45          FDCE (Setup_fdce_C_D)        0.062    15.186    u_uart_controller/u_uart_tx/r_baud_count_reg[8]
  -------------------------------------------------------------------
                         required time                         15.186    
                         arrival time                          -9.618    
  -------------------------------------------------------------------
                         slack                                  5.568    





Min Delay Paths
--------------------------------------------------------------------------------------
Slack (MET) :             0.196ns  (arrival time - required time)
  Source:                 u_uart_controller/u_debouncer/r_counter_reg[15]/C
                            (rising edge-triggered cell FDCE clocked by sys_clk_pin  {rise@0.000ns fall@5.000ns period=10.000ns})
  Destination:            u_uart_controller/u_debouncer/r_counter_reg[19]/D
                            (rising edge-triggered cell FDCE clocked by sys_clk_pin  {rise@0.000ns fall@5.000ns period=10.000ns})
  Path Group:             sys_clk_pin
  Path Type:              Hold (Min at Fast Process Corner)
  Requirement:            0.000ns  (sys_clk_pin rise@0.000ns - sys_clk_pin rise@0.000ns)
  Data Path Delay:        0.356ns  (logic 0.186ns (52.295%)  route 0.170ns (47.705%))
  Logic Levels:           1  (LUT6=1)
  Clock Path Skew:        0.039ns (DCD - SCD - CPR)
    Destination Clock Delay (DCD):    1.994ns
    Source Clock Delay      (SCD):    1.477ns
    Clock Pessimism Removal (CPR):    0.478ns

    Location             Delay type                Incr(ns)  Path(ns)    Netlist Resource(s)
  -------------------------------------------------------------------    -------------------
                         (clock sys_clk_pin rise edge)
                                                      0.000     0.000 r  
    W5                                                0.000     0.000 r  clk (IN)
                         net (fo=0)                   0.000     0.000    clk
    W5                   IBUF (Prop_ibuf_I_O)         0.226     0.226 r  clk_IBUF_inst/O
                         net (fo=1, routed)           0.631     0.858    clk_IBUF
    BUFGCTRL_X0Y0        BUFG (Prop_bufg_I_O)         0.026     0.884 r  clk_IBUF_BUFG_inst/O
                         net (fo=66, routed)          0.594     1.477    u_uart_controller/u_debouncer/clk
    SLICE_X4Y47          FDCE                                         r  u_uart_controller/u_debouncer/r_counter_reg[15]/C
  -------------------------------------------------------------------    -------------------
    SLICE_X4Y47          FDCE (Prop_fdce_C_Q)         0.141     1.618 f  u_uart_controller/u_debouncer/r_counter_reg[15]/Q
                         net (fo=22, routed)          0.170     1.788    u_uart_controller/u_debouncer/r_counter[15]
    SLICE_X2Y47          LUT6 (Prop_lut6_I0_O)        0.045     1.833 r  u_uart_controller/u_debouncer/r_counter[19]_i_1/O
                         net (fo=1, routed)           0.000     1.833    u_uart_controller/u_debouncer/r_counter[19]_i_1_n_0
    SLICE_X2Y47          FDCE                                         r  u_uart_controller/u_debouncer/r_counter_reg[19]/D
  -------------------------------------------------------------------    -------------------

                         (clock sys_clk_pin rise edge)
                                                      0.000     0.000 r  
    W5                                                0.000     0.000 r  clk (IN)
                         net (fo=0)                   0.000     0.000    clk
    W5                   IBUF (Prop_ibuf_I_O)         0.414     0.414 r  clk_IBUF_inst/O
                         net (fo=1, routed)           0.685     1.099    clk_IBUF
    BUFGCTRL_X0Y0        BUFG (Prop_bufg_I_O)         0.029     1.128 r  clk_IBUF_BUFG_inst/O
                         net (fo=66, routed)          0.867     1.994    u_uart_controller/u_debouncer/clk
    SLICE_X2Y47          FDCE                                         r  u_uart_controller/u_debouncer/r_counter_reg[19]/C
                         clock pessimism             -0.478     1.516    
    SLICE_X2Y47          FDCE (Hold_fdce_C_D)         0.121     1.637    u_uart_controller/u_debouncer/r_counter_reg[19]
  -------------------------------------------------------------------
                         required time                         -1.637    
                         arrival time                           1.833    
  -------------------------------------------------------------------
                         slack                                  0.196    

Slack (MET) :             0.210ns  (arrival time - required time)
  Source:                 u_uart_controller/u_data_sender/tx_data_reg[2]/C
                            (rising edge-triggered cell FDCE clocked by sys_clk_pin  {rise@0.000ns fall@5.000ns period=10.000ns})
  Destination:            u_uart_controller/u_uart_tx/r_data_register_reg[2]/D
                            (rising edge-triggered cell FDCE clocked by sys_clk_pin  {rise@0.000ns fall@5.000ns period=10.000ns})
  Path Group:             sys_clk_pin
  Path Type:              Hold (Min at Fast Process Corner)
  Requirement:            0.000ns  (sys_clk_pin rise@0.000ns - sys_clk_pin rise@0.000ns)
  Data Path Delay:        0.269ns  (logic 0.164ns (60.928%)  route 0.105ns (39.072%))
  Logic Levels:           0  
  Clock Path Skew:        0.013ns (DCD - SCD - CPR)
    Destination Clock Delay (DCD):    1.992ns
    Source Clock Delay      (SCD):    1.477ns
    Clock Pessimism Removal (CPR):    0.502ns

    Location             Delay type                Incr(ns)  Path(ns)    Netlist Resource(s)
  -------------------------------------------------------------------    -------------------
                         (clock sys_clk_pin rise edge)
                                                      0.000     0.000 r  
    W5                                                0.000     0.000 r  clk (IN)
                         net (fo=0)                   0.000     0.000    clk
    W5                   IBUF (Prop_ibuf_I_O)         0.226     0.226 r  clk_IBUF_inst/O
                         net (fo=1, routed)           0.631     0.858    clk_IBUF
    BUFGCTRL_X0Y0        BUFG (Prop_bufg_I_O)         0.026     0.884 r  clk_IBUF_BUFG_inst/O
                         net (fo=66, routed)          0.594     1.477    u_uart_controller/u_data_sender/clk
    SLICE_X2Y42          FDCE                                         r  u_uart_controller/u_data_sender/tx_data_reg[2]/C
  -------------------------------------------------------------------    -------------------
    SLICE_X2Y42          FDCE (Prop_fdce_C_Q)         0.164     1.641 r  u_uart_controller/u_data_sender/tx_data_reg[2]/Q
                         net (fo=1, routed)           0.105     1.746    u_uart_controller/u_uart_tx/D[2]
    SLICE_X3Y42          FDCE                                         r  u_uart_controller/u_uart_tx/r_data_register_reg[2]/D
  -------------------------------------------------------------------    -------------------

                         (clock sys_clk_pin rise edge)
                                                      0.000     0.000 r  
    W5                                                0.000     0.000 r  clk (IN)
                         net (fo=0)                   0.000     0.000    clk
    W5                   IBUF (Prop_ibuf_I_O)         0.414     0.414 r  clk_IBUF_inst/O
                         net (fo=1, routed)           0.685     1.099    clk_IBUF
    BUFGCTRL_X0Y0        BUFG (Prop_bufg_I_O)         0.029     1.128 r  clk_IBUF_BUFG_inst/O
                         net (fo=66, routed)          0.865     1.992    u_uart_controller/u_uart_tx/clk
    SLICE_X3Y42          FDCE                                         r  u_uart_controller/u_uart_tx/r_data_register_reg[2]/C
                         clock pessimism             -0.502     1.490    
    SLICE_X3Y42          FDCE (Hold_fdce_C_D)         0.046     1.536    u_uart_controller/u_uart_tx/r_data_register_reg[2]
  -------------------------------------------------------------------
                         required time                         -1.536    
                         arrival time                           1.746    
  -------------------------------------------------------------------
                         slack                                  0.210    

Slack (MET) :             0.222ns  (arrival time - required time)
  Source:                 u_uart_controller/u_uart_tx/r_state_reg[1]/C
                            (rising edge-triggered cell FDCE clocked by sys_clk_pin  {rise@0.000ns fall@5.000ns period=10.000ns})
  Destination:            u_uart_controller/u_uart_tx/r_bit_index_reg[0]/D
                            (rising edge-triggered cell FDCE clocked by sys_clk_pin  {rise@0.000ns fall@5.000ns period=10.000ns})
  Path Group:             sys_clk_pin
  Path Type:              Hold (Min at Fast Process Corner)
  Requirement:            0.000ns  (sys_clk_pin rise@0.000ns - sys_clk_pin rise@0.000ns)
  Data Path Delay:        0.327ns  (logic 0.209ns (63.990%)  route 0.118ns (36.010%))
  Logic Levels:           1  (LUT2=1)
  Clock Path Skew:        0.013ns (DCD - SCD - CPR)
    Destination Clock Delay (DCD):    1.993ns
    Source Clock Delay      (SCD):    1.478ns
    Clock Pessimism Removal (CPR):    0.502ns

    Location             Delay type                Incr(ns)  Path(ns)    Netlist Resource(s)
  -------------------------------------------------------------------    -------------------
                         (clock sys_clk_pin rise edge)
                                                      0.000     0.000 r  
    W5                                                0.000     0.000 r  clk (IN)
                         net (fo=0)                   0.000     0.000    clk
    W5                   IBUF (Prop_ibuf_I_O)         0.226     0.226 r  clk_IBUF_inst/O
                         net (fo=1, routed)           0.631     0.858    clk_IBUF
    BUFGCTRL_X0Y0        BUFG (Prop_bufg_I_O)         0.026     0.884 r  clk_IBUF_BUFG_inst/O
                         net (fo=66, routed)          0.595     1.478    u_uart_controller/u_uart_tx/clk
    SLICE_X2Y43          FDCE                                         r  u_uart_controller/u_uart_tx/r_state_reg[1]/C
  -------------------------------------------------------------------    -------------------
    SLICE_X2Y43          FDCE (Prop_fdce_C_Q)         0.164     1.642 r  u_uart_controller/u_uart_tx/r_state_reg[1]/Q
                         net (fo=14, routed)          0.118     1.760    u_uart_controller/u_uart_tx/r_state[1]
    SLICE_X3Y43          LUT2 (Prop_lut2_I0_O)        0.045     1.805 r  u_uart_controller/u_uart_tx/r_bit_index[0]_i_1/O
                         net (fo=1, routed)           0.000     1.805    u_uart_controller/u_uart_tx/r_bit_index[0]_i_1_n_0
    SLICE_X3Y43          FDCE                                         r  u_uart_controller/u_uart_tx/r_bit_index_reg[0]/D
  -------------------------------------------------------------------    -------------------

                         (clock sys_clk_pin rise edge)
                                                      0.000     0.000 r  
    W5                                                0.000     0.000 r  clk (IN)
                         net (fo=0)                   0.000     0.000    clk
    W5                   IBUF (Prop_ibuf_I_O)         0.414     0.414 r  clk_IBUF_inst/O
                         net (fo=1, routed)           0.685     1.099    clk_IBUF
    BUFGCTRL_X0Y0        BUFG (Prop_bufg_I_O)         0.029     1.128 r  clk_IBUF_BUFG_inst/O
                         net (fo=66, routed)          0.866     1.993    u_uart_controller/u_uart_tx/clk
    SLICE_X3Y43          FDCE                                         r  u_uart_controller/u_uart_tx/r_bit_index_reg[0]/C
                         clock pessimism             -0.502     1.491    
    SLICE_X3Y43          FDCE (Hold_fdce_C_D)         0.092     1.583    u_uart_controller/u_uart_tx/r_bit_index_reg[0]
  -------------------------------------------------------------------
                         required time                         -1.583    
                         arrival time                           1.805    
  -------------------------------------------------------------------
                         slack                                  0.222    

Slack (MET) :             0.224ns  (arrival time - required time)
  Source:                 u_uart_controller/u_data_sender/tx_start_reg/C
                            (rising edge-triggered cell FDCE clocked by sys_clk_pin  {rise@0.000ns fall@5.000ns period=10.000ns})
  Destination:            u_uart_controller/u_uart_tx/tx_busy_reg/D
                            (rising edge-triggered cell FDCE clocked by sys_clk_pin  {rise@0.000ns fall@5.000ns period=10.000ns})
  Path Group:             sys_clk_pin
  Path Type:              Hold (Min at Fast Process Corner)
  Requirement:            0.000ns  (sys_clk_pin rise@0.000ns - sys_clk_pin rise@0.000ns)
  Data Path Delay:        0.345ns  (logic 0.209ns (60.640%)  route 0.136ns (39.360%))
  Logic Levels:           1  (LUT5=1)
  Clock Path Skew:        0.000ns (DCD - SCD - CPR)
    Destination Clock Delay (DCD):    1.993ns
    Source Clock Delay      (SCD):    1.478ns
    Clock Pessimism Removal (CPR):    0.515ns

    Location             Delay type                Incr(ns)  Path(ns)    Netlist Resource(s)
  -------------------------------------------------------------------    -------------------
                         (clock sys_clk_pin rise edge)
                                                      0.000     0.000 r  
    W5                                                0.000     0.000 r  clk (IN)
                         net (fo=0)                   0.000     0.000    clk
    W5                   IBUF (Prop_ibuf_I_O)         0.226     0.226 r  clk_IBUF_inst/O
                         net (fo=1, routed)           0.631     0.858    clk_IBUF
    BUFGCTRL_X0Y0        BUFG (Prop_bufg_I_O)         0.026     0.884 r  clk_IBUF_BUFG_inst/O
                         net (fo=66, routed)          0.595     1.478    u_uart_controller/u_data_sender/clk
    SLICE_X2Y43          FDCE                                         r  u_uart_controller/u_data_sender/tx_start_reg/C
  -------------------------------------------------------------------    -------------------
    SLICE_X2Y43          FDCE (Prop_fdce_C_Q)         0.164     1.642 r  u_uart_controller/u_data_sender/tx_start_reg/Q
                         net (fo=4, routed)           0.136     1.778    u_uart_controller/u_uart_tx/w_tx_start
    SLICE_X2Y43          LUT5 (Prop_lut5_I3_O)        0.045     1.823 r  u_uart_controller/u_uart_tx/tx_busy_i_1/O
                         net (fo=1, routed)           0.000     1.823    u_uart_controller/u_uart_tx/tx_busy_i_1_n_0
    SLICE_X2Y43          FDCE                                         r  u_uart_controller/u_uart_tx/tx_busy_reg/D
  -------------------------------------------------------------------    -------------------

                         (clock sys_clk_pin rise edge)
                                                      0.000     0.000 r  
    W5                                                0.000     0.000 r  clk (IN)
                         net (fo=0)                   0.000     0.000    clk
    W5                   IBUF (Prop_ibuf_I_O)         0.414     0.414 r  clk_IBUF_inst/O
                         net (fo=1, routed)           0.685     1.099    clk_IBUF
    BUFGCTRL_X0Y0        BUFG (Prop_bufg_I_O)         0.029     1.128 r  clk_IBUF_BUFG_inst/O
                         net (fo=66, routed)          0.866     1.993    u_uart_controller/u_uart_tx/clk
    SLICE_X2Y43          FDCE                                         r  u_uart_controller/u_uart_tx/tx_busy_reg/C
                         clock pessimism             -0.515     1.478    
    SLICE_X2Y43          FDCE (Hold_fdce_C_D)         0.121     1.599    u_uart_controller/u_uart_tx/tx_busy_reg
  -------------------------------------------------------------------
                         required time                         -1.599    
                         arrival time                           1.823    
  -------------------------------------------------------------------
                         slack                                  0.224    

Slack (MET) :             0.229ns  (arrival time - required time)
  Source:                 u_uart_controller/u_data_sender/tx_data_reg[6]/C
                            (rising edge-triggered cell FDCE clocked by sys_clk_pin  {rise@0.000ns fall@5.000ns period=10.000ns})
  Destination:            u_uart_controller/u_uart_tx/r_data_register_reg[6]/D
                            (rising edge-triggered cell FDCE clocked by sys_clk_pin  {rise@0.000ns fall@5.000ns period=10.000ns})
  Path Group:             sys_clk_pin
  Path Type:              Hold (Min at Fast Process Corner)
  Requirement:            0.000ns  (sys_clk_pin rise@0.000ns - sys_clk_pin rise@0.000ns)
  Data Path Delay:        0.264ns  (logic 0.148ns (55.965%)  route 0.116ns (44.035%))
  Logic Levels:           0  
  Clock Path Skew:        0.013ns (DCD - SCD - CPR)
    Destination Clock Delay (DCD):    1.992ns
    Source Clock Delay      (SCD):    1.477ns
    Clock Pessimism Removal (CPR):    0.502ns

    Location             Delay type                Incr(ns)  Path(ns)    Netlist Resource(s)
  -------------------------------------------------------------------    -------------------
                         (clock sys_clk_pin rise edge)
                                                      0.000     0.000 r  
    W5                                                0.000     0.000 r  clk (IN)
                         net (fo=0)                   0.000     0.000    clk
    W5                   IBUF (Prop_ibuf_I_O)         0.226     0.226 r  clk_IBUF_inst/O
                         net (fo=1, routed)           0.631     0.858    clk_IBUF
    BUFGCTRL_X0Y0        BUFG (Prop_bufg_I_O)         0.026     0.884 r  clk_IBUF_BUFG_inst/O
                         net (fo=66, routed)          0.594     1.477    u_uart_controller/u_data_sender/clk
    SLICE_X2Y42          FDCE                                         r  u_uart_controller/u_data_sender/tx_data_reg[6]/C
  -------------------------------------------------------------------    -------------------
    SLICE_X2Y42          FDCE (Prop_fdce_C_Q)         0.148     1.625 r  u_uart_controller/u_data_sender/tx_data_reg[6]/Q
                         net (fo=1, routed)           0.116     1.742    u_uart_controller/u_uart_tx/D[6]
    SLICE_X3Y42          FDCE                                         r  u_uart_controller/u_uart_tx/r_data_register_reg[6]/D
  -------------------------------------------------------------------    -------------------

                         (clock sys_clk_pin rise edge)
                                                      0.000     0.000 r  
    W5                                                0.000     0.000 r  clk (IN)
                         net (fo=0)                   0.000     0.000    clk
    W5                   IBUF (Prop_ibuf_I_O)         0.414     0.414 r  clk_IBUF_inst/O
                         net (fo=1, routed)           0.685     1.099    clk_IBUF
    BUFGCTRL_X0Y0        BUFG (Prop_bufg_I_O)         0.029     1.128 r  clk_IBUF_BUFG_inst/O
                         net (fo=66, routed)          0.865     1.992    u_uart_controller/u_uart_tx/clk
    SLICE_X3Y42          FDCE                                         r  u_uart_controller/u_uart_tx/r_data_register_reg[6]/C
                         clock pessimism             -0.502     1.490    
    SLICE_X3Y42          FDCE (Hold_fdce_C_D)         0.022     1.512    u_uart_controller/u_uart_tx/r_data_register_reg[6]
  -------------------------------------------------------------------
                         required time                         -1.512    
                         arrival time                           1.742    
  -------------------------------------------------------------------
                         slack                                  0.229    

Slack (MET) :             0.254ns  (arrival time - required time)
  Source:                 u_uart_controller/btn_ff2_reg/C
                            (rising edge-triggered cell FDCE clocked by sys_clk_pin  {rise@0.000ns fall@5.000ns period=10.000ns})
  Destination:            u_uart_controller/u_debouncer/r_clean_btn_reg/D
                            (rising edge-triggered cell FDCE clocked by sys_clk_pin  {rise@0.000ns fall@5.000ns period=10.000ns})
  Path Group:             sys_clk_pin
  Path Type:              Hold (Min at Fast Process Corner)
  Requirement:            0.000ns  (sys_clk_pin rise@0.000ns - sys_clk_pin rise@0.000ns)
  Data Path Delay:        0.390ns  (logic 0.186ns (47.686%)  route 0.204ns (52.314%))
  Logic Levels:           1  (LUT6=1)
  Clock Path Skew:        0.016ns (DCD - SCD - CPR)
    Destination Clock Delay (DCD):    1.993ns
    Source Clock Delay      (SCD):    1.478ns
    Clock Pessimism Removal (CPR):    0.499ns

    Location             Delay type                Incr(ns)  Path(ns)    Netlist Resource(s)
  -------------------------------------------------------------------    -------------------
                         (clock sys_clk_pin rise edge)
                                                      0.000     0.000 r  
    W5                                                0.000     0.000 r  clk (IN)
                         net (fo=0)                   0.000     0.000    clk
    W5                   IBUF (Prop_ibuf_I_O)         0.226     0.226 r  clk_IBUF_inst/O
                         net (fo=1, routed)           0.631     0.858    clk_IBUF
    BUFGCTRL_X0Y0        BUFG (Prop_bufg_I_O)         0.026     0.884 r  clk_IBUF_BUFG_inst/O
                         net (fo=66, routed)          0.595     1.478    u_uart_controller/clk
    SLICE_X3Y45          FDCE                                         r  u_uart_controller/btn_ff2_reg/C
  -------------------------------------------------------------------    -------------------
    SLICE_X3Y45          FDCE (Prop_fdce_C_Q)         0.141     1.619 r  u_uart_controller/btn_ff2_reg/Q
                         net (fo=2, routed)           0.204     1.823    u_uart_controller/u_debouncer/btn_ff2
    SLICE_X2Y44          LUT6 (Prop_lut6_I0_O)        0.045     1.868 r  u_uart_controller/u_debouncer/r_clean_btn_i_1/O
                         net (fo=1, routed)           0.000     1.868    u_uart_controller/u_debouncer/r_clean_btn_i_1_n_0
    SLICE_X2Y44          FDCE                                         r  u_uart_controller/u_debouncer/r_clean_btn_reg/D
  -------------------------------------------------------------------    -------------------

                         (clock sys_clk_pin rise edge)
                                                      0.000     0.000 r  
    W5                                                0.000     0.000 r  clk (IN)
                         net (fo=0)                   0.000     0.000    clk
    W5                   IBUF (Prop_ibuf_I_O)         0.414     0.414 r  clk_IBUF_inst/O
                         net (fo=1, routed)           0.685     1.099    clk_IBUF
    BUFGCTRL_X0Y0        BUFG (Prop_bufg_I_O)         0.029     1.128 r  clk_IBUF_BUFG_inst/O
                         net (fo=66, routed)          0.866     1.993    u_uart_controller/u_debouncer/clk
    SLICE_X2Y44          FDCE                                         r  u_uart_controller/u_debouncer/r_clean_btn_reg/C
                         clock pessimism             -0.499     1.494    
    SLICE_X2Y44          FDCE (Hold_fdce_C_D)         0.120     1.614    u_uart_controller/u_debouncer/r_clean_btn_reg
  -------------------------------------------------------------------
                         required time                         -1.614    
                         arrival time                           1.868    
  -------------------------------------------------------------------
                         slack                                  0.254    

Slack (MET) :             0.254ns  (arrival time - required time)
  Source:                 u_uart_controller/u_uart_tx/r_baud_count_reg[9]/C
                            (rising edge-triggered cell FDCE clocked by sys_clk_pin  {rise@0.000ns fall@5.000ns period=10.000ns})
  Destination:            u_uart_controller/u_uart_tx/r_baud_tick_reg/D
                            (rising edge-triggered cell FDCE clocked by sys_clk_pin  {rise@0.000ns fall@5.000ns period=10.000ns})
  Path Group:             sys_clk_pin
  Path Type:              Hold (Min at Fast Process Corner)
  Requirement:            0.000ns  (sys_clk_pin rise@0.000ns - sys_clk_pin rise@0.000ns)
  Data Path Delay:        0.358ns  (logic 0.186ns (51.923%)  route 0.172ns (48.077%))
  Logic Levels:           1  (LUT6=1)
  Clock Path Skew:        0.013ns (DCD - SCD - CPR)
    Destination Clock Delay (DCD):    1.993ns
    Source Clock Delay      (SCD):    1.478ns
    Clock Pessimism Removal (CPR):    0.502ns

    Location             Delay type                Incr(ns)  Path(ns)    Netlist Resource(s)
  -------------------------------------------------------------------    -------------------
                         (clock sys_clk_pin rise edge)
                                                      0.000     0.000 r  
    W5                                                0.000     0.000 r  clk (IN)
                         net (fo=0)                   0.000     0.000    clk
    W5                   IBUF (Prop_ibuf_I_O)         0.226     0.226 r  clk_IBUF_inst/O
                         net (fo=1, routed)           0.631     0.858    clk_IBUF
    BUFGCTRL_X0Y0        BUFG (Prop_bufg_I_O)         0.026     0.884 r  clk_IBUF_BUFG_inst/O
                         net (fo=66, routed)          0.595     1.478    u_uart_controller/u_uart_tx/clk
    SLICE_X0Y45          FDCE                                         r  u_uart_controller/u_uart_tx/r_baud_count_reg[9]/C
  -------------------------------------------------------------------    -------------------
    SLICE_X0Y45          FDCE (Prop_fdce_C_Q)         0.141     1.619 r  u_uart_controller/u_uart_tx/r_baud_count_reg[9]/Q
                         net (fo=17, routed)          0.172     1.791    u_uart_controller/u_uart_tx/r_baud_count_reg[9]
    SLICE_X1Y45          LUT6 (Prop_lut6_I1_O)        0.045     1.836 r  u_uart_controller/u_uart_tx/r_baud_tick_i_1/O
                         net (fo=1, routed)           0.000     1.836    u_uart_controller/u_uart_tx/load
    SLICE_X1Y45          FDCE                                         r  u_uart_controller/u_uart_tx/r_baud_tick_reg/D
  -------------------------------------------------------------------    -------------------

                         (clock sys_clk_pin rise edge)
                                                      0.000     0.000 r  
    W5                                                0.000     0.000 r  clk (IN)
                         net (fo=0)                   0.000     0.000    clk
    W5                   IBUF (Prop_ibuf_I_O)         0.414     0.414 r  clk_IBUF_inst/O
                         net (fo=1, routed)           0.685     1.099    clk_IBUF
    BUFGCTRL_X0Y0        BUFG (Prop_bufg_I_O)         0.029     1.128 r  clk_IBUF_BUFG_inst/O
                         net (fo=66, routed)          0.866     1.993    u_uart_controller/u_uart_tx/clk
    SLICE_X1Y45          FDCE                                         r  u_uart_controller/u_uart_tx/r_baud_tick_reg/C
                         clock pessimism             -0.502     1.491    
    SLICE_X1Y45          FDCE (Hold_fdce_C_D)         0.091     1.582    u_uart_controller/u_uart_tx/r_baud_tick_reg
  -------------------------------------------------------------------
                         required time                         -1.582    
                         arrival time                           1.836    
  -------------------------------------------------------------------
                         slack                                  0.254    

Slack (MET) :             0.255ns  (arrival time - required time)
  Source:                 u_uart_controller/u_data_sender/tx_data_reg[1]/C
                            (rising edge-triggered cell FDCE clocked by sys_clk_pin  {rise@0.000ns fall@5.000ns period=10.000ns})
  Destination:            u_uart_controller/u_uart_tx/r_data_register_reg[1]/D
                            (rising edge-triggered cell FDCE clocked by sys_clk_pin  {rise@0.000ns fall@5.000ns period=10.000ns})
  Path Group:             sys_clk_pin
  Path Type:              Hold (Min at Fast Process Corner)
  Requirement:            0.000ns  (sys_clk_pin rise@0.000ns - sys_clk_pin rise@0.000ns)
  Data Path Delay:        0.334ns  (logic 0.164ns (49.062%)  route 0.170ns (50.938%))
  Logic Levels:           0  
  Clock Path Skew:        0.013ns (DCD - SCD - CPR)
    Destination Clock Delay (DCD):    1.992ns
    Source Clock Delay      (SCD):    1.477ns
    Clock Pessimism Removal (CPR):    0.502ns

    Location             Delay type                Incr(ns)  Path(ns)    Netlist Resource(s)
  -------------------------------------------------------------------    -------------------
                         (clock sys_clk_pin rise edge)
                                                      0.000     0.000 r  
    W5                                                0.000     0.000 r  clk (IN)
                         net (fo=0)                   0.000     0.000    clk
    W5                   IBUF (Prop_ibuf_I_O)         0.226     0.226 r  clk_IBUF_inst/O
                         net (fo=1, routed)           0.631     0.858    clk_IBUF
    BUFGCTRL_X0Y0        BUFG (Prop_bufg_I_O)         0.026     0.884 r  clk_IBUF_BUFG_inst/O
                         net (fo=66, routed)          0.594     1.477    u_uart_controller/u_data_sender/clk
    SLICE_X2Y40          FDCE                                         r  u_uart_controller/u_data_sender/tx_data_reg[1]/C
  -------------------------------------------------------------------    -------------------
    SLICE_X2Y40          FDCE (Prop_fdce_C_Q)         0.164     1.641 r  u_uart_controller/u_data_sender/tx_data_reg[1]/Q
                         net (fo=1, routed)           0.170     1.811    u_uart_controller/u_uart_tx/D[1]
    SLICE_X3Y40          FDCE                                         r  u_uart_controller/u_uart_tx/r_data_register_reg[1]/D
  -------------------------------------------------------------------    -------------------

                         (clock sys_clk_pin rise edge)
                                                      0.000     0.000 r  
    W5                                                0.000     0.000 r  clk (IN)
                         net (fo=0)                   0.000     0.000    clk
    W5                   IBUF (Prop_ibuf_I_O)         0.414     0.414 r  clk_IBUF_inst/O
                         net (fo=1, routed)           0.685     1.099    clk_IBUF
    BUFGCTRL_X0Y0        BUFG (Prop_bufg_I_O)         0.029     1.128 r  clk_IBUF_BUFG_inst/O
                         net (fo=66, routed)          0.865     1.992    u_uart_controller/u_uart_tx/clk
    SLICE_X3Y40          FDCE                                         r  u_uart_controller/u_uart_tx/r_data_register_reg[1]/C
                         clock pessimism             -0.502     1.490    
    SLICE_X3Y40          FDCE (Hold_fdce_C_D)         0.066     1.556    u_uart_controller/u_uart_tx/r_data_register_reg[1]
  -------------------------------------------------------------------
                         required time                         -1.556    
                         arrival time                           1.811    
  -------------------------------------------------------------------
                         slack                                  0.255    

Slack (MET) :             0.255ns  (arrival time - required time)
  Source:                 u_uart_controller/u_data_sender/tx_data_reg[3]/C
                            (rising edge-triggered cell FDCE clocked by sys_clk_pin  {rise@0.000ns fall@5.000ns period=10.000ns})
  Destination:            u_uart_controller/u_uart_tx/r_data_register_reg[3]/D
                            (rising edge-triggered cell FDCE clocked by sys_clk_pin  {rise@0.000ns fall@5.000ns period=10.000ns})
  Path Group:             sys_clk_pin
  Path Type:              Hold (Min at Fast Process Corner)
  Requirement:            0.000ns  (sys_clk_pin rise@0.000ns - sys_clk_pin rise@0.000ns)
  Data Path Delay:        0.334ns  (logic 0.164ns (49.062%)  route 0.170ns (50.938%))
  Logic Levels:           0  
  Clock Path Skew:        0.013ns (DCD - SCD - CPR)
    Destination Clock Delay (DCD):    1.992ns
    Source Clock Delay      (SCD):    1.477ns
    Clock Pessimism Removal (CPR):    0.502ns

    Location             Delay type                Incr(ns)  Path(ns)    Netlist Resource(s)
  -------------------------------------------------------------------    -------------------
                         (clock sys_clk_pin rise edge)
                                                      0.000     0.000 r  
    W5                                                0.000     0.000 r  clk (IN)
                         net (fo=0)                   0.000     0.000    clk
    W5                   IBUF (Prop_ibuf_I_O)         0.226     0.226 r  clk_IBUF_inst/O
                         net (fo=1, routed)           0.631     0.858    clk_IBUF
    BUFGCTRL_X0Y0        BUFG (Prop_bufg_I_O)         0.026     0.884 r  clk_IBUF_BUFG_inst/O
                         net (fo=66, routed)          0.594     1.477    u_uart_controller/u_data_sender/clk
    SLICE_X2Y42          FDCE                                         r  u_uart_controller/u_data_sender/tx_data_reg[3]/C
  -------------------------------------------------------------------    -------------------
    SLICE_X2Y42          FDCE (Prop_fdce_C_Q)         0.164     1.641 r  u_uart_controller/u_data_sender/tx_data_reg[3]/Q
                         net (fo=1, routed)           0.170     1.811    u_uart_controller/u_uart_tx/D[3]
    SLICE_X3Y42          FDCE                                         r  u_uart_controller/u_uart_tx/r_data_register_reg[3]/D
  -------------------------------------------------------------------    -------------------

                         (clock sys_clk_pin rise edge)
                                                      0.000     0.000 r  
    W5                                                0.000     0.000 r  clk (IN)
                         net (fo=0)                   0.000     0.000    clk
    W5                   IBUF (Prop_ibuf_I_O)         0.414     0.414 r  clk_IBUF_inst/O
                         net (fo=1, routed)           0.685     1.099    clk_IBUF
    BUFGCTRL_X0Y0        BUFG (Prop_bufg_I_O)         0.029     1.128 r  clk_IBUF_BUFG_inst/O
                         net (fo=66, routed)          0.865     1.992    u_uart_controller/u_uart_tx/clk
    SLICE_X3Y42          FDCE                                         r  u_uart_controller/u_uart_tx/r_data_register_reg[3]/C
                         clock pessimism             -0.502     1.490    
    SLICE_X3Y42          FDCE (Hold_fdce_C_D)         0.066     1.556    u_uart_controller/u_uart_tx/r_data_register_reg[3]
  -------------------------------------------------------------------
                         required time                         -1.556    
                         arrival time                           1.811    
  -------------------------------------------------------------------
                         slack                                  0.255    

Slack (MET) :             0.290ns  (arrival time - required time)
  Source:                 u_uart_controller/u_debouncer/r_clean_btn_reg/C
                            (rising edge-triggered cell FDCE clocked by sys_clk_pin  {rise@0.000ns fall@5.000ns period=10.000ns})
  Destination:            u_uart_controller/u_debouncer/r_prev_clean_btn_reg/D
                            (rising edge-triggered cell FDCE clocked by sys_clk_pin  {rise@0.000ns fall@5.000ns period=10.000ns})
  Path Group:             sys_clk_pin
  Path Type:              Hold (Min at Fast Process Corner)
  Requirement:            0.000ns  (sys_clk_pin rise@0.000ns - sys_clk_pin rise@0.000ns)
  Data Path Delay:        0.359ns  (logic 0.164ns (45.700%)  route 0.195ns (54.300%))
  Logic Levels:           0  
  Clock Path Skew:        0.016ns (DCD - SCD - CPR)
    Destination Clock Delay (DCD):    1.993ns
    Source Clock Delay      (SCD):    1.478ns
    Clock Pessimism Removal (CPR):    0.499ns

    Location             Delay type                Incr(ns)  Path(ns)    Netlist Resource(s)
  -------------------------------------------------------------------    -------------------
                         (clock sys_clk_pin rise edge)
                                                      0.000     0.000 r  
    W5                                                0.000     0.000 r  clk (IN)
                         net (fo=0)                   0.000     0.000    clk
    W5                   IBUF (Prop_ibuf_I_O)         0.226     0.226 r  clk_IBUF_inst/O
                         net (fo=1, routed)           0.631     0.858    clk_IBUF
    BUFGCTRL_X0Y0        BUFG (Prop_bufg_I_O)         0.026     0.884 r  clk_IBUF_BUFG_inst/O
                         net (fo=66, routed)          0.595     1.478    u_uart_controller/u_debouncer/clk
    SLICE_X2Y44          FDCE                                         r  u_uart_controller/u_debouncer/r_clean_btn_reg/C
  -------------------------------------------------------------------    -------------------
    SLICE_X2Y44          FDCE (Prop_fdce_C_Q)         0.164     1.642 r  u_uart_controller/u_debouncer/r_clean_btn_reg/Q
                         net (fo=4, routed)           0.195     1.837    u_uart_controller/u_debouncer/r_clean_btn_reg_n_0
    SLICE_X2Y43          FDCE                                         r  u_uart_controller/u_debouncer/r_prev_clean_btn_reg/D
  -------------------------------------------------------------------    -------------------

                         (clock sys_clk_pin rise edge)
                                                      0.000     0.000 r  
    W5                                                0.000     0.000 r  clk (IN)
                         net (fo=0)                   0.000     0.000    clk
    W5                   IBUF (Prop_ibuf_I_O)         0.414     0.414 r  clk_IBUF_inst/O
                         net (fo=1, routed)           0.685     1.099    clk_IBUF
    BUFGCTRL_X0Y0        BUFG (Prop_bufg_I_O)         0.029     1.128 r  clk_IBUF_BUFG_inst/O
                         net (fo=66, routed)          0.866     1.993    u_uart_controller/u_debouncer/clk
    SLICE_X2Y43          FDCE                                         r  u_uart_controller/u_debouncer/r_prev_clean_btn_reg/C
                         clock pessimism             -0.499     1.494    
    SLICE_X2Y43          FDCE (Hold_fdce_C_D)         0.053     1.547    u_uart_controller/u_debouncer/r_prev_clean_btn_reg
  -------------------------------------------------------------------
                         required time                         -1.547    
                         arrival time                           1.837    
  -------------------------------------------------------------------
                         slack                                  0.290    





Pulse Width Checks
--------------------------------------------------------------------------------------
Clock Name:         sys_clk_pin
Waveform(ns):       { 0.000 5.000 }
Period(ns):         10.000
Sources:            { clk }

Check Type        Corner  Lib Pin  Reference Pin  Required(ns)  Actual(ns)  Slack(ns)  Location       Pin
Min Period        n/a     BUFG/I   n/a            2.155         10.000      7.845      BUFGCTRL_X0Y0  clk_IBUF_BUFG_inst/I
Min Period        n/a     FDCE/C   n/a            1.000         10.000      9.000      SLICE_X3Y45    u_uart_controller/btn_ff1_reg/C
Min Period        n/a     FDCE/C   n/a            1.000         10.000      9.000      SLICE_X3Y45    u_uart_controller/btn_ff2_reg/C
Min Period        n/a     FDCE/C   n/a            1.000         10.000      9.000      SLICE_X2Y40    u_uart_controller/u_data_sender/tx_data_reg[0]/C
Min Period        n/a     FDCE/C   n/a            1.000         10.000      9.000      SLICE_X2Y40    u_uart_controller/u_data_sender/tx_data_reg[1]/C
Min Period        n/a     FDCE/C   n/a            1.000         10.000      9.000      SLICE_X2Y42    u_uart_controller/u_data_sender/tx_data_reg[2]/C
Min Period        n/a     FDCE/C   n/a            1.000         10.000      9.000      SLICE_X2Y42    u_uart_controller/u_data_sender/tx_data_reg[3]/C
Min Period        n/a     FDCE/C   n/a            1.000         10.000      9.000      SLICE_X2Y42    u_uart_controller/u_data_sender/tx_data_reg[4]/C
Min Period        n/a     FDCE/C   n/a            1.000         10.000      9.000      SLICE_X2Y42    u_uart_controller/u_data_sender/tx_data_reg[5]/C
Min Period        n/a     FDCE/C   n/a            1.000         10.000      9.000      SLICE_X2Y42    u_uart_controller/u_data_sender/tx_data_reg[6]/C
Low Pulse Width   Slow    FDCE/C   n/a            0.500         5.000       4.500      SLICE_X3Y45    u_uart_controller/btn_ff1_reg/C
Low Pulse Width   Fast    FDCE/C   n/a            0.500         5.000       4.500      SLICE_X3Y45    u_uart_controller/btn_ff1_reg/C
Low Pulse Width   Slow    FDCE/C   n/a            0.500         5.000       4.500      SLICE_X3Y45    u_uart_controller/btn_ff2_reg/C
Low Pulse Width   Fast    FDCE/C   n/a            0.500         5.000       4.500      SLICE_X3Y45    u_uart_controller/btn_ff2_reg/C
Low Pulse Width   Slow    FDCE/C   n/a            0.500         5.000       4.500      SLICE_X2Y40    u_uart_controller/u_data_sender/tx_data_reg[0]/C
Low Pulse Width   Fast    FDCE/C   n/a            0.500         5.000       4.500      SLICE_X2Y40    u_uart_controller/u_data_sender/tx_data_reg[0]/C
Low Pulse Width   Slow    FDCE/C   n/a            0.500         5.000       4.500      SLICE_X2Y40    u_uart_controller/u_data_sender/tx_data_reg[1]/C
Low Pulse Width   Fast    FDCE/C   n/a            0.500         5.000       4.500      SLICE_X2Y40    u_uart_controller/u_data_sender/tx_data_reg[1]/C
Low Pulse Width   Slow    FDCE/C   n/a            0.500         5.000       4.500      SLICE_X2Y42    u_uart_controller/u_data_sender/tx_data_reg[2]/C
Low Pulse Width   Fast    FDCE/C   n/a            0.500         5.000       4.500      SLICE_X2Y42    u_uart_controller/u_data_sender/tx_data_reg[2]/C
High Pulse Width  Slow    FDCE/C   n/a            0.500         5.000       4.500      SLICE_X3Y45    u_uart_controller/btn_ff1_reg/C
High Pulse Width  Fast    FDCE/C   n/a            0.500         5.000       4.500      SLICE_X3Y45    u_uart_controller/btn_ff1_reg/C
High Pulse Width  Slow    FDCE/C   n/a            0.500         5.000       4.500      SLICE_X3Y45    u_uart_controller/btn_ff2_reg/C
High Pulse Width  Fast    FDCE/C   n/a            0.500         5.000       4.500      SLICE_X3Y45    u_uart_controller/btn_ff2_reg/C
High Pulse Width  Slow    FDCE/C   n/a            0.500         5.000       4.500      SLICE_X2Y40    u_uart_controller/u_data_sender/tx_data_reg[0]/C
High Pulse Width  Fast    FDCE/C   n/a            0.500         5.000       4.500      SLICE_X2Y40    u_uart_controller/u_data_sender/tx_data_reg[0]/C
High Pulse Width  Slow    FDCE/C   n/a            0.500         5.000       4.500      SLICE_X2Y40    u_uart_controller/u_data_sender/tx_data_reg[1]/C
High Pulse Width  Fast    FDCE/C   n/a            0.500         5.000       4.500      SLICE_X2Y40    u_uart_controller/u_data_sender/tx_data_reg[1]/C
High Pulse Width  Slow    FDCE/C   n/a            0.500         5.000       4.500      SLICE_X2Y42    u_uart_controller/u_data_sender/tx_data_reg[2]/C
High Pulse Width  Fast    FDCE/C   n/a            0.500         5.000       4.500      SLICE_X2Y42    u_uart_controller/u_data_sender/tx_data_reg[2]/C



