Copyright 1986-2021 Xilinx, Inc. All Rights Reserved.
-----------------------------------------------------------------------------------------------------------------------------------------------------------------------------------------------------
| Tool Version : Vivado v.2021.1 (win64) Build 3247384 Thu Jun 10 19:36:33 MDT 2021
| Date         : Tue Mar  3 14:24:37 2026
| Host         : DESKTOP-FAVD00F running 64-bit major release  (build 9200)
| Command      : report_timing_summary -max_paths 10 -file top_buzzer_timing_summary_routed.rpt -pb top_buzzer_timing_summary_routed.pb -rpx top_buzzer_timing_summary_routed.rpx -warn_on_violation
| Design       : top_buzzer
| Device       : 7a35t-cpg236
| Speed File   : -1  PRODUCTION 1.23 2018-06-13
-----------------------------------------------------------------------------------------------------------------------------------------------------------------------------------------------------

Timing Summary Report

------------------------------------------------------------------------------------------------
| Timer Settings
| --------------
------------------------------------------------------------------------------------------------

  Enable Multi Corner Analysis               :  Yes
  Enable Pessimism Removal                   :  Yes
  Pessimism Removal Resolution               :  Nearest Common Node
  Enable Input Delay Default Clock           :  No
  Enable Preset / Clear Arcs                 :  No
  Disable Flight Delays                      :  No
  Ignore I/O Paths                           :  No
  Timing Early Launch at Borrowing Latches   :  No
  Borrow Time for Max Delay Exceptions       :  Yes
  Merge Timing Exceptions                    :  Yes

  Corner  Analyze    Analyze    
  Name    Max Paths  Min Paths  
  ------  ---------  ---------  
  Slow    Yes        Yes        
  Fast    Yes        Yes        


------------------------------------------------------------------------------------------------
| Report Methodology
| ------------------
------------------------------------------------------------------------------------------------

Rule       Severity  Description                    Violations  
---------  --------  -----------------------------  ----------  
TIMING-18  Warning   Missing input or output delay  7           

Note: This report is based on the most recent report_methodology run and may not be up-to-date. Run report_methodology on the current design for the latest report.



check_timing report

Table of Contents
-----------------
1. checking no_clock (0)
2. checking constant_clock (0)
3. checking pulse_width_clock (0)
4. checking unconstrained_internal_endpoints (0)
5. checking no_input_delay (6)
6. checking no_output_delay (1)
7. checking multiple_clock (0)
8. checking generated_clocks (0)
9. checking loops (0)
10. checking partial_input_delay (0)
11. checking partial_output_delay (0)
12. checking latch_loops (0)

1. checking no_clock (0)
------------------------
 There are 0 register/latch pins with no clock.


2. checking constant_clock (0)
------------------------------
 There are 0 register/latch pins with constant_clock.


3. checking pulse_width_clock (0)
---------------------------------
 There are 0 register/latch pins which need pulse_width check


4. checking unconstrained_internal_endpoints (0)
------------------------------------------------
 There are 0 pins that are not constrained for maximum delay.

 There are 0 pins that are not constrained for maximum delay due to constant clock.


5. checking no_input_delay (6)
------------------------------
 There are 6 input ports with no input delay specified. (HIGH)

 There are 0 input ports with no input delay but user has a false path constraint.


6. checking no_output_delay (1)
-------------------------------
 There is 1 port with no output delay specified. (HIGH)

 There are 0 ports with no output delay but user has a false path constraint

 There are 0 ports with no output delay but with a timing clock defined on it or propagating through it


7. checking multiple_clock (0)
------------------------------
 There are 0 register/latch pins with multiple clocks.


8. checking generated_clocks (0)
--------------------------------
 There are 0 generated clocks that are not connected to a clock source.


9. checking loops (0)
---------------------
 There are 0 combinational loops in the design.


10. checking partial_input_delay (0)
------------------------------------
 There are 0 input ports with partial input delay specified.


11. checking partial_output_delay (0)
-------------------------------------
 There are 0 ports with partial output delay specified.


12. checking latch_loops (0)
----------------------------
 There are 0 combinational latch loops in the design through latch input



------------------------------------------------------------------------------------------------
| Design Timing Summary
| ---------------------
------------------------------------------------------------------------------------------------

    WNS(ns)      TNS(ns)  TNS Failing Endpoints  TNS Total Endpoints      WHS(ns)      THS(ns)  THS Failing Endpoints  THS Total Endpoints     WPWS(ns)     TPWS(ns)  TPWS Failing Endpoints  TPWS Total Endpoints  
    -------      -------  ---------------------  -------------------      -------      -------  ---------------------  -------------------     --------     --------  ----------------------  --------------------  
      5.209        0.000                      0                  215        0.171        0.000                      0                  215        4.500        0.000                       0                   216  


All user specified timing constraints are met.


------------------------------------------------------------------------------------------------
| Clock Summary
| -------------
------------------------------------------------------------------------------------------------

Clock        Waveform(ns)       Period(ns)      Frequency(MHz)
-----        ------------       ----------      --------------
sys_clk_pin  {0.000 5.000}      10.000          100.000         


------------------------------------------------------------------------------------------------
| Intra Clock Table
| -----------------
------------------------------------------------------------------------------------------------

Clock             WNS(ns)      TNS(ns)  TNS Failing Endpoints  TNS Total Endpoints      WHS(ns)      THS(ns)  THS Failing Endpoints  THS Total Endpoints     WPWS(ns)     TPWS(ns)  TPWS Failing Endpoints  TPWS Total Endpoints  
-----             -------      -------  ---------------------  -------------------      -------      -------  ---------------------  -------------------     --------     --------  ----------------------  --------------------  
sys_clk_pin         5.209        0.000                      0                  215        0.171        0.000                      0                  215        4.500        0.000                       0                   216  


------------------------------------------------------------------------------------------------
| Inter Clock Table
| -----------------
------------------------------------------------------------------------------------------------

From Clock    To Clock          WNS(ns)      TNS(ns)  TNS Failing Endpoints  TNS Total Endpoints      WHS(ns)      THS(ns)  THS Failing Endpoints  THS Total Endpoints  
----------    --------          -------      -------  ---------------------  -------------------      -------      -------  ---------------------  -------------------  


------------------------------------------------------------------------------------------------
| Other Path Groups Table
| -----------------------
------------------------------------------------------------------------------------------------

Path Group    From Clock    To Clock          WNS(ns)      TNS(ns)  TNS Failing Endpoints  TNS Total Endpoints      WHS(ns)      THS(ns)  THS Failing Endpoints  THS Total Endpoints  
----------    ----------    --------          -------      -------  ---------------------  -------------------      -------      -------  ---------------------  -------------------  


------------------------------------------------------------------------------------------------
| Timing Details
| --------------
------------------------------------------------------------------------------------------------


---------------------------------------------------------------------------------------------------
From Clock:  sys_clk_pin
  To Clock:  sys_clk_pin

Setup :            0  Failing Endpoints,  Worst Slack        5.209ns,  Total Violation        0.000ns
Hold  :            0  Failing Endpoints,  Worst Slack        0.171ns,  Total Violation        0.000ns
PW    :            0  Failing Endpoints,  Worst Slack        4.500ns,  Total Violation        0.000ns
---------------------------------------------------------------------------------------------------


Max Delay Paths
--------------------------------------------------------------------------------------
Slack (MET) :             5.209ns  (required time - arrival time)
  Source:                 u_play_melody/r_clk_cnt_reg[0][17]/C
                            (rising edge-triggered cell FDCE clocked by sys_clk_pin  {rise@0.000ns fall@5.000ns period=10.000ns})
  Destination:            u_play_melody/r_clk_cnt_reg[0][0]/D
                            (rising edge-triggered cell FDCE clocked by sys_clk_pin  {rise@0.000ns fall@5.000ns period=10.000ns})
  Path Group:             sys_clk_pin
  Path Type:              Setup (Max at Slow Process Corner)
  Requirement:            10.000ns  (sys_clk_pin rise@10.000ns - sys_clk_pin rise@0.000ns)
  Data Path Delay:        4.451ns  (logic 0.947ns (21.278%)  route 3.504ns (78.722%))
  Logic Levels:           4  (LUT2=1 LUT4=2 LUT5=1)
  Clock Path Skew:        -0.036ns (DCD - SCD + CPR)
    Destination Clock Delay (DCD):    4.843ns = ( 14.843 - 10.000 ) 
    Source Clock Delay      (SCD):    5.139ns
    Clock Pessimism Removal (CPR):    0.260ns
  Clock Uncertainty:      0.035ns  ((TSJ^2 + TIJ^2)^1/2 + DJ) / 2 + PE
    Total System Jitter     (TSJ):    0.071ns
    Total Input Jitter      (TIJ):    0.000ns
    Discrete Jitter          (DJ):    0.000ns
    Phase Error              (PE):    0.000ns

    Location             Delay type                Incr(ns)  Path(ns)    Netlist Resource(s)
  -------------------------------------------------------------------    -------------------
                         (clock sys_clk_pin rise edge)
                                                      0.000     0.000 r  
    W5                                                0.000     0.000 r  clk (IN)
                         net (fo=0)                   0.000     0.000    clk
    W5                   IBUF (Prop_ibuf_I_O)         1.458     1.458 r  clk_IBUF_inst/O
                         net (fo=1, routed)           1.967     3.425    clk_IBUF
    BUFGCTRL_X0Y0        BUFG (Prop_bufg_I_O)         0.096     3.521 r  clk_IBUF_BUFG_inst/O
                         net (fo=215, routed)         1.618     5.139    u_play_melody/CLK
    SLICE_X4Y27          FDCE                                         r  u_play_melody/r_clk_cnt_reg[0][17]/C
  -------------------------------------------------------------------    -------------------
    SLICE_X4Y27          FDCE (Prop_fdce_C_Q)         0.456     5.595 f  u_play_melody/r_clk_cnt_reg[0][17]/Q
                         net (fo=3, routed)           0.839     6.434    u_play_melody/r_clk_cnt_reg[0][17]
    SLICE_X4Y28          LUT4 (Prop_lut4_I0_O)        0.124     6.558 f  u_play_melody/r_clk_cnt[0][21]_i_8/O
                         net (fo=1, routed)           0.416     6.974    u_play_melody/r_clk_cnt[0][21]_i_8_n_0
    SLICE_X4Y29          LUT4 (Prop_lut4_I3_O)        0.124     7.098 f  u_play_melody/r_clk_cnt[0][21]_i_5/O
                         net (fo=1, routed)           0.567     7.665    u_play_melody/r_clk_cnt[0][21]_i_5_n_0
    SLICE_X3Y26          LUT5 (Prop_lut5_I4_O)        0.124     7.789 f  u_play_melody/r_clk_cnt[0][21]_i_2/O
                         net (fo=23, routed)          0.883     8.672    u_play_melody/p_10_out[0]
    SLICE_X3Y24          LUT2 (Prop_lut2_I1_O)        0.119     8.791 r  u_play_melody/r_clk_cnt[0][0]_i_1/O
                         net (fo=1, routed)           0.799     9.590    u_play_melody/r_clk_cnt[0][0]_i_1_n_0
    SLICE_X2Y24          FDCE                                         r  u_play_melody/r_clk_cnt_reg[0][0]/D
  -------------------------------------------------------------------    -------------------

                         (clock sys_clk_pin rise edge)
                                                     10.000    10.000 r  
    W5                                                0.000    10.000 r  clk (IN)
                         net (fo=0)                   0.000    10.000    clk
    W5                   IBUF (Prop_ibuf_I_O)         1.388    11.388 r  clk_IBUF_inst/O
                         net (fo=1, routed)           1.862    13.250    clk_IBUF
    BUFGCTRL_X0Y0        BUFG (Prop_bufg_I_O)         0.091    13.341 r  clk_IBUF_BUFG_inst/O
                         net (fo=215, routed)         1.502    14.843    u_play_melody/CLK
    SLICE_X2Y24          FDCE                                         r  u_play_melody/r_clk_cnt_reg[0][0]/C
                         clock pessimism              0.260    15.103    
                         clock uncertainty           -0.035    15.068    
    SLICE_X2Y24          FDCE (Setup_fdce_C_D)       -0.269    14.799    u_play_melody/r_clk_cnt_reg[0][0]
  -------------------------------------------------------------------
                         required time                         14.799    
                         arrival time                          -9.590    
  -------------------------------------------------------------------
                         slack                                  5.209    

Slack (MET) :             5.812ns  (required time - arrival time)
  Source:                 u_play_melody/r_clk_cnt_reg[1][4]/C
                            (rising edge-triggered cell FDCE clocked by sys_clk_pin  {rise@0.000ns fall@5.000ns period=10.000ns})
  Destination:            u_play_melody/r_clk_cnt_reg[1][0]/D
                            (rising edge-triggered cell FDCE clocked by sys_clk_pin  {rise@0.000ns fall@5.000ns period=10.000ns})
  Path Group:             sys_clk_pin
  Path Type:              Setup (Max at Slow Process Corner)
  Requirement:            10.000ns  (sys_clk_pin rise@10.000ns - sys_clk_pin rise@0.000ns)
  Data Path Delay:        4.148ns  (logic 1.088ns (26.229%)  route 3.060ns (73.771%))
  Logic Levels:           4  (LUT2=1 LUT5=1 LUT6=2)
  Clock Path Skew:        -0.036ns (DCD - SCD + CPR)
    Destination Clock Delay (DCD):    4.846ns = ( 14.846 - 10.000 ) 
    Source Clock Delay      (SCD):    5.142ns
    Clock Pessimism Removal (CPR):    0.260ns
  Clock Uncertainty:      0.035ns  ((TSJ^2 + TIJ^2)^1/2 + DJ) / 2 + PE
    Total System Jitter     (TSJ):    0.071ns
    Total Input Jitter      (TIJ):    0.000ns
    Discrete Jitter          (DJ):    0.000ns
    Phase Error              (PE):    0.000ns

    Location             Delay type                Incr(ns)  Path(ns)    Netlist Resource(s)
  -------------------------------------------------------------------    -------------------
                         (clock sys_clk_pin rise edge)
                                                      0.000     0.000 r  
    W5                                                0.000     0.000 r  clk (IN)
                         net (fo=0)                   0.000     0.000    clk
    W5                   IBUF (Prop_ibuf_I_O)         1.458     1.458 r  clk_IBUF_inst/O
                         net (fo=1, routed)           1.967     3.425    clk_IBUF
    BUFGCTRL_X0Y0        BUFG (Prop_bufg_I_O)         0.096     3.521 r  clk_IBUF_BUFG_inst/O
                         net (fo=215, routed)         1.621     5.142    u_play_melody/CLK
    SLICE_X4Y28          FDCE                                         r  u_play_melody/r_clk_cnt_reg[1][4]/C
  -------------------------------------------------------------------    -------------------
    SLICE_X4Y28          FDCE (Prop_fdce_C_Q)         0.419     5.561 f  u_play_melody/r_clk_cnt_reg[1][4]/Q
                         net (fo=2, routed)           1.183     6.745    u_play_melody/r_clk_cnt_reg[1][4]
    SLICE_X2Y30          LUT6 (Prop_lut6_I4_O)        0.297     7.042 f  u_play_melody/r_clk_cnt[1][21]_i_5/O
                         net (fo=1, routed)           0.312     7.354    u_play_melody/r_clk_cnt[1][21]_i_5_n_0
    SLICE_X2Y31          LUT5 (Prop_lut5_I0_O)        0.124     7.478 f  u_play_melody/r_clk_cnt[1][21]_i_3/O
                         net (fo=1, routed)           0.282     7.760    u_play_melody/r_clk_cnt[1][21]_i_3_n_0
    SLICE_X2Y31          LUT6 (Prop_lut6_I2_O)        0.124     7.884 f  u_play_melody/r_clk_cnt[1][21]_i_2/O
                         net (fo=23, routed)          1.283     9.166    u_play_melody/p_10_out[1]
    SLICE_X3Y27          LUT2 (Prop_lut2_I1_O)        0.124     9.290 r  u_play_melody/r_clk_cnt[1][0]_i_1/O
                         net (fo=1, routed)           0.000     9.290    u_play_melody/r_clk_cnt[1][0]_i_1_n_0
    SLICE_X3Y27          FDCE                                         r  u_play_melody/r_clk_cnt_reg[1][0]/D
  -------------------------------------------------------------------    -------------------

                         (clock sys_clk_pin rise edge)
                                                     10.000    10.000 r  
    W5                                                0.000    10.000 r  clk (IN)
                         net (fo=0)                   0.000    10.000    clk
    W5                   IBUF (Prop_ibuf_I_O)         1.388    11.388 r  clk_IBUF_inst/O
                         net (fo=1, routed)           1.862    13.250    clk_IBUF
    BUFGCTRL_X0Y0        BUFG (Prop_bufg_I_O)         0.091    13.341 r  clk_IBUF_BUFG_inst/O
                         net (fo=215, routed)         1.505    14.846    u_play_melody/CLK
    SLICE_X3Y27          FDCE                                         r  u_play_melody/r_clk_cnt_reg[1][0]/C
                         clock pessimism              0.260    15.106    
                         clock uncertainty           -0.035    15.071    
    SLICE_X3Y27          FDCE (Setup_fdce_C_D)        0.031    15.102    u_play_melody/r_clk_cnt_reg[1][0]
  -------------------------------------------------------------------
                         required time                         15.102    
                         arrival time                          -9.290    
  -------------------------------------------------------------------
                         slack                                  5.812    

Slack (MET) :             5.843ns  (required time - arrival time)
  Source:                 u_play_melody/r_clk_cnt_reg[1][4]/C
                            (rising edge-triggered cell FDCE clocked by sys_clk_pin  {rise@0.000ns fall@5.000ns period=10.000ns})
  Destination:            u_play_melody/r_clk_cnt_reg[1][1]/D
                            (rising edge-triggered cell FDCE clocked by sys_clk_pin  {rise@0.000ns fall@5.000ns period=10.000ns})
  Path Group:             sys_clk_pin
  Path Type:              Setup (Max at Slow Process Corner)
  Requirement:            10.000ns  (sys_clk_pin rise@10.000ns - sys_clk_pin rise@0.000ns)
  Data Path Delay:        4.153ns  (logic 1.088ns (26.198%)  route 3.065ns (73.802%))
  Logic Levels:           4  (LUT2=1 LUT5=1 LUT6=2)
  Clock Path Skew:        0.000ns (DCD - SCD + CPR)
    Destination Clock Delay (DCD):    4.846ns = ( 14.846 - 10.000 ) 
    Source Clock Delay      (SCD):    5.142ns
    Clock Pessimism Removal (CPR):    0.296ns
  Clock Uncertainty:      0.035ns  ((TSJ^2 + TIJ^2)^1/2 + DJ) / 2 + PE
    Total System Jitter     (TSJ):    0.071ns
    Total Input Jitter      (TIJ):    0.000ns
    Discrete Jitter          (DJ):    0.000ns
    Phase Error              (PE):    0.000ns

    Location             Delay type                Incr(ns)  Path(ns)    Netlist Resource(s)
  -------------------------------------------------------------------    -------------------
                         (clock sys_clk_pin rise edge)
                                                      0.000     0.000 r  
    W5                                                0.000     0.000 r  clk (IN)
                         net (fo=0)                   0.000     0.000    clk
    W5                   IBUF (Prop_ibuf_I_O)         1.458     1.458 r  clk_IBUF_inst/O
                         net (fo=1, routed)           1.967     3.425    clk_IBUF
    BUFGCTRL_X0Y0        BUFG (Prop_bufg_I_O)         0.096     3.521 r  clk_IBUF_BUFG_inst/O
                         net (fo=215, routed)         1.621     5.142    u_play_melody/CLK
    SLICE_X4Y28          FDCE                                         r  u_play_melody/r_clk_cnt_reg[1][4]/C
  -------------------------------------------------------------------    -------------------
    SLICE_X4Y28          FDCE (Prop_fdce_C_Q)         0.419     5.561 f  u_play_melody/r_clk_cnt_reg[1][4]/Q
                         net (fo=2, routed)           1.183     6.745    u_play_melody/r_clk_cnt_reg[1][4]
    SLICE_X2Y30          LUT6 (Prop_lut6_I4_O)        0.297     7.042 f  u_play_melody/r_clk_cnt[1][21]_i_5/O
                         net (fo=1, routed)           0.312     7.354    u_play_melody/r_clk_cnt[1][21]_i_5_n_0
    SLICE_X2Y31          LUT5 (Prop_lut5_I0_O)        0.124     7.478 f  u_play_melody/r_clk_cnt[1][21]_i_3/O
                         net (fo=1, routed)           0.282     7.760    u_play_melody/r_clk_cnt[1][21]_i_3_n_0
    SLICE_X2Y31          LUT6 (Prop_lut6_I2_O)        0.124     7.884 f  u_play_melody/r_clk_cnt[1][21]_i_2/O
                         net (fo=23, routed)          1.288     9.171    u_play_melody/p_10_out[1]
    SLICE_X4Y28          LUT2 (Prop_lut2_I1_O)        0.124     9.295 r  u_play_melody/r_clk_cnt[1][1]_i_1/O
                         net (fo=1, routed)           0.000     9.295    u_play_melody/r_clk_cnt[1][1]_i_1_n_0
    SLICE_X4Y28          FDCE                                         r  u_play_melody/r_clk_cnt_reg[1][1]/D
  -------------------------------------------------------------------    -------------------

                         (clock sys_clk_pin rise edge)
                                                     10.000    10.000 r  
    W5                                                0.000    10.000 r  clk (IN)
                         net (fo=0)                   0.000    10.000    clk
    W5                   IBUF (Prop_ibuf_I_O)         1.388    11.388 r  clk_IBUF_inst/O
                         net (fo=1, routed)           1.862    13.250    clk_IBUF
    BUFGCTRL_X0Y0        BUFG (Prop_bufg_I_O)         0.091    13.341 r  clk_IBUF_BUFG_inst/O
                         net (fo=215, routed)         1.505    14.846    u_play_melody/CLK
    SLICE_X4Y28          FDCE                                         r  u_play_melody/r_clk_cnt_reg[1][1]/C
                         clock pessimism              0.296    15.142    
                         clock uncertainty           -0.035    15.107    
    SLICE_X4Y28          FDCE (Setup_fdce_C_D)        0.031    15.138    u_play_melody/r_clk_cnt_reg[1][1]
  -------------------------------------------------------------------
                         required time                         15.138    
                         arrival time                          -9.295    
  -------------------------------------------------------------------
                         slack                                  5.843    

Slack (MET) :             5.859ns  (required time - arrival time)
  Source:                 u_play_melody/r_clk_cnt_reg[1][4]/C
                            (rising edge-triggered cell FDCE clocked by sys_clk_pin  {rise@0.000ns fall@5.000ns period=10.000ns})
  Destination:            u_play_melody/r_clk_cnt_reg[1][3]/D
                            (rising edge-triggered cell FDCE clocked by sys_clk_pin  {rise@0.000ns fall@5.000ns period=10.000ns})
  Path Group:             sys_clk_pin
  Path Type:              Setup (Max at Slow Process Corner)
  Requirement:            10.000ns  (sys_clk_pin rise@10.000ns - sys_clk_pin rise@0.000ns)
  Data Path Delay:        4.181ns  (logic 1.116ns (26.692%)  route 3.065ns (73.308%))
  Logic Levels:           4  (LUT2=1 LUT5=1 LUT6=2)
  Clock Path Skew:        0.000ns (DCD - SCD + CPR)
    Destination Clock Delay (DCD):    4.846ns = ( 14.846 - 10.000 ) 
    Source Clock Delay      (SCD):    5.142ns
    Clock Pessimism Removal (CPR):    0.296ns
  Clock Uncertainty:      0.035ns  ((TSJ^2 + TIJ^2)^1/2 + DJ) / 2 + PE
    Total System Jitter     (TSJ):    0.071ns
    Total Input Jitter      (TIJ):    0.000ns
    Discrete Jitter          (DJ):    0.000ns
    Phase Error              (PE):    0.000ns

    Location             Delay type                Incr(ns)  Path(ns)    Netlist Resource(s)
  -------------------------------------------------------------------    -------------------
                         (clock sys_clk_pin rise edge)
                                                      0.000     0.000 r  
    W5                                                0.000     0.000 r  clk (IN)
                         net (fo=0)                   0.000     0.000    clk
    W5                   IBUF (Prop_ibuf_I_O)         1.458     1.458 r  clk_IBUF_inst/O
                         net (fo=1, routed)           1.967     3.425    clk_IBUF
    BUFGCTRL_X0Y0        BUFG (Prop_bufg_I_O)         0.096     3.521 r  clk_IBUF_BUFG_inst/O
                         net (fo=215, routed)         1.621     5.142    u_play_melody/CLK
    SLICE_X4Y28          FDCE                                         r  u_play_melody/r_clk_cnt_reg[1][4]/C
  -------------------------------------------------------------------    -------------------
    SLICE_X4Y28          FDCE (Prop_fdce_C_Q)         0.419     5.561 f  u_play_melody/r_clk_cnt_reg[1][4]/Q
                         net (fo=2, routed)           1.183     6.745    u_play_melody/r_clk_cnt_reg[1][4]
    SLICE_X2Y30          LUT6 (Prop_lut6_I4_O)        0.297     7.042 f  u_play_melody/r_clk_cnt[1][21]_i_5/O
                         net (fo=1, routed)           0.312     7.354    u_play_melody/r_clk_cnt[1][21]_i_5_n_0
    SLICE_X2Y31          LUT5 (Prop_lut5_I0_O)        0.124     7.478 f  u_play_melody/r_clk_cnt[1][21]_i_3/O
                         net (fo=1, routed)           0.282     7.760    u_play_melody/r_clk_cnt[1][21]_i_3_n_0
    SLICE_X2Y31          LUT6 (Prop_lut6_I2_O)        0.124     7.884 f  u_play_melody/r_clk_cnt[1][21]_i_2/O
                         net (fo=23, routed)          1.288     9.171    u_play_melody/p_10_out[1]
    SLICE_X4Y28          LUT2 (Prop_lut2_I1_O)        0.152     9.323 r  u_play_melody/r_clk_cnt[1][3]_i_1/O
                         net (fo=1, routed)           0.000     9.323    u_play_melody/r_clk_cnt[1][3]_i_1_n_0
    SLICE_X4Y28          FDCE                                         r  u_play_melody/r_clk_cnt_reg[1][3]/D
  -------------------------------------------------------------------    -------------------

                         (clock sys_clk_pin rise edge)
                                                     10.000    10.000 r  
    W5                                                0.000    10.000 r  clk (IN)
                         net (fo=0)                   0.000    10.000    clk
    W5                   IBUF (Prop_ibuf_I_O)         1.388    11.388 r  clk_IBUF_inst/O
                         net (fo=1, routed)           1.862    13.250    clk_IBUF
    BUFGCTRL_X0Y0        BUFG (Prop_bufg_I_O)         0.091    13.341 r  clk_IBUF_BUFG_inst/O
                         net (fo=215, routed)         1.505    14.846    u_play_melody/CLK
    SLICE_X4Y28          FDCE                                         r  u_play_melody/r_clk_cnt_reg[1][3]/C
                         clock pessimism              0.296    15.142    
                         clock uncertainty           -0.035    15.107    
    SLICE_X4Y28          FDCE (Setup_fdce_C_D)        0.075    15.182    u_play_melody/r_clk_cnt_reg[1][3]
  -------------------------------------------------------------------
                         required time                         15.182    
                         arrival time                          -9.323    
  -------------------------------------------------------------------
                         slack                                  5.859    

Slack (MET) :             6.038ns  (required time - arrival time)
  Source:                 u_play_melody/r_clk_cnt_reg[3][4]/C
                            (rising edge-triggered cell FDCE clocked by sys_clk_pin  {rise@0.000ns fall@5.000ns period=10.000ns})
  Destination:            u_play_melody/r_clk_cnt_reg[3][5]/D
                            (rising edge-triggered cell FDCE clocked by sys_clk_pin  {rise@0.000ns fall@5.000ns period=10.000ns})
  Path Group:             sys_clk_pin
  Path Type:              Setup (Max at Slow Process Corner)
  Requirement:            10.000ns  (sys_clk_pin rise@10.000ns - sys_clk_pin rise@0.000ns)
  Data Path Delay:        3.935ns  (logic 1.151ns (29.247%)  route 2.784ns (70.753%))
  Logic Levels:           4  (LUT2=1 LUT6=3)
  Clock Path Skew:        -0.022ns (DCD - SCD + CPR)
    Destination Clock Delay (DCD):    4.847ns = ( 14.847 - 10.000 ) 
    Source Clock Delay      (SCD):    5.142ns
    Clock Pessimism Removal (CPR):    0.273ns
  Clock Uncertainty:      0.035ns  ((TSJ^2 + TIJ^2)^1/2 + DJ) / 2 + PE
    Total System Jitter     (TSJ):    0.071ns
    Total Input Jitter      (TIJ):    0.000ns
    Discrete Jitter          (DJ):    0.000ns
    Phase Error              (PE):    0.000ns

    Location             Delay type                Incr(ns)  Path(ns)    Netlist Resource(s)
  -------------------------------------------------------------------    -------------------
                         (clock sys_clk_pin rise edge)
                                                      0.000     0.000 r  
    W5                                                0.000     0.000 r  clk (IN)
                         net (fo=0)                   0.000     0.000    clk
    W5                   IBUF (Prop_ibuf_I_O)         1.458     1.458 r  clk_IBUF_inst/O
                         net (fo=1, routed)           1.967     3.425    clk_IBUF
    BUFGCTRL_X0Y0        BUFG (Prop_bufg_I_O)         0.096     3.521 r  clk_IBUF_BUFG_inst/O
                         net (fo=215, routed)         1.621     5.142    u_play_melody/CLK
    SLICE_X6Y28          FDCE                                         r  u_play_melody/r_clk_cnt_reg[3][4]/C
  -------------------------------------------------------------------    -------------------
    SLICE_X6Y28          FDCE (Prop_fdce_C_Q)         0.478     5.620 f  u_play_melody/r_clk_cnt_reg[3][4]/Q
                         net (fo=2, routed)           0.878     6.498    u_play_melody/r_clk_cnt_reg[3][4]
    SLICE_X6Y28          LUT6 (Prop_lut6_I2_O)        0.301     6.799 r  u_play_melody/r_clk_cnt[3][21]_i_5/O
                         net (fo=1, routed)           0.449     7.249    u_play_melody/r_clk_cnt[3][21]_i_5_n_0
    SLICE_X4Y30          LUT6 (Prop_lut6_I2_O)        0.124     7.373 r  u_play_melody/r_clk_cnt[3][21]_i_3/O
                         net (fo=1, routed)           0.574     7.947    u_play_melody/r_clk_cnt[3][21]_i_3_n_0
    SLICE_X4Y31          LUT6 (Prop_lut6_I0_O)        0.124     8.071 f  u_play_melody/r_clk_cnt[3][21]_i_2/O
                         net (fo=23, routed)          0.883     8.954    u_play_melody/p_10_out[3]
    SLICE_X4Y29          LUT2 (Prop_lut2_I1_O)        0.124     9.078 r  u_play_melody/r_clk_cnt[3][5]_i_1/O
                         net (fo=1, routed)           0.000     9.078    u_play_melody/r_clk_cnt[3][5]_i_1_n_0
    SLICE_X4Y29          FDCE                                         r  u_play_melody/r_clk_cnt_reg[3][5]/D
  -------------------------------------------------------------------    -------------------

                         (clock sys_clk_pin rise edge)
                                                     10.000    10.000 r  
    W5                                                0.000    10.000 r  clk (IN)
                         net (fo=0)                   0.000    10.000    clk
    W5                   IBUF (Prop_ibuf_I_O)         1.388    11.388 r  clk_IBUF_inst/O
                         net (fo=1, routed)           1.862    13.250    clk_IBUF
    BUFGCTRL_X0Y0        BUFG (Prop_bufg_I_O)         0.091    13.341 r  clk_IBUF_BUFG_inst/O
                         net (fo=215, routed)         1.506    14.847    u_play_melody/CLK
    SLICE_X4Y29          FDCE                                         r  u_play_melody/r_clk_cnt_reg[3][5]/C
                         clock pessimism              0.273    15.120    
                         clock uncertainty           -0.035    15.085    
    SLICE_X4Y29          FDCE (Setup_fdce_C_D)        0.031    15.116    u_play_melody/r_clk_cnt_reg[3][5]
  -------------------------------------------------------------------
                         required time                         15.116    
                         arrival time                          -9.078    
  -------------------------------------------------------------------
                         slack                                  6.038    

Slack (MET) :             6.054ns  (required time - arrival time)
  Source:                 u_play_melody/r_clk_cnt_reg[3][4]/C
                            (rising edge-triggered cell FDCE clocked by sys_clk_pin  {rise@0.000ns fall@5.000ns period=10.000ns})
  Destination:            u_play_melody/r_clk_cnt_reg[3][7]/D
                            (rising edge-triggered cell FDCE clocked by sys_clk_pin  {rise@0.000ns fall@5.000ns period=10.000ns})
  Path Group:             sys_clk_pin
  Path Type:              Setup (Max at Slow Process Corner)
  Requirement:            10.000ns  (sys_clk_pin rise@10.000ns - sys_clk_pin rise@0.000ns)
  Data Path Delay:        3.963ns  (logic 1.179ns (29.747%)  route 2.784ns (70.253%))
  Logic Levels:           4  (LUT2=1 LUT6=3)
  Clock Path Skew:        -0.022ns (DCD - SCD + CPR)
    Destination Clock Delay (DCD):    4.847ns = ( 14.847 - 10.000 ) 
    Source Clock Delay      (SCD):    5.142ns
    Clock Pessimism Removal (CPR):    0.273ns
  Clock Uncertainty:      0.035ns  ((TSJ^2 + TIJ^2)^1/2 + DJ) / 2 + PE
    Total System Jitter     (TSJ):    0.071ns
    Total Input Jitter      (TIJ):    0.000ns
    Discrete Jitter          (DJ):    0.000ns
    Phase Error              (PE):    0.000ns

    Location             Delay type                Incr(ns)  Path(ns)    Netlist Resource(s)
  -------------------------------------------------------------------    -------------------
                         (clock sys_clk_pin rise edge)
                                                      0.000     0.000 r  
    W5                                                0.000     0.000 r  clk (IN)
                         net (fo=0)                   0.000     0.000    clk
    W5                   IBUF (Prop_ibuf_I_O)         1.458     1.458 r  clk_IBUF_inst/O
                         net (fo=1, routed)           1.967     3.425    clk_IBUF
    BUFGCTRL_X0Y0        BUFG (Prop_bufg_I_O)         0.096     3.521 r  clk_IBUF_BUFG_inst/O
                         net (fo=215, routed)         1.621     5.142    u_play_melody/CLK
    SLICE_X6Y28          FDCE                                         r  u_play_melody/r_clk_cnt_reg[3][4]/C
  -------------------------------------------------------------------    -------------------
    SLICE_X6Y28          FDCE (Prop_fdce_C_Q)         0.478     5.620 f  u_play_melody/r_clk_cnt_reg[3][4]/Q
                         net (fo=2, routed)           0.878     6.498    u_play_melody/r_clk_cnt_reg[3][4]
    SLICE_X6Y28          LUT6 (Prop_lut6_I2_O)        0.301     6.799 r  u_play_melody/r_clk_cnt[3][21]_i_5/O
                         net (fo=1, routed)           0.449     7.249    u_play_melody/r_clk_cnt[3][21]_i_5_n_0
    SLICE_X4Y30          LUT6 (Prop_lut6_I2_O)        0.124     7.373 r  u_play_melody/r_clk_cnt[3][21]_i_3/O
                         net (fo=1, routed)           0.574     7.947    u_play_melody/r_clk_cnt[3][21]_i_3_n_0
    SLICE_X4Y31          LUT6 (Prop_lut6_I0_O)        0.124     8.071 f  u_play_melody/r_clk_cnt[3][21]_i_2/O
                         net (fo=23, routed)          0.883     8.954    u_play_melody/p_10_out[3]
    SLICE_X4Y29          LUT2 (Prop_lut2_I1_O)        0.152     9.106 r  u_play_melody/r_clk_cnt[3][7]_i_1/O
                         net (fo=1, routed)           0.000     9.106    u_play_melody/r_clk_cnt[3][7]_i_1_n_0
    SLICE_X4Y29          FDCE                                         r  u_play_melody/r_clk_cnt_reg[3][7]/D
  -------------------------------------------------------------------    -------------------

                         (clock sys_clk_pin rise edge)
                                                     10.000    10.000 r  
    W5                                                0.000    10.000 r  clk (IN)
                         net (fo=0)                   0.000    10.000    clk
    W5                   IBUF (Prop_ibuf_I_O)         1.388    11.388 r  clk_IBUF_inst/O
                         net (fo=1, routed)           1.862    13.250    clk_IBUF
    BUFGCTRL_X0Y0        BUFG (Prop_bufg_I_O)         0.091    13.341 r  clk_IBUF_BUFG_inst/O
                         net (fo=215, routed)         1.506    14.847    u_play_melody/CLK
    SLICE_X4Y29          FDCE                                         r  u_play_melody/r_clk_cnt_reg[3][7]/C
                         clock pessimism              0.273    15.120    
                         clock uncertainty           -0.035    15.085    
    SLICE_X4Y29          FDCE (Setup_fdce_C_D)        0.075    15.160    u_play_melody/r_clk_cnt_reg[3][7]
  -------------------------------------------------------------------
                         required time                         15.160    
                         arrival time                          -9.106    
  -------------------------------------------------------------------
                         slack                                  6.054    

Slack (MET) :             6.058ns  (required time - arrival time)
  Source:                 u_play_melody/r_clk_cnt_reg[3][4]/C
                            (rising edge-triggered cell FDCE clocked by sys_clk_pin  {rise@0.000ns fall@5.000ns period=10.000ns})
  Destination:            u_play_melody/r_clk_cnt_reg[3][2]/D
                            (rising edge-triggered cell FDCE clocked by sys_clk_pin  {rise@0.000ns fall@5.000ns period=10.000ns})
  Path Group:             sys_clk_pin
  Path Type:              Setup (Max at Slow Process Corner)
  Requirement:            10.000ns  (sys_clk_pin rise@10.000ns - sys_clk_pin rise@0.000ns)
  Data Path Delay:        3.987ns  (logic 1.151ns (28.866%)  route 2.836ns (71.134%))
  Logic Levels:           4  (LUT2=1 LUT6=3)
  Clock Path Skew:        0.000ns (DCD - SCD + CPR)
    Destination Clock Delay (DCD):    4.846ns = ( 14.846 - 10.000 ) 
    Source Clock Delay      (SCD):    5.142ns
    Clock Pessimism Removal (CPR):    0.296ns
  Clock Uncertainty:      0.035ns  ((TSJ^2 + TIJ^2)^1/2 + DJ) / 2 + PE
    Total System Jitter     (TSJ):    0.071ns
    Total Input Jitter      (TIJ):    0.000ns
    Discrete Jitter          (DJ):    0.000ns
    Phase Error              (PE):    0.000ns

    Location             Delay type                Incr(ns)  Path(ns)    Netlist Resource(s)
  -------------------------------------------------------------------    -------------------
                         (clock sys_clk_pin rise edge)
                                                      0.000     0.000 r  
    W5                                                0.000     0.000 r  clk (IN)
                         net (fo=0)                   0.000     0.000    clk
    W5                   IBUF (Prop_ibuf_I_O)         1.458     1.458 r  clk_IBUF_inst/O
                         net (fo=1, routed)           1.967     3.425    clk_IBUF
    BUFGCTRL_X0Y0        BUFG (Prop_bufg_I_O)         0.096     3.521 r  clk_IBUF_BUFG_inst/O
                         net (fo=215, routed)         1.621     5.142    u_play_melody/CLK
    SLICE_X6Y28          FDCE                                         r  u_play_melody/r_clk_cnt_reg[3][4]/C
  -------------------------------------------------------------------    -------------------
    SLICE_X6Y28          FDCE (Prop_fdce_C_Q)         0.478     5.620 f  u_play_melody/r_clk_cnt_reg[3][4]/Q
                         net (fo=2, routed)           0.878     6.498    u_play_melody/r_clk_cnt_reg[3][4]
    SLICE_X6Y28          LUT6 (Prop_lut6_I2_O)        0.301     6.799 r  u_play_melody/r_clk_cnt[3][21]_i_5/O
                         net (fo=1, routed)           0.449     7.249    u_play_melody/r_clk_cnt[3][21]_i_5_n_0
    SLICE_X4Y30          LUT6 (Prop_lut6_I2_O)        0.124     7.373 r  u_play_melody/r_clk_cnt[3][21]_i_3/O
                         net (fo=1, routed)           0.574     7.947    u_play_melody/r_clk_cnt[3][21]_i_3_n_0
    SLICE_X4Y31          LUT6 (Prop_lut6_I0_O)        0.124     8.071 f  u_play_melody/r_clk_cnt[3][21]_i_2/O
                         net (fo=23, routed)          0.934     9.006    u_play_melody/p_10_out[3]
    SLICE_X6Y28          LUT2 (Prop_lut2_I1_O)        0.124     9.130 r  u_play_melody/r_clk_cnt[3][2]_i_1/O
                         net (fo=1, routed)           0.000     9.130    u_play_melody/r_clk_cnt[3][2]_i_1_n_0
    SLICE_X6Y28          FDCE                                         r  u_play_melody/r_clk_cnt_reg[3][2]/D
  -------------------------------------------------------------------    -------------------

                         (clock sys_clk_pin rise edge)
                                                     10.000    10.000 r  
    W5                                                0.000    10.000 r  clk (IN)
                         net (fo=0)                   0.000    10.000    clk
    W5                   IBUF (Prop_ibuf_I_O)         1.388    11.388 r  clk_IBUF_inst/O
                         net (fo=1, routed)           1.862    13.250    clk_IBUF
    BUFGCTRL_X0Y0        BUFG (Prop_bufg_I_O)         0.091    13.341 r  clk_IBUF_BUFG_inst/O
                         net (fo=215, routed)         1.505    14.846    u_play_melody/CLK
    SLICE_X6Y28          FDCE                                         r  u_play_melody/r_clk_cnt_reg[3][2]/C
                         clock pessimism              0.296    15.142    
                         clock uncertainty           -0.035    15.107    
    SLICE_X6Y28          FDCE (Setup_fdce_C_D)        0.081    15.188    u_play_melody/r_clk_cnt_reg[3][2]
  -------------------------------------------------------------------
                         required time                         15.188    
                         arrival time                          -9.130    
  -------------------------------------------------------------------
                         slack                                  6.058    

Slack (MET) :             6.065ns  (required time - arrival time)
  Source:                 u_play_melody/r_clk_cnt_reg[3][4]/C
                            (rising edge-triggered cell FDCE clocked by sys_clk_pin  {rise@0.000ns fall@5.000ns period=10.000ns})
  Destination:            u_play_melody/r_clk_cnt_reg[3][1]/D
                            (rising edge-triggered cell FDCE clocked by sys_clk_pin  {rise@0.000ns fall@5.000ns period=10.000ns})
  Path Group:             sys_clk_pin
  Path Type:              Setup (Max at Slow Process Corner)
  Requirement:            10.000ns  (sys_clk_pin rise@10.000ns - sys_clk_pin rise@0.000ns)
  Data Path Delay:        3.976ns  (logic 1.151ns (28.946%)  route 2.825ns (71.054%))
  Logic Levels:           4  (LUT2=1 LUT6=3)
  Clock Path Skew:        0.000ns (DCD - SCD + CPR)
    Destination Clock Delay (DCD):    4.846ns = ( 14.846 - 10.000 ) 
    Source Clock Delay      (SCD):    5.142ns
    Clock Pessimism Removal (CPR):    0.296ns
  Clock Uncertainty:      0.035ns  ((TSJ^2 + TIJ^2)^1/2 + DJ) / 2 + PE
    Total System Jitter     (TSJ):    0.071ns
    Total Input Jitter      (TIJ):    0.000ns
    Discrete Jitter          (DJ):    0.000ns
    Phase Error              (PE):    0.000ns

    Location             Delay type                Incr(ns)  Path(ns)    Netlist Resource(s)
  -------------------------------------------------------------------    -------------------
                         (clock sys_clk_pin rise edge)
                                                      0.000     0.000 r  
    W5                                                0.000     0.000 r  clk (IN)
                         net (fo=0)                   0.000     0.000    clk
    W5                   IBUF (Prop_ibuf_I_O)         1.458     1.458 r  clk_IBUF_inst/O
                         net (fo=1, routed)           1.967     3.425    clk_IBUF
    BUFGCTRL_X0Y0        BUFG (Prop_bufg_I_O)         0.096     3.521 r  clk_IBUF_BUFG_inst/O
                         net (fo=215, routed)         1.621     5.142    u_play_melody/CLK
    SLICE_X6Y28          FDCE                                         r  u_play_melody/r_clk_cnt_reg[3][4]/C
  -------------------------------------------------------------------    -------------------
    SLICE_X6Y28          FDCE (Prop_fdce_C_Q)         0.478     5.620 f  u_play_melody/r_clk_cnt_reg[3][4]/Q
                         net (fo=2, routed)           0.878     6.498    u_play_melody/r_clk_cnt_reg[3][4]
    SLICE_X6Y28          LUT6 (Prop_lut6_I2_O)        0.301     6.799 r  u_play_melody/r_clk_cnt[3][21]_i_5/O
                         net (fo=1, routed)           0.449     7.249    u_play_melody/r_clk_cnt[3][21]_i_5_n_0
    SLICE_X4Y30          LUT6 (Prop_lut6_I2_O)        0.124     7.373 r  u_play_melody/r_clk_cnt[3][21]_i_3/O
                         net (fo=1, routed)           0.574     7.947    u_play_melody/r_clk_cnt[3][21]_i_3_n_0
    SLICE_X4Y31          LUT6 (Prop_lut6_I0_O)        0.124     8.071 f  u_play_melody/r_clk_cnt[3][21]_i_2/O
                         net (fo=23, routed)          0.923     8.995    u_play_melody/p_10_out[3]
    SLICE_X6Y28          LUT2 (Prop_lut2_I1_O)        0.124     9.119 r  u_play_melody/r_clk_cnt[3][1]_i_1/O
                         net (fo=1, routed)           0.000     9.119    u_play_melody/r_clk_cnt[3][1]_i_1_n_0
    SLICE_X6Y28          FDCE                                         r  u_play_melody/r_clk_cnt_reg[3][1]/D
  -------------------------------------------------------------------    -------------------

                         (clock sys_clk_pin rise edge)
                                                     10.000    10.000 r  
    W5                                                0.000    10.000 r  clk (IN)
                         net (fo=0)                   0.000    10.000    clk
    W5                   IBUF (Prop_ibuf_I_O)         1.388    11.388 r  clk_IBUF_inst/O
                         net (fo=1, routed)           1.862    13.250    clk_IBUF
    BUFGCTRL_X0Y0        BUFG (Prop_bufg_I_O)         0.091    13.341 r  clk_IBUF_BUFG_inst/O
                         net (fo=215, routed)         1.505    14.846    u_play_melody/CLK
    SLICE_X6Y28          FDCE                                         r  u_play_melody/r_clk_cnt_reg[3][1]/C
                         clock pessimism              0.296    15.142    
                         clock uncertainty           -0.035    15.107    
    SLICE_X6Y28          FDCE (Setup_fdce_C_D)        0.077    15.184    u_play_melody/r_clk_cnt_reg[3][1]
  -------------------------------------------------------------------
                         required time                         15.184    
                         arrival time                          -9.119    
  -------------------------------------------------------------------
                         slack                                  6.065    

Slack (MET) :             6.067ns  (required time - arrival time)
  Source:                 u_play_melody/r_clk_cnt_reg[3][4]/C
                            (rising edge-triggered cell FDCE clocked by sys_clk_pin  {rise@0.000ns fall@5.000ns period=10.000ns})
  Destination:            u_play_melody/r_clk_cnt_reg[3][11]/D
                            (rising edge-triggered cell FDCE clocked by sys_clk_pin  {rise@0.000ns fall@5.000ns period=10.000ns})
  Path Group:             sys_clk_pin
  Path Type:              Setup (Max at Slow Process Corner)
  Requirement:            10.000ns  (sys_clk_pin rise@10.000ns - sys_clk_pin rise@0.000ns)
  Data Path Delay:        3.907ns  (logic 1.151ns (29.461%)  route 2.756ns (70.539%))
  Logic Levels:           4  (LUT2=1 LUT6=3)
  Clock Path Skew:        -0.022ns (DCD - SCD + CPR)
    Destination Clock Delay (DCD):    4.847ns = ( 14.847 - 10.000 ) 
    Source Clock Delay      (SCD):    5.142ns
    Clock Pessimism Removal (CPR):    0.273ns
  Clock Uncertainty:      0.035ns  ((TSJ^2 + TIJ^2)^1/2 + DJ) / 2 + PE
    Total System Jitter     (TSJ):    0.071ns
    Total Input Jitter      (TIJ):    0.000ns
    Discrete Jitter          (DJ):    0.000ns
    Phase Error              (PE):    0.000ns

    Location             Delay type                Incr(ns)  Path(ns)    Netlist Resource(s)
  -------------------------------------------------------------------    -------------------
                         (clock sys_clk_pin rise edge)
                                                      0.000     0.000 r  
    W5                                                0.000     0.000 r  clk (IN)
                         net (fo=0)                   0.000     0.000    clk
    W5                   IBUF (Prop_ibuf_I_O)         1.458     1.458 r  clk_IBUF_inst/O
                         net (fo=1, routed)           1.967     3.425    clk_IBUF
    BUFGCTRL_X0Y0        BUFG (Prop_bufg_I_O)         0.096     3.521 r  clk_IBUF_BUFG_inst/O
                         net (fo=215, routed)         1.621     5.142    u_play_melody/CLK
    SLICE_X6Y28          FDCE                                         r  u_play_melody/r_clk_cnt_reg[3][4]/C
  -------------------------------------------------------------------    -------------------
    SLICE_X6Y28          FDCE (Prop_fdce_C_Q)         0.478     5.620 f  u_play_melody/r_clk_cnt_reg[3][4]/Q
                         net (fo=2, routed)           0.878     6.498    u_play_melody/r_clk_cnt_reg[3][4]
    SLICE_X6Y28          LUT6 (Prop_lut6_I2_O)        0.301     6.799 r  u_play_melody/r_clk_cnt[3][21]_i_5/O
                         net (fo=1, routed)           0.449     7.249    u_play_melody/r_clk_cnt[3][21]_i_5_n_0
    SLICE_X4Y30          LUT6 (Prop_lut6_I2_O)        0.124     7.373 r  u_play_melody/r_clk_cnt[3][21]_i_3/O
                         net (fo=1, routed)           0.574     7.947    u_play_melody/r_clk_cnt[3][21]_i_3_n_0
    SLICE_X4Y31          LUT6 (Prop_lut6_I0_O)        0.124     8.071 f  u_play_melody/r_clk_cnt[3][21]_i_2/O
                         net (fo=23, routed)          0.854     8.925    u_play_melody/p_10_out[3]
    SLICE_X4Y30          LUT2 (Prop_lut2_I1_O)        0.124     9.049 r  u_play_melody/r_clk_cnt[3][11]_i_1/O
                         net (fo=1, routed)           0.000     9.049    u_play_melody/r_clk_cnt[3][11]_i_1_n_0
    SLICE_X4Y30          FDCE                                         r  u_play_melody/r_clk_cnt_reg[3][11]/D
  -------------------------------------------------------------------    -------------------

                         (clock sys_clk_pin rise edge)
                                                     10.000    10.000 r  
    W5                                                0.000    10.000 r  clk (IN)
                         net (fo=0)                   0.000    10.000    clk
    W5                   IBUF (Prop_ibuf_I_O)         1.388    11.388 r  clk_IBUF_inst/O
                         net (fo=1, routed)           1.862    13.250    clk_IBUF
    BUFGCTRL_X0Y0        BUFG (Prop_bufg_I_O)         0.091    13.341 r  clk_IBUF_BUFG_inst/O
                         net (fo=215, routed)         1.506    14.847    u_play_melody/CLK
    SLICE_X4Y30          FDCE                                         r  u_play_melody/r_clk_cnt_reg[3][11]/C
                         clock pessimism              0.273    15.120    
                         clock uncertainty           -0.035    15.085    
    SLICE_X4Y30          FDCE (Setup_fdce_C_D)        0.031    15.116    u_play_melody/r_clk_cnt_reg[3][11]
  -------------------------------------------------------------------
                         required time                         15.116    
                         arrival time                          -9.049    
  -------------------------------------------------------------------
                         slack                                  6.067    

Slack (MET) :             6.083ns  (required time - arrival time)
  Source:                 u_play_melody/r_clk_cnt_reg[3][4]/C
                            (rising edge-triggered cell FDCE clocked by sys_clk_pin  {rise@0.000ns fall@5.000ns period=10.000ns})
  Destination:            u_play_melody/r_clk_cnt_reg[3][9]/D
                            (rising edge-triggered cell FDCE clocked by sys_clk_pin  {rise@0.000ns fall@5.000ns period=10.000ns})
  Path Group:             sys_clk_pin
  Path Type:              Setup (Max at Slow Process Corner)
  Requirement:            10.000ns  (sys_clk_pin rise@10.000ns - sys_clk_pin rise@0.000ns)
  Data Path Delay:        3.935ns  (logic 1.179ns (29.963%)  route 2.756ns (70.037%))
  Logic Levels:           4  (LUT2=1 LUT6=3)
  Clock Path Skew:        -0.022ns (DCD - SCD + CPR)
    Destination Clock Delay (DCD):    4.847ns = ( 14.847 - 10.000 ) 
    Source Clock Delay      (SCD):    5.142ns
    Clock Pessimism Removal (CPR):    0.273ns
  Clock Uncertainty:      0.035ns  ((TSJ^2 + TIJ^2)^1/2 + DJ) / 2 + PE
    Total System Jitter     (TSJ):    0.071ns
    Total Input Jitter      (TIJ):    0.000ns
    Discrete Jitter          (DJ):    0.000ns
    Phase Error              (PE):    0.000ns

    Location             Delay type                Incr(ns)  Path(ns)    Netlist Resource(s)
  -------------------------------------------------------------------    -------------------
                         (clock sys_clk_pin rise edge)
                                                      0.000     0.000 r  
    W5                                                0.000     0.000 r  clk (IN)
                         net (fo=0)                   0.000     0.000    clk
    W5                   IBUF (Prop_ibuf_I_O)         1.458     1.458 r  clk_IBUF_inst/O
                         net (fo=1, routed)           1.967     3.425    clk_IBUF
    BUFGCTRL_X0Y0        BUFG (Prop_bufg_I_O)         0.096     3.521 r  clk_IBUF_BUFG_inst/O
                         net (fo=215, routed)         1.621     5.142    u_play_melody/CLK
    SLICE_X6Y28          FDCE                                         r  u_play_melody/r_clk_cnt_reg[3][4]/C
  -------------------------------------------------------------------    -------------------
    SLICE_X6Y28          FDCE (Prop_fdce_C_Q)         0.478     5.620 f  u_play_melody/r_clk_cnt_reg[3][4]/Q
                         net (fo=2, routed)           0.878     6.498    u_play_melody/r_clk_cnt_reg[3][4]
    SLICE_X6Y28          LUT6 (Prop_lut6_I2_O)        0.301     6.799 r  u_play_melody/r_clk_cnt[3][21]_i_5/O
                         net (fo=1, routed)           0.449     7.249    u_play_melody/r_clk_cnt[3][21]_i_5_n_0
    SLICE_X4Y30          LUT6 (Prop_lut6_I2_O)        0.124     7.373 r  u_play_melody/r_clk_cnt[3][21]_i_3/O
                         net (fo=1, routed)           0.574     7.947    u_play_melody/r_clk_cnt[3][21]_i_3_n_0
    SLICE_X4Y31          LUT6 (Prop_lut6_I0_O)        0.124     8.071 f  u_play_melody/r_clk_cnt[3][21]_i_2/O
                         net (fo=23, routed)          0.854     8.925    u_play_melody/p_10_out[3]
    SLICE_X4Y30          LUT2 (Prop_lut2_I1_O)        0.152     9.077 r  u_play_melody/r_clk_cnt[3][9]_i_1/O
                         net (fo=1, routed)           0.000     9.077    u_play_melody/r_clk_cnt[3][9]_i_1_n_0
    SLICE_X4Y30          FDCE                                         r  u_play_melody/r_clk_cnt_reg[3][9]/D
  -------------------------------------------------------------------    -------------------

                         (clock sys_clk_pin rise edge)
                                                     10.000    10.000 r  
    W5                                                0.000    10.000 r  clk (IN)
                         net (fo=0)                   0.000    10.000    clk
    W5                   IBUF (Prop_ibuf_I_O)         1.388    11.388 r  clk_IBUF_inst/O
                         net (fo=1, routed)           1.862    13.250    clk_IBUF
    BUFGCTRL_X0Y0        BUFG (Prop_bufg_I_O)         0.091    13.341 r  clk_IBUF_BUFG_inst/O
                         net (fo=215, routed)         1.506    14.847    u_play_melody/CLK
    SLICE_X4Y30          FDCE                                         r  u_play_melody/r_clk_cnt_reg[3][9]/C
                         clock pessimism              0.273    15.120    
                         clock uncertainty           -0.035    15.085    
    SLICE_X4Y30          FDCE (Setup_fdce_C_D)        0.075    15.160    u_play_melody/r_clk_cnt_reg[3][9]
  -------------------------------------------------------------------
                         required time                         15.160    
                         arrival time                          -9.077    
  -------------------------------------------------------------------
                         slack                                  6.083    





Min Delay Paths
--------------------------------------------------------------------------------------
Slack (MET) :             0.171ns  (arrival time - required time)
  Source:                 u_btnD_debouncer/r_clean_btn_reg/C
                            (rising edge-triggered cell FDCE clocked by sys_clk_pin  {rise@0.000ns fall@5.000ns period=10.000ns})
  Destination:            u_btnD_debouncer/r_counter_reg[9]/D
                            (rising edge-triggered cell FDCE clocked by sys_clk_pin  {rise@0.000ns fall@5.000ns period=10.000ns})
  Path Group:             sys_clk_pin
  Path Type:              Hold (Min at Fast Process Corner)
  Requirement:            0.000ns  (sys_clk_pin rise@0.000ns - sys_clk_pin rise@0.000ns)
  Data Path Delay:        0.315ns  (logic 0.189ns (59.909%)  route 0.126ns (40.091%))
  Logic Levels:           1  (LUT4=1)
  Clock Path Skew:        0.013ns (DCD - SCD - CPR)
    Destination Clock Delay (DCD):    1.958ns
    Source Clock Delay      (SCD):    1.445ns
    Clock Pessimism Removal (CPR):    0.500ns

    Location             Delay type                Incr(ns)  Path(ns)    Netlist Resource(s)
  -------------------------------------------------------------------    -------------------
                         (clock sys_clk_pin rise edge)
                                                      0.000     0.000 r  
    W5                                                0.000     0.000 r  clk (IN)
                         net (fo=0)                   0.000     0.000    clk
    W5                   IBUF (Prop_ibuf_I_O)         0.226     0.226 r  clk_IBUF_inst/O
                         net (fo=1, routed)           0.631     0.858    clk_IBUF
    BUFGCTRL_X0Y0        BUFG (Prop_bufg_I_O)         0.026     0.884 r  clk_IBUF_BUFG_inst/O
                         net (fo=215, routed)         0.562     1.445    u_btnD_debouncer/CLK
    SLICE_X9Y35          FDCE                                         r  u_btnD_debouncer/r_clean_btn_reg/C
  -------------------------------------------------------------------    -------------------
    SLICE_X9Y35          FDCE (Prop_fdce_C_Q)         0.141     1.586 r  u_btnD_debouncer/r_clean_btn_reg/Q
                         net (fo=19, routed)          0.126     1.713    u_btnD_debouncer/btn_array[0]
    SLICE_X8Y35          LUT4 (Prop_lut4_I2_O)        0.048     1.761 r  u_btnD_debouncer/r_counter[9]_i_1__3/O
                         net (fo=1, routed)           0.000     1.761    u_btnD_debouncer/r_counter[9]_i_1__3_n_0
    SLICE_X8Y35          FDCE                                         r  u_btnD_debouncer/r_counter_reg[9]/D
  -------------------------------------------------------------------    -------------------

                         (clock sys_clk_pin rise edge)
                                                      0.000     0.000 r  
    W5                                                0.000     0.000 r  clk (IN)
                         net (fo=0)                   0.000     0.000    clk
    W5                   IBUF (Prop_ibuf_I_O)         0.414     0.414 r  clk_IBUF_inst/O
                         net (fo=1, routed)           0.685     1.099    clk_IBUF
    BUFGCTRL_X0Y0        BUFG (Prop_bufg_I_O)         0.029     1.128 r  clk_IBUF_BUFG_inst/O
                         net (fo=215, routed)         0.831     1.958    u_btnD_debouncer/CLK
    SLICE_X8Y35          FDCE                                         r  u_btnD_debouncer/r_counter_reg[9]/C
                         clock pessimism             -0.500     1.458    
    SLICE_X8Y35          FDCE (Hold_fdce_C_D)         0.131     1.589    u_btnD_debouncer/r_counter_reg[9]
  -------------------------------------------------------------------
                         required time                         -1.589    
                         arrival time                           1.761    
  -------------------------------------------------------------------
                         slack                                  0.171    

Slack (MET) :             0.178ns  (arrival time - required time)
  Source:                 u_btnD_debouncer/r_clean_btn_reg/C
                            (rising edge-triggered cell FDCE clocked by sys_clk_pin  {rise@0.000ns fall@5.000ns period=10.000ns})
  Destination:            u_btnD_debouncer/r_counter_reg[11]/D
                            (rising edge-triggered cell FDCE clocked by sys_clk_pin  {rise@0.000ns fall@5.000ns period=10.000ns})
  Path Group:             sys_clk_pin
  Path Type:              Hold (Min at Fast Process Corner)
  Requirement:            0.000ns  (sys_clk_pin rise@0.000ns - sys_clk_pin rise@0.000ns)
  Data Path Delay:        0.312ns  (logic 0.186ns (59.524%)  route 0.126ns (40.476%))
  Logic Levels:           1  (LUT4=1)
  Clock Path Skew:        0.013ns (DCD - SCD - CPR)
    Destination Clock Delay (DCD):    1.958ns
    Source Clock Delay      (SCD):    1.445ns
    Clock Pessimism Removal (CPR):    0.500ns

    Location             Delay type                Incr(ns)  Path(ns)    Netlist Resource(s)
  -------------------------------------------------------------------    -------------------
                         (clock sys_clk_pin rise edge)
                                                      0.000     0.000 r  
    W5                                                0.000     0.000 r  clk (IN)
                         net (fo=0)                   0.000     0.000    clk
    W5                   IBUF (Prop_ibuf_I_O)         0.226     0.226 r  clk_IBUF_inst/O
                         net (fo=1, routed)           0.631     0.858    clk_IBUF
    BUFGCTRL_X0Y0        BUFG (Prop_bufg_I_O)         0.026     0.884 r  clk_IBUF_BUFG_inst/O
                         net (fo=215, routed)         0.562     1.445    u_btnD_debouncer/CLK
    SLICE_X9Y35          FDCE                                         r  u_btnD_debouncer/r_clean_btn_reg/C
  -------------------------------------------------------------------    -------------------
    SLICE_X9Y35          FDCE (Prop_fdce_C_Q)         0.141     1.586 r  u_btnD_debouncer/r_clean_btn_reg/Q
                         net (fo=19, routed)          0.126     1.713    u_btnD_debouncer/btn_array[0]
    SLICE_X8Y35          LUT4 (Prop_lut4_I2_O)        0.045     1.758 r  u_btnD_debouncer/r_counter[11]_i_1__3/O
                         net (fo=1, routed)           0.000     1.758    u_btnD_debouncer/r_counter[11]_i_1__3_n_0
    SLICE_X8Y35          FDCE                                         r  u_btnD_debouncer/r_counter_reg[11]/D
  -------------------------------------------------------------------    -------------------

                         (clock sys_clk_pin rise edge)
                                                      0.000     0.000 r  
    W5                                                0.000     0.000 r  clk (IN)
                         net (fo=0)                   0.000     0.000    clk
    W5                   IBUF (Prop_ibuf_I_O)         0.414     0.414 r  clk_IBUF_inst/O
                         net (fo=1, routed)           0.685     1.099    clk_IBUF
    BUFGCTRL_X0Y0        BUFG (Prop_bufg_I_O)         0.029     1.128 r  clk_IBUF_BUFG_inst/O
                         net (fo=215, routed)         0.831     1.958    u_btnD_debouncer/CLK
    SLICE_X8Y35          FDCE                                         r  u_btnD_debouncer/r_counter_reg[11]/C
                         clock pessimism             -0.500     1.458    
    SLICE_X8Y35          FDCE (Hold_fdce_C_D)         0.121     1.579    u_btnD_debouncer/r_counter_reg[11]
  -------------------------------------------------------------------
                         required time                         -1.579    
                         arrival time                           1.758    
  -------------------------------------------------------------------
                         slack                                  0.178    

Slack (MET) :             0.203ns  (arrival time - required time)
  Source:                 u_btnL_debouncer/r_clean_btn_reg/C
                            (rising edge-triggered cell FDCE clocked by sys_clk_pin  {rise@0.000ns fall@5.000ns period=10.000ns})
  Destination:            u_btnL_debouncer/r_counter_reg[15]/D
                            (rising edge-triggered cell FDCE clocked by sys_clk_pin  {rise@0.000ns fall@5.000ns period=10.000ns})
  Path Group:             sys_clk_pin
  Path Type:              Hold (Min at Fast Process Corner)
  Requirement:            0.000ns  (sys_clk_pin rise@0.000ns - sys_clk_pin rise@0.000ns)
  Data Path Delay:        0.323ns  (logic 0.189ns (58.594%)  route 0.134ns (41.406%))
  Logic Levels:           1  (LUT4=1)
  Clock Path Skew:        0.013ns (DCD - SCD - CPR)
    Destination Clock Delay (DCD):    1.985ns
    Source Clock Delay      (SCD):    1.472ns
    Clock Pessimism Removal (CPR):    0.500ns

    Location             Delay type                Incr(ns)  Path(ns)    Netlist Resource(s)
  -------------------------------------------------------------------    -------------------
                         (clock sys_clk_pin rise edge)
                                                      0.000     0.000 r  
    W5                                                0.000     0.000 r  clk (IN)
                         net (fo=0)                   0.000     0.000    clk
    W5                   IBUF (Prop_ibuf_I_O)         0.226     0.226 r  clk_IBUF_inst/O
                         net (fo=1, routed)           0.631     0.858    clk_IBUF
    BUFGCTRL_X0Y0        BUFG (Prop_bufg_I_O)         0.026     0.884 r  clk_IBUF_BUFG_inst/O
                         net (fo=215, routed)         0.589     1.472    u_btnL_debouncer/CLK
    SLICE_X0Y32          FDCE                                         r  u_btnL_debouncer/r_clean_btn_reg/C
  -------------------------------------------------------------------    -------------------
    SLICE_X0Y32          FDCE (Prop_fdce_C_Q)         0.141     1.613 r  u_btnL_debouncer/r_clean_btn_reg/Q
                         net (fo=19, routed)          0.134     1.747    u_btnL_debouncer/btn_array[0]
    SLICE_X1Y32          LUT4 (Prop_lut4_I2_O)        0.048     1.795 r  u_btnL_debouncer/r_counter[15]_i_1/O
                         net (fo=1, routed)           0.000     1.795    u_btnL_debouncer/p_0_in[15]
    SLICE_X1Y32          FDCE                                         r  u_btnL_debouncer/r_counter_reg[15]/D
  -------------------------------------------------------------------    -------------------

                         (clock sys_clk_pin rise edge)
                                                      0.000     0.000 r  
    W5                                                0.000     0.000 r  clk (IN)
                         net (fo=0)                   0.000     0.000    clk
    W5                   IBUF (Prop_ibuf_I_O)         0.414     0.414 r  clk_IBUF_inst/O
                         net (fo=1, routed)           0.685     1.099    clk_IBUF
    BUFGCTRL_X0Y0        BUFG (Prop_bufg_I_O)         0.029     1.128 r  clk_IBUF_BUFG_inst/O
                         net (fo=215, routed)         0.858     1.985    u_btnL_debouncer/CLK
    SLICE_X1Y32          FDCE                                         r  u_btnL_debouncer/r_counter_reg[15]/C
                         clock pessimism             -0.500     1.485    
    SLICE_X1Y32          FDCE (Hold_fdce_C_D)         0.107     1.592    u_btnL_debouncer/r_counter_reg[15]
  -------------------------------------------------------------------
                         required time                         -1.592    
                         arrival time                           1.795    
  -------------------------------------------------------------------
                         slack                                  0.203    

Slack (MET) :             0.205ns  (arrival time - required time)
  Source:                 u_btnL_debouncer/r_clean_btn_reg/C
                            (rising edge-triggered cell FDCE clocked by sys_clk_pin  {rise@0.000ns fall@5.000ns period=10.000ns})
  Destination:            u_btnL_debouncer/r_counter_reg[16]/D
                            (rising edge-triggered cell FDCE clocked by sys_clk_pin  {rise@0.000ns fall@5.000ns period=10.000ns})
  Path Group:             sys_clk_pin
  Path Type:              Hold (Min at Fast Process Corner)
  Requirement:            0.000ns  (sys_clk_pin rise@0.000ns - sys_clk_pin rise@0.000ns)
  Data Path Delay:        0.325ns  (logic 0.190ns (58.541%)  route 0.135ns (41.459%))
  Logic Levels:           1  (LUT4=1)
  Clock Path Skew:        0.013ns (DCD - SCD - CPR)
    Destination Clock Delay (DCD):    1.985ns
    Source Clock Delay      (SCD):    1.472ns
    Clock Pessimism Removal (CPR):    0.500ns

    Location             Delay type                Incr(ns)  Path(ns)    Netlist Resource(s)
  -------------------------------------------------------------------    -------------------
                         (clock sys_clk_pin rise edge)
                                                      0.000     0.000 r  
    W5                                                0.000     0.000 r  clk (IN)
                         net (fo=0)                   0.000     0.000    clk
    W5                   IBUF (Prop_ibuf_I_O)         0.226     0.226 r  clk_IBUF_inst/O
                         net (fo=1, routed)           0.631     0.858    clk_IBUF
    BUFGCTRL_X0Y0        BUFG (Prop_bufg_I_O)         0.026     0.884 r  clk_IBUF_BUFG_inst/O
                         net (fo=215, routed)         0.589     1.472    u_btnL_debouncer/CLK
    SLICE_X0Y32          FDCE                                         r  u_btnL_debouncer/r_clean_btn_reg/C
  -------------------------------------------------------------------    -------------------
    SLICE_X0Y32          FDCE (Prop_fdce_C_Q)         0.141     1.613 r  u_btnL_debouncer/r_clean_btn_reg/Q
                         net (fo=19, routed)          0.135     1.748    u_btnL_debouncer/btn_array[0]
    SLICE_X1Y32          LUT4 (Prop_lut4_I2_O)        0.049     1.797 r  u_btnL_debouncer/r_counter[16]_i_1/O
                         net (fo=1, routed)           0.000     1.797    u_btnL_debouncer/p_0_in[16]
    SLICE_X1Y32          FDCE                                         r  u_btnL_debouncer/r_counter_reg[16]/D
  -------------------------------------------------------------------    -------------------

                         (clock sys_clk_pin rise edge)
                                                      0.000     0.000 r  
    W5                                                0.000     0.000 r  clk (IN)
                         net (fo=0)                   0.000     0.000    clk
    W5                   IBUF (Prop_ibuf_I_O)         0.414     0.414 r  clk_IBUF_inst/O
                         net (fo=1, routed)           0.685     1.099    clk_IBUF
    BUFGCTRL_X0Y0        BUFG (Prop_bufg_I_O)         0.029     1.128 r  clk_IBUF_BUFG_inst/O
                         net (fo=215, routed)         0.858     1.985    u_btnL_debouncer/CLK
    SLICE_X1Y32          FDCE                                         r  u_btnL_debouncer/r_counter_reg[16]/C
                         clock pessimism             -0.500     1.485    
    SLICE_X1Y32          FDCE (Hold_fdce_C_D)         0.107     1.592    u_btnL_debouncer/r_counter_reg[16]
  -------------------------------------------------------------------
                         required time                         -1.592    
                         arrival time                           1.797    
  -------------------------------------------------------------------
                         slack                                  0.205    

Slack (MET) :             0.216ns  (arrival time - required time)
  Source:                 u_btnL_debouncer/r_clean_btn_reg/C
                            (rising edge-triggered cell FDCE clocked by sys_clk_pin  {rise@0.000ns fall@5.000ns period=10.000ns})
  Destination:            u_btnL_debouncer/r_counter_reg[13]/D
                            (rising edge-triggered cell FDCE clocked by sys_clk_pin  {rise@0.000ns fall@5.000ns period=10.000ns})
  Path Group:             sys_clk_pin
  Path Type:              Hold (Min at Fast Process Corner)
  Requirement:            0.000ns  (sys_clk_pin rise@0.000ns - sys_clk_pin rise@0.000ns)
  Data Path Delay:        0.320ns  (logic 0.186ns (58.205%)  route 0.134ns (41.795%))
  Logic Levels:           1  (LUT4=1)
  Clock Path Skew:        0.013ns (DCD - SCD - CPR)
    Destination Clock Delay (DCD):    1.985ns
    Source Clock Delay      (SCD):    1.472ns
    Clock Pessimism Removal (CPR):    0.500ns

    Location             Delay type                Incr(ns)  Path(ns)    Netlist Resource(s)
  -------------------------------------------------------------------    -------------------
                         (clock sys_clk_pin rise edge)
                                                      0.000     0.000 r  
    W5                                                0.000     0.000 r  clk (IN)
                         net (fo=0)                   0.000     0.000    clk
    W5                   IBUF (Prop_ibuf_I_O)         0.226     0.226 r  clk_IBUF_inst/O
                         net (fo=1, routed)           0.631     0.858    clk_IBUF
    BUFGCTRL_X0Y0        BUFG (Prop_bufg_I_O)         0.026     0.884 r  clk_IBUF_BUFG_inst/O
                         net (fo=215, routed)         0.589     1.472    u_btnL_debouncer/CLK
    SLICE_X0Y32          FDCE                                         r  u_btnL_debouncer/r_clean_btn_reg/C
  -------------------------------------------------------------------    -------------------
    SLICE_X0Y32          FDCE (Prop_fdce_C_Q)         0.141     1.613 r  u_btnL_debouncer/r_clean_btn_reg/Q
                         net (fo=19, routed)          0.134     1.747    u_btnL_debouncer/btn_array[0]
    SLICE_X1Y32          LUT4 (Prop_lut4_I2_O)        0.045     1.792 r  u_btnL_debouncer/r_counter[13]_i_1/O
                         net (fo=1, routed)           0.000     1.792    u_btnL_debouncer/p_0_in[13]
    SLICE_X1Y32          FDCE                                         r  u_btnL_debouncer/r_counter_reg[13]/D
  -------------------------------------------------------------------    -------------------

                         (clock sys_clk_pin rise edge)
                                                      0.000     0.000 r  
    W5                                                0.000     0.000 r  clk (IN)
                         net (fo=0)                   0.000     0.000    clk
    W5                   IBUF (Prop_ibuf_I_O)         0.414     0.414 r  clk_IBUF_inst/O
                         net (fo=1, routed)           0.685     1.099    clk_IBUF
    BUFGCTRL_X0Y0        BUFG (Prop_bufg_I_O)         0.029     1.128 r  clk_IBUF_BUFG_inst/O
                         net (fo=215, routed)         0.858     1.985    u_btnL_debouncer/CLK
    SLICE_X1Y32          FDCE                                         r  u_btnL_debouncer/r_counter_reg[13]/C
                         clock pessimism             -0.500     1.485    
    SLICE_X1Y32          FDCE (Hold_fdce_C_D)         0.091     1.576    u_btnL_debouncer/r_counter_reg[13]
  -------------------------------------------------------------------
                         required time                         -1.576    
                         arrival time                           1.792    
  -------------------------------------------------------------------
                         slack                                  0.216    

Slack (MET) :             0.216ns  (arrival time - required time)
  Source:                 u_btnL_debouncer/r_clean_btn_reg/C
                            (rising edge-triggered cell FDCE clocked by sys_clk_pin  {rise@0.000ns fall@5.000ns period=10.000ns})
  Destination:            u_btnL_debouncer/r_counter_reg[14]/D
                            (rising edge-triggered cell FDCE clocked by sys_clk_pin  {rise@0.000ns fall@5.000ns period=10.000ns})
  Path Group:             sys_clk_pin
  Path Type:              Hold (Min at Fast Process Corner)
  Requirement:            0.000ns  (sys_clk_pin rise@0.000ns - sys_clk_pin rise@0.000ns)
  Data Path Delay:        0.321ns  (logic 0.186ns (58.023%)  route 0.135ns (41.977%))
  Logic Levels:           1  (LUT4=1)
  Clock Path Skew:        0.013ns (DCD - SCD - CPR)
    Destination Clock Delay (DCD):    1.985ns
    Source Clock Delay      (SCD):    1.472ns
    Clock Pessimism Removal (CPR):    0.500ns

    Location             Delay type                Incr(ns)  Path(ns)    Netlist Resource(s)
  -------------------------------------------------------------------    -------------------
                         (clock sys_clk_pin rise edge)
                                                      0.000     0.000 r  
    W5                                                0.000     0.000 r  clk (IN)
                         net (fo=0)                   0.000     0.000    clk
    W5                   IBUF (Prop_ibuf_I_O)         0.226     0.226 r  clk_IBUF_inst/O
                         net (fo=1, routed)           0.631     0.858    clk_IBUF
    BUFGCTRL_X0Y0        BUFG (Prop_bufg_I_O)         0.026     0.884 r  clk_IBUF_BUFG_inst/O
                         net (fo=215, routed)         0.589     1.472    u_btnL_debouncer/CLK
    SLICE_X0Y32          FDCE                                         r  u_btnL_debouncer/r_clean_btn_reg/C
  -------------------------------------------------------------------    -------------------
    SLICE_X0Y32          FDCE (Prop_fdce_C_Q)         0.141     1.613 r  u_btnL_debouncer/r_clean_btn_reg/Q
                         net (fo=19, routed)          0.135     1.748    u_btnL_debouncer/btn_array[0]
    SLICE_X1Y32          LUT4 (Prop_lut4_I2_O)        0.045     1.793 r  u_btnL_debouncer/r_counter[14]_i_1/O
                         net (fo=1, routed)           0.000     1.793    u_btnL_debouncer/p_0_in[14]
    SLICE_X1Y32          FDCE                                         r  u_btnL_debouncer/r_counter_reg[14]/D
  -------------------------------------------------------------------    -------------------

                         (clock sys_clk_pin rise edge)
                                                      0.000     0.000 r  
    W5                                                0.000     0.000 r  clk (IN)
                         net (fo=0)                   0.000     0.000    clk
    W5                   IBUF (Prop_ibuf_I_O)         0.414     0.414 r  clk_IBUF_inst/O
                         net (fo=1, routed)           0.685     1.099    clk_IBUF
    BUFGCTRL_X0Y0        BUFG (Prop_bufg_I_O)         0.029     1.128 r  clk_IBUF_BUFG_inst/O
                         net (fo=215, routed)         0.858     1.985    u_btnL_debouncer/CLK
    SLICE_X1Y32          FDCE                                         r  u_btnL_debouncer/r_counter_reg[14]/C
                         clock pessimism             -0.500     1.485    
    SLICE_X1Y32          FDCE (Hold_fdce_C_D)         0.092     1.577    u_btnL_debouncer/r_counter_reg[14]
  -------------------------------------------------------------------
                         required time                         -1.577    
                         arrival time                           1.793    
  -------------------------------------------------------------------
                         slack                                  0.216    

Slack (MET) :             0.226ns  (arrival time - required time)
  Source:                 u_play_melody/ff1_reg[2]/C
                            (rising edge-triggered cell FDCE clocked by sys_clk_pin  {rise@0.000ns fall@5.000ns period=10.000ns})
  Destination:            u_play_melody/ff2_reg[2]/D
                            (rising edge-triggered cell FDCE clocked by sys_clk_pin  {rise@0.000ns fall@5.000ns period=10.000ns})
  Path Group:             sys_clk_pin
  Path Type:              Hold (Min at Fast Process Corner)
  Requirement:            0.000ns  (sys_clk_pin rise@0.000ns - sys_clk_pin rise@0.000ns)
  Data Path Delay:        0.277ns  (logic 0.141ns (50.871%)  route 0.136ns (49.129%))
  Logic Levels:           0  
  Clock Path Skew:        0.000ns (DCD - SCD - CPR)
    Destination Clock Delay (DCD):    1.984ns
    Source Clock Delay      (SCD):    1.471ns
    Clock Pessimism Removal (CPR):    0.513ns

    Location             Delay type                Incr(ns)  Path(ns)    Netlist Resource(s)
  -------------------------------------------------------------------    -------------------
                         (clock sys_clk_pin rise edge)
                                                      0.000     0.000 r  
    W5                                                0.000     0.000 r  clk (IN)
                         net (fo=0)                   0.000     0.000    clk
    W5                   IBUF (Prop_ibuf_I_O)         0.226     0.226 r  clk_IBUF_inst/O
                         net (fo=1, routed)           0.631     0.858    clk_IBUF
    BUFGCTRL_X0Y0        BUFG (Prop_bufg_I_O)         0.026     0.884 r  clk_IBUF_BUFG_inst/O
                         net (fo=215, routed)         0.588     1.471    u_play_melody/CLK
    SLICE_X5Y33          FDCE                                         r  u_play_melody/ff1_reg[2]/C
  -------------------------------------------------------------------    -------------------
    SLICE_X5Y33          FDCE (Prop_fdce_C_Q)         0.141     1.612 r  u_play_melody/ff1_reg[2]/Q
                         net (fo=1, routed)           0.136     1.748    u_play_melody/ff1[2]
    SLICE_X5Y33          FDCE                                         r  u_play_melody/ff2_reg[2]/D
  -------------------------------------------------------------------    -------------------

                         (clock sys_clk_pin rise edge)
                                                      0.000     0.000 r  
    W5                                                0.000     0.000 r  clk (IN)
                         net (fo=0)                   0.000     0.000    clk
    W5                   IBUF (Prop_ibuf_I_O)         0.414     0.414 r  clk_IBUF_inst/O
                         net (fo=1, routed)           0.685     1.099    clk_IBUF
    BUFGCTRL_X0Y0        BUFG (Prop_bufg_I_O)         0.029     1.128 r  clk_IBUF_BUFG_inst/O
                         net (fo=215, routed)         0.857     1.984    u_play_melody/CLK
    SLICE_X5Y33          FDCE                                         r  u_play_melody/ff2_reg[2]/C
                         clock pessimism             -0.513     1.471    
    SLICE_X5Y33          FDCE (Hold_fdce_C_D)         0.051     1.522    u_play_melody/ff2_reg[2]
  -------------------------------------------------------------------
                         required time                         -1.522    
                         arrival time                           1.748    
  -------------------------------------------------------------------
                         slack                                  0.226    

Slack (MET) :             0.233ns  (arrival time - required time)
  Source:                 u_btnD_debouncer/r_clean_btn_reg/C
                            (rising edge-triggered cell FDCE clocked by sys_clk_pin  {rise@0.000ns fall@5.000ns period=10.000ns})
  Destination:            u_btnD_debouncer/r_counter_reg[8]/D
                            (rising edge-triggered cell FDCE clocked by sys_clk_pin  {rise@0.000ns fall@5.000ns period=10.000ns})
  Path Group:             sys_clk_pin
  Path Type:              Hold (Min at Fast Process Corner)
  Requirement:            0.000ns  (sys_clk_pin rise@0.000ns - sys_clk_pin rise@0.000ns)
  Data Path Delay:        0.378ns  (logic 0.189ns (49.948%)  route 0.189ns (50.052%))
  Logic Levels:           1  (LUT4=1)
  Clock Path Skew:        0.014ns (DCD - SCD - CPR)
    Destination Clock Delay (DCD):    1.957ns
    Source Clock Delay      (SCD):    1.445ns
    Clock Pessimism Removal (CPR):    0.498ns

    Location             Delay type                Incr(ns)  Path(ns)    Netlist Resource(s)
  -------------------------------------------------------------------    -------------------
                         (clock sys_clk_pin rise edge)
                                                      0.000     0.000 r  
    W5                                                0.000     0.000 r  clk (IN)
                         net (fo=0)                   0.000     0.000    clk
    W5                   IBUF (Prop_ibuf_I_O)         0.226     0.226 r  clk_IBUF_inst/O
                         net (fo=1, routed)           0.631     0.858    clk_IBUF
    BUFGCTRL_X0Y0        BUFG (Prop_bufg_I_O)         0.026     0.884 r  clk_IBUF_BUFG_inst/O
                         net (fo=215, routed)         0.562     1.445    u_btnD_debouncer/CLK
    SLICE_X9Y35          FDCE                                         r  u_btnD_debouncer/r_clean_btn_reg/C
  -------------------------------------------------------------------    -------------------
    SLICE_X9Y35          FDCE (Prop_fdce_C_Q)         0.141     1.586 r  u_btnD_debouncer/r_clean_btn_reg/Q
                         net (fo=19, routed)          0.189     1.776    u_btnD_debouncer/btn_array[0]
    SLICE_X8Y34          LUT4 (Prop_lut4_I2_O)        0.048     1.824 r  u_btnD_debouncer/r_counter[8]_i_1__3/O
                         net (fo=1, routed)           0.000     1.824    u_btnD_debouncer/r_counter[8]_i_1__3_n_0
    SLICE_X8Y34          FDCE                                         r  u_btnD_debouncer/r_counter_reg[8]/D
  -------------------------------------------------------------------    -------------------

                         (clock sys_clk_pin rise edge)
                                                      0.000     0.000 r  
    W5                                                0.000     0.000 r  clk (IN)
                         net (fo=0)                   0.000     0.000    clk
    W5                   IBUF (Prop_ibuf_I_O)         0.414     0.414 r  clk_IBUF_inst/O
                         net (fo=1, routed)           0.685     1.099    clk_IBUF
    BUFGCTRL_X0Y0        BUFG (Prop_bufg_I_O)         0.029     1.128 r  clk_IBUF_BUFG_inst/O
                         net (fo=215, routed)         0.830     1.957    u_btnD_debouncer/CLK
    SLICE_X8Y34          FDCE                                         r  u_btnD_debouncer/r_counter_reg[8]/C
                         clock pessimism             -0.498     1.459    
    SLICE_X8Y34          FDCE (Hold_fdce_C_D)         0.131     1.590    u_btnD_debouncer/r_counter_reg[8]
  -------------------------------------------------------------------
                         required time                         -1.590    
                         arrival time                           1.824    
  -------------------------------------------------------------------
                         slack                                  0.233    

Slack (MET) :             0.237ns  (arrival time - required time)
  Source:                 u_btnC_debouncer/r_clean_btn_reg/C
                            (rising edge-triggered cell FDCE clocked by sys_clk_pin  {rise@0.000ns fall@5.000ns period=10.000ns})
  Destination:            u_btnC_debouncer/r_counter_reg[7]/D
                            (rising edge-triggered cell FDCE clocked by sys_clk_pin  {rise@0.000ns fall@5.000ns period=10.000ns})
  Path Group:             sys_clk_pin
  Path Type:              Hold (Min at Fast Process Corner)
  Requirement:            0.000ns  (sys_clk_pin rise@0.000ns - sys_clk_pin rise@0.000ns)
  Data Path Delay:        0.357ns  (logic 0.189ns (52.980%)  route 0.168ns (47.020%))
  Logic Levels:           1  (LUT4=1)
  Clock Path Skew:        0.013ns (DCD - SCD - CPR)
    Destination Clock Delay (DCD):    1.988ns
    Source Clock Delay      (SCD):    1.474ns
    Clock Pessimism Removal (CPR):    0.501ns

    Location             Delay type                Incr(ns)  Path(ns)    Netlist Resource(s)
  -------------------------------------------------------------------    -------------------
                         (clock sys_clk_pin rise edge)
                                                      0.000     0.000 r  
    W5                                                0.000     0.000 r  clk (IN)
                         net (fo=0)                   0.000     0.000    clk
    W5                   IBUF (Prop_ibuf_I_O)         0.226     0.226 r  clk_IBUF_inst/O
                         net (fo=1, routed)           0.631     0.858    clk_IBUF
    BUFGCTRL_X0Y0        BUFG (Prop_bufg_I_O)         0.026     0.884 r  clk_IBUF_BUFG_inst/O
                         net (fo=215, routed)         0.591     1.474    u_btnC_debouncer/CLK
    SLICE_X1Y35          FDCE                                         r  u_btnC_debouncer/r_clean_btn_reg/C
  -------------------------------------------------------------------    -------------------
    SLICE_X1Y35          FDCE (Prop_fdce_C_Q)         0.141     1.615 r  u_btnC_debouncer/r_clean_btn_reg/Q
                         net (fo=19, routed)          0.168     1.783    u_btnC_debouncer/btn_array[0]
    SLICE_X0Y35          LUT4 (Prop_lut4_I2_O)        0.048     1.831 r  u_btnC_debouncer/r_counter[7]_i_1__0/O
                         net (fo=1, routed)           0.000     1.831    u_btnC_debouncer/r_counter[7]_i_1__0_n_0
    SLICE_X0Y35          FDCE                                         r  u_btnC_debouncer/r_counter_reg[7]/D
  -------------------------------------------------------------------    -------------------

                         (clock sys_clk_pin rise edge)
                                                      0.000     0.000 r  
    W5                                                0.000     0.000 r  clk (IN)
                         net (fo=0)                   0.000     0.000    clk
    W5                   IBUF (Prop_ibuf_I_O)         0.414     0.414 r  clk_IBUF_inst/O
                         net (fo=1, routed)           0.685     1.099    clk_IBUF
    BUFGCTRL_X0Y0        BUFG (Prop_bufg_I_O)         0.029     1.128 r  clk_IBUF_BUFG_inst/O
                         net (fo=215, routed)         0.861     1.988    u_btnC_debouncer/CLK
    SLICE_X0Y35          FDCE                                         r  u_btnC_debouncer/r_counter_reg[7]/C
                         clock pessimism             -0.501     1.487    
    SLICE_X0Y35          FDCE (Hold_fdce_C_D)         0.107     1.594    u_btnC_debouncer/r_counter_reg[7]
  -------------------------------------------------------------------
                         required time                         -1.594    
                         arrival time                           1.831    
  -------------------------------------------------------------------
                         slack                                  0.237    

Slack (MET) :             0.238ns  (arrival time - required time)
  Source:                 u_play_melody/r_clk_cnt_reg[2][17]/C
                            (rising edge-triggered cell FDCE clocked by sys_clk_pin  {rise@0.000ns fall@5.000ns period=10.000ns})
  Destination:            u_play_melody/r_clk_cnt_reg[2][9]/D
                            (rising edge-triggered cell FDCE clocked by sys_clk_pin  {rise@0.000ns fall@5.000ns period=10.000ns})
  Path Group:             sys_clk_pin
  Path Type:              Hold (Min at Fast Process Corner)
  Requirement:            0.000ns  (sys_clk_pin rise@0.000ns - sys_clk_pin rise@0.000ns)
  Data Path Delay:        0.343ns  (logic 0.186ns (54.277%)  route 0.157ns (45.723%))
  Logic Levels:           1  (LUT6=1)
  Clock Path Skew:        0.013ns (DCD - SCD - CPR)
    Destination Clock Delay (DCD):    1.954ns
    Source Clock Delay      (SCD):    1.443ns
    Clock Pessimism Removal (CPR):    0.498ns

    Location             Delay type                Incr(ns)  Path(ns)    Netlist Resource(s)
  -------------------------------------------------------------------    -------------------
                         (clock sys_clk_pin rise edge)
                                                      0.000     0.000 r  
    W5                                                0.000     0.000 r  clk (IN)
                         net (fo=0)                   0.000     0.000    clk
    W5                   IBUF (Prop_ibuf_I_O)         0.226     0.226 r  clk_IBUF_inst/O
                         net (fo=1, routed)           0.631     0.858    clk_IBUF
    BUFGCTRL_X0Y0        BUFG (Prop_bufg_I_O)         0.026     0.884 r  clk_IBUF_BUFG_inst/O
                         net (fo=215, routed)         0.560     1.443    u_play_melody/CLK
    SLICE_X9Y32          FDCE                                         r  u_play_melody/r_clk_cnt_reg[2][17]/C
  -------------------------------------------------------------------    -------------------
    SLICE_X9Y32          FDCE (Prop_fdce_C_Q)         0.141     1.584 f  u_play_melody/r_clk_cnt_reg[2][17]/Q
                         net (fo=24, routed)          0.157     1.741    u_play_melody/r_clk_cnt_reg[2][17]
    SLICE_X9Y31          LUT6 (Prop_lut6_I2_O)        0.045     1.786 r  u_play_melody/r_clk_cnt[2][9]_i_1/O
                         net (fo=1, routed)           0.000     1.786    u_play_melody/r_clk_cnt[2][9]_i_1_n_0
    SLICE_X9Y31          FDCE                                         r  u_play_melody/r_clk_cnt_reg[2][9]/D
  -------------------------------------------------------------------    -------------------

                         (clock sys_clk_pin rise edge)
                                                      0.000     0.000 r  
    W5                                                0.000     0.000 r  clk (IN)
                         net (fo=0)                   0.000     0.000    clk
    W5                   IBUF (Prop_ibuf_I_O)         0.414     0.414 r  clk_IBUF_inst/O
                         net (fo=1, routed)           0.685     1.099    clk_IBUF
    BUFGCTRL_X0Y0        BUFG (Prop_bufg_I_O)         0.029     1.128 r  clk_IBUF_BUFG_inst/O
                         net (fo=215, routed)         0.827     1.954    u_play_melody/CLK
    SLICE_X9Y31          FDCE                                         r  u_play_melody/r_clk_cnt_reg[2][9]/C
                         clock pessimism             -0.498     1.456    
    SLICE_X9Y31          FDCE (Hold_fdce_C_D)         0.092     1.548    u_play_melody/r_clk_cnt_reg[2][9]
  -------------------------------------------------------------------
                         required time                         -1.548    
                         arrival time                           1.786    
  -------------------------------------------------------------------
                         slack                                  0.238    





Pulse Width Checks
--------------------------------------------------------------------------------------
Clock Name:         sys_clk_pin
Waveform(ns):       { 0.000 5.000 }
Period(ns):         10.000
Sources:            { clk }

Check Type        Corner  Lib Pin  Reference Pin  Required(ns)  Actual(ns)  Slack(ns)  Location       Pin
Min Period        n/a     BUFG/I   n/a            2.155         10.000      7.845      BUFGCTRL_X0Y0  clk_IBUF_BUFG_inst/I
Min Period        n/a     FDCE/C   n/a            1.000         10.000      9.000      SLICE_X1Y35    u_btnC_debouncer/r_clean_btn_reg/C
Min Period        n/a     FDCE/C   n/a            1.000         10.000      9.000      SLICE_X0Y34    u_btnC_debouncer/r_counter_reg[0]/C
Min Period        n/a     FDCE/C   n/a            1.000         10.000      9.000      SLICE_X0Y36    u_btnC_debouncer/r_counter_reg[10]/C
Min Period        n/a     FDCE/C   n/a            1.000         10.000      9.000      SLICE_X0Y36    u_btnC_debouncer/r_counter_reg[11]/C
Min Period        n/a     FDCE/C   n/a            1.000         10.000      9.000      SLICE_X0Y36    u_btnC_debouncer/r_counter_reg[12]/C
Min Period        n/a     FDCE/C   n/a            1.000         10.000      9.000      SLICE_X0Y37    u_btnC_debouncer/r_counter_reg[13]/C
Min Period        n/a     FDCE/C   n/a            1.000         10.000      9.000      SLICE_X0Y37    u_btnC_debouncer/r_counter_reg[14]/C
Min Period        n/a     FDCE/C   n/a            1.000         10.000      9.000      SLICE_X0Y37    u_btnC_debouncer/r_counter_reg[15]/C
Min Period        n/a     FDCE/C   n/a            1.000         10.000      9.000      SLICE_X0Y37    u_btnC_debouncer/r_counter_reg[16]/C
Low Pulse Width   Slow    FDCE/C   n/a            0.500         5.000       4.500      SLICE_X1Y35    u_btnC_debouncer/r_clean_btn_reg/C
Low Pulse Width   Fast    FDCE/C   n/a            0.500         5.000       4.500      SLICE_X1Y35    u_btnC_debouncer/r_clean_btn_reg/C
Low Pulse Width   Slow    FDCE/C   n/a            0.500         5.000       4.500      SLICE_X0Y34    u_btnC_debouncer/r_counter_reg[0]/C
Low Pulse Width   Fast    FDCE/C   n/a            0.500         5.000       4.500      SLICE_X0Y34    u_btnC_debouncer/r_counter_reg[0]/C
Low Pulse Width   Slow    FDCE/C   n/a            0.500         5.000       4.500      SLICE_X0Y36    u_btnC_debouncer/r_counter_reg[10]/C
Low Pulse Width   Fast    FDCE/C   n/a            0.500         5.000       4.500      SLICE_X0Y36    u_btnC_debouncer/r_counter_reg[10]/C
Low Pulse Width   Slow    FDCE/C   n/a            0.500         5.000       4.500      SLICE_X0Y36    u_btnC_debouncer/r_counter_reg[11]/C
Low Pulse Width   Fast    FDCE/C   n/a            0.500         5.000       4.500      SLICE_X0Y36    u_btnC_debouncer/r_counter_reg[11]/C
Low Pulse Width   Slow    FDCE/C   n/a            0.500         5.000       4.500      SLICE_X0Y36    u_btnC_debouncer/r_counter_reg[12]/C
Low Pulse Width   Fast    FDCE/C   n/a            0.500         5.000       4.500      SLICE_X0Y36    u_btnC_debouncer/r_counter_reg[12]/C
High Pulse Width  Slow    FDCE/C   n/a            0.500         5.000       4.500      SLICE_X1Y35    u_btnC_debouncer/r_clean_btn_reg/C
High Pulse Width  Fast    FDCE/C   n/a            0.500         5.000       4.500      SLICE_X1Y35    u_btnC_debouncer/r_clean_btn_reg/C
High Pulse Width  Slow    FDCE/C   n/a            0.500         5.000       4.500      SLICE_X0Y34    u_btnC_debouncer/r_counter_reg[0]/C
High Pulse Width  Fast    FDCE/C   n/a            0.500         5.000       4.500      SLICE_X0Y34    u_btnC_debouncer/r_counter_reg[0]/C
High Pulse Width  Slow    FDCE/C   n/a            0.500         5.000       4.500      SLICE_X0Y36    u_btnC_debouncer/r_counter_reg[10]/C
High Pulse Width  Fast    FDCE/C   n/a            0.500         5.000       4.500      SLICE_X0Y36    u_btnC_debouncer/r_counter_reg[10]/C
High Pulse Width  Slow    FDCE/C   n/a            0.500         5.000       4.500      SLICE_X0Y36    u_btnC_debouncer/r_counter_reg[11]/C
High Pulse Width  Fast    FDCE/C   n/a            0.500         5.000       4.500      SLICE_X0Y36    u_btnC_debouncer/r_counter_reg[11]/C
High Pulse Width  Slow    FDCE/C   n/a            0.500         5.000       4.500      SLICE_X0Y36    u_btnC_debouncer/r_counter_reg[12]/C
High Pulse Width  Fast    FDCE/C   n/a            0.500         5.000       4.500      SLICE_X0Y36    u_btnC_debouncer/r_counter_reg[12]/C



