Copyright 1986-2021 Xilinx, Inc. All Rights Reserved.
-----------------------------------------------------------------------------------------------------------------------------------------------------------------------------------------------------
| Tool Version : Vivado v.2021.1 (win64) Build 3247384 Thu Jun 10 19:36:33 MDT 2021
| Date         : Wed Mar  4 11:02:49 2026
| Host         : DESKTOP-FAVD00F running 64-bit major release  (build 9200)
| Command      : report_timing_summary -max_paths 10 -file top_rotary_timing_summary_routed.rpt -pb top_rotary_timing_summary_routed.pb -rpx top_rotary_timing_summary_routed.rpx -warn_on_violation
| Design       : top_rotary
| Device       : 7a35t-cpg236
| Speed File   : -1  PRODUCTION 1.23 2018-06-13
-----------------------------------------------------------------------------------------------------------------------------------------------------------------------------------------------------

Timing Summary Report

------------------------------------------------------------------------------------------------
| Timer Settings
| --------------
------------------------------------------------------------------------------------------------

  Enable Multi Corner Analysis               :  Yes
  Enable Pessimism Removal                   :  Yes
  Pessimism Removal Resolution               :  Nearest Common Node
  Enable Input Delay Default Clock           :  No
  Enable Preset / Clear Arcs                 :  No
  Disable Flight Delays                      :  No
  Ignore I/O Paths                           :  No
  Timing Early Launch at Borrowing Latches   :  No
  Borrow Time for Max Delay Exceptions       :  Yes
  Merge Timing Exceptions                    :  Yes

  Corner  Analyze    Analyze    
  Name    Max Paths  Min Paths  
  ------  ---------  ---------  
  Slow    Yes        Yes        
  Fast    Yes        Yes        


------------------------------------------------------------------------------------------------
| Report Methodology
| ------------------
------------------------------------------------------------------------------------------------

Rule       Severity  Description                    Violations  
---------  --------  -----------------------------  ----------  
TIMING-18  Warning   Missing input or output delay  20          

Note: This report is based on the most recent report_methodology run and may not be up-to-date. Run report_methodology on the current design for the latest report.



check_timing report

Table of Contents
-----------------
1. checking no_clock (0)
2. checking constant_clock (0)
3. checking pulse_width_clock (0)
4. checking unconstrained_internal_endpoints (0)
5. checking no_input_delay (4)
6. checking no_output_delay (11)
7. checking multiple_clock (0)
8. checking generated_clocks (0)
9. checking loops (0)
10. checking partial_input_delay (0)
11. checking partial_output_delay (0)
12. checking latch_loops (0)

1. checking no_clock (0)
------------------------
 There are 0 register/latch pins with no clock.


2. checking constant_clock (0)
------------------------------
 There are 0 register/latch pins with constant_clock.


3. checking pulse_width_clock (0)
---------------------------------
 There are 0 register/latch pins which need pulse_width check


4. checking unconstrained_internal_endpoints (0)
------------------------------------------------
 There are 0 pins that are not constrained for maximum delay.

 There are 0 pins that are not constrained for maximum delay due to constant clock.


5. checking no_input_delay (4)
------------------------------
 There are 4 input ports with no input delay specified. (HIGH)

 There are 0 input ports with no input delay but user has a false path constraint.


6. checking no_output_delay (11)
--------------------------------
 There are 11 ports with no output delay specified. (HIGH)

 There are 0 ports with no output delay but user has a false path constraint

 There are 0 ports with no output delay but with a timing clock defined on it or propagating through it


7. checking multiple_clock (0)
------------------------------
 There are 0 register/latch pins with multiple clocks.


8. checking generated_clocks (0)
--------------------------------
 There are 0 generated clocks that are not connected to a clock source.


9. checking loops (0)
---------------------
 There are 0 combinational loops in the design.


10. checking partial_input_delay (0)
------------------------------------
 There are 0 input ports with partial input delay specified.


11. checking partial_output_delay (0)
-------------------------------------
 There are 0 ports with partial output delay specified.


12. checking latch_loops (0)
----------------------------
 There are 0 combinational latch loops in the design through latch input



------------------------------------------------------------------------------------------------
| Design Timing Summary
| ---------------------
------------------------------------------------------------------------------------------------

    WNS(ns)      TNS(ns)  TNS Failing Endpoints  TNS Total Endpoints      WHS(ns)      THS(ns)  THS Failing Endpoints  THS Total Endpoints     WPWS(ns)     TPWS(ns)  TPWS Failing Endpoints  TPWS Total Endpoints  
    -------      -------  ---------------------  -------------------      -------      -------  ---------------------  -------------------     --------     --------  ----------------------  --------------------  
      6.343        0.000                      0                   93        0.190        0.000                      0                   93        4.500        0.000                       0                    82  


All user specified timing constraints are met.


------------------------------------------------------------------------------------------------
| Clock Summary
| -------------
------------------------------------------------------------------------------------------------

Clock        Waveform(ns)       Period(ns)      Frequency(MHz)
-----        ------------       ----------      --------------
sys_clk_pin  {0.000 5.000}      10.000          100.000         


------------------------------------------------------------------------------------------------
| Intra Clock Table
| -----------------
------------------------------------------------------------------------------------------------

Clock             WNS(ns)      TNS(ns)  TNS Failing Endpoints  TNS Total Endpoints      WHS(ns)      THS(ns)  THS Failing Endpoints  THS Total Endpoints     WPWS(ns)     TPWS(ns)  TPWS Failing Endpoints  TPWS Total Endpoints  
-----             -------      -------  ---------------------  -------------------      -------      -------  ---------------------  -------------------     --------     --------  ----------------------  --------------------  
sys_clk_pin         6.343        0.000                      0                   93        0.190        0.000                      0                   93        4.500        0.000                       0                    82  


------------------------------------------------------------------------------------------------
| Inter Clock Table
| -----------------
------------------------------------------------------------------------------------------------

From Clock    To Clock          WNS(ns)      TNS(ns)  TNS Failing Endpoints  TNS Total Endpoints      WHS(ns)      THS(ns)  THS Failing Endpoints  THS Total Endpoints  
----------    --------          -------      -------  ---------------------  -------------------      -------      -------  ---------------------  -------------------  


------------------------------------------------------------------------------------------------
| Other Path Groups Table
| -----------------------
------------------------------------------------------------------------------------------------

Path Group    From Clock    To Clock          WNS(ns)      TNS(ns)  TNS Failing Endpoints  TNS Total Endpoints      WHS(ns)      THS(ns)  THS Failing Endpoints  THS Total Endpoints  
----------    ----------    --------          -------      -------  ---------------------  -------------------      -------      -------  ---------------------  -------------------  


------------------------------------------------------------------------------------------------
| Timing Details
| --------------
------------------------------------------------------------------------------------------------


---------------------------------------------------------------------------------------------------
From Clock:  sys_clk_pin
  To Clock:  sys_clk_pin

Setup :            0  Failing Endpoints,  Worst Slack        6.343ns,  Total Violation        0.000ns
Hold  :            0  Failing Endpoints,  Worst Slack        0.190ns,  Total Violation        0.000ns
PW    :            0  Failing Endpoints,  Worst Slack        4.500ns,  Total Violation        0.000ns
---------------------------------------------------------------------------------------------------


Max Delay Paths
--------------------------------------------------------------------------------------
Slack (MET) :             6.343ns  (required time - arrival time)
  Source:                 u_key_debouncer/r_counter_reg[1]/C
                            (rising edge-triggered cell FDCE clocked by sys_clk_pin  {rise@0.000ns fall@5.000ns period=10.000ns})
  Destination:            u_key_debouncer/r_clean_btn_reg/CE
                            (rising edge-triggered cell FDCE clocked by sys_clk_pin  {rise@0.000ns fall@5.000ns period=10.000ns})
  Path Group:             sys_clk_pin
  Path Type:              Setup (Max at Slow Process Corner)
  Requirement:            10.000ns  (sys_clk_pin rise@10.000ns - sys_clk_pin rise@0.000ns)
  Data Path Delay:        3.427ns  (logic 0.890ns (25.969%)  route 2.537ns (74.031%))
  Logic Levels:           3  (LUT6=3)
  Clock Path Skew:        -0.025ns (DCD - SCD + CPR)
    Destination Clock Delay (DCD):    4.833ns = ( 14.833 - 10.000 ) 
    Source Clock Delay      (SCD):    5.130ns
    Clock Pessimism Removal (CPR):    0.272ns
  Clock Uncertainty:      0.035ns  ((TSJ^2 + TIJ^2)^1/2 + DJ) / 2 + PE
    Total System Jitter     (TSJ):    0.071ns
    Total Input Jitter      (TIJ):    0.000ns
    Discrete Jitter          (DJ):    0.000ns
    Phase Error              (PE):    0.000ns

    Location             Delay type                Incr(ns)  Path(ns)    Netlist Resource(s)
  -------------------------------------------------------------------    -------------------
                         (clock sys_clk_pin rise edge)
                                                      0.000     0.000 r  
    W5                                                0.000     0.000 r  clk (IN)
                         net (fo=0)                   0.000     0.000    clk
    W5                   IBUF (Prop_ibuf_I_O)         1.458     1.458 r  clk_IBUF_inst/O
                         net (fo=1, routed)           1.967     3.425    clk_IBUF
    BUFGCTRL_X0Y0        BUFG (Prop_bufg_I_O)         0.096     3.521 r  clk_IBUF_BUFG_inst/O
                         net (fo=81, routed)          1.609     5.130    u_key_debouncer/CLK
    SLICE_X64Y72         FDCE                                         r  u_key_debouncer/r_counter_reg[1]/C
  -------------------------------------------------------------------    -------------------
    SLICE_X64Y72         FDCE (Prop_fdce_C_Q)         0.518     5.648 r  u_key_debouncer/r_counter_reg[1]/Q
                         net (fo=2, routed)           1.002     6.650    u_key_debouncer/r_counter_reg_n_0_[1]
    SLICE_X62Y72         LUT6 (Prop_lut6_I3_O)        0.124     6.774 f  u_key_debouncer/r_clean_btn_i_4__1/O
                         net (fo=1, routed)           0.574     7.348    u_key_debouncer/r_clean_btn_i_4__1_n_0
    SLICE_X62Y73         LUT6 (Prop_lut6_I3_O)        0.124     7.472 f  u_key_debouncer/r_clean_btn_i_2__1/O
                         net (fo=21, routed)          0.562     8.034    u_key_debouncer/r_clean_btn_i_2__1_n_0
    SLICE_X64Y74         LUT6 (Prop_lut6_I3_O)        0.124     8.158 r  u_key_debouncer/r_clean_btn_i_1__1/O
                         net (fo=1, routed)           0.399     8.557    u_key_debouncer/r_clean_btn
    SLICE_X64Y74         FDCE                                         r  u_key_debouncer/r_clean_btn_reg/CE
  -------------------------------------------------------------------    -------------------

                         (clock sys_clk_pin rise edge)
                                                     10.000    10.000 r  
    W5                                                0.000    10.000 r  clk (IN)
                         net (fo=0)                   0.000    10.000    clk
    W5                   IBUF (Prop_ibuf_I_O)         1.388    11.388 r  clk_IBUF_inst/O
                         net (fo=1, routed)           1.862    13.250    clk_IBUF
    BUFGCTRL_X0Y0        BUFG (Prop_bufg_I_O)         0.091    13.341 r  clk_IBUF_BUFG_inst/O
                         net (fo=81, routed)          1.492    14.833    u_key_debouncer/CLK
    SLICE_X64Y74         FDCE                                         r  u_key_debouncer/r_clean_btn_reg/C
                         clock pessimism              0.272    15.105    
                         clock uncertainty           -0.035    15.070    
    SLICE_X64Y74         FDCE (Setup_fdce_C_CE)      -0.169    14.901    u_key_debouncer/r_clean_btn_reg
  -------------------------------------------------------------------
                         required time                         14.901    
                         arrival time                          -8.557    
  -------------------------------------------------------------------
                         slack                                  6.343    

Slack (MET) :             6.383ns  (required time - arrival time)
  Source:                 u_key_debouncer/r_counter_reg[1]/C
                            (rising edge-triggered cell FDCE clocked by sys_clk_pin  {rise@0.000ns fall@5.000ns period=10.000ns})
  Destination:            u_key_debouncer/r_counter_reg[14]/D
                            (rising edge-triggered cell FDCE clocked by sys_clk_pin  {rise@0.000ns fall@5.000ns period=10.000ns})
  Path Group:             sys_clk_pin
  Path Type:              Setup (Max at Slow Process Corner)
  Requirement:            10.000ns  (sys_clk_pin rise@10.000ns - sys_clk_pin rise@0.000ns)
  Data Path Delay:        3.619ns  (logic 0.890ns (24.591%)  route 2.729ns (75.409%))
  Logic Levels:           3  (LUT6=3)
  Clock Path Skew:        -0.039ns (DCD - SCD + CPR)
    Destination Clock Delay (DCD):    4.833ns = ( 14.833 - 10.000 ) 
    Source Clock Delay      (SCD):    5.130ns
    Clock Pessimism Removal (CPR):    0.258ns
  Clock Uncertainty:      0.035ns  ((TSJ^2 + TIJ^2)^1/2 + DJ) / 2 + PE
    Total System Jitter     (TSJ):    0.071ns
    Total Input Jitter      (TIJ):    0.000ns
    Discrete Jitter          (DJ):    0.000ns
    Phase Error              (PE):    0.000ns

    Location             Delay type                Incr(ns)  Path(ns)    Netlist Resource(s)
  -------------------------------------------------------------------    -------------------
                         (clock sys_clk_pin rise edge)
                                                      0.000     0.000 r  
    W5                                                0.000     0.000 r  clk (IN)
                         net (fo=0)                   0.000     0.000    clk
    W5                   IBUF (Prop_ibuf_I_O)         1.458     1.458 r  clk_IBUF_inst/O
                         net (fo=1, routed)           1.967     3.425    clk_IBUF
    BUFGCTRL_X0Y0        BUFG (Prop_bufg_I_O)         0.096     3.521 r  clk_IBUF_BUFG_inst/O
                         net (fo=81, routed)          1.609     5.130    u_key_debouncer/CLK
    SLICE_X64Y72         FDCE                                         r  u_key_debouncer/r_counter_reg[1]/C
  -------------------------------------------------------------------    -------------------
    SLICE_X64Y72         FDCE (Prop_fdce_C_Q)         0.518     5.648 f  u_key_debouncer/r_counter_reg[1]/Q
                         net (fo=2, routed)           1.002     6.650    u_key_debouncer/r_counter_reg_n_0_[1]
    SLICE_X62Y72         LUT6 (Prop_lut6_I3_O)        0.124     6.774 r  u_key_debouncer/r_clean_btn_i_4__1/O
                         net (fo=1, routed)           0.574     7.348    u_key_debouncer/r_clean_btn_i_4__1_n_0
    SLICE_X62Y73         LUT6 (Prop_lut6_I3_O)        0.124     7.472 r  u_key_debouncer/r_clean_btn_i_2__1/O
                         net (fo=21, routed)          1.153     8.625    u_key_debouncer/r_clean_btn_i_2__1_n_0
    SLICE_X64Y75         LUT6 (Prop_lut6_I1_O)        0.124     8.749 r  u_key_debouncer/r_counter[14]_i_1__1/O
                         net (fo=1, routed)           0.000     8.749    u_key_debouncer/r_counter[14]_i_1__1_n_0
    SLICE_X64Y75         FDCE                                         r  u_key_debouncer/r_counter_reg[14]/D
  -------------------------------------------------------------------    -------------------

                         (clock sys_clk_pin rise edge)
                                                     10.000    10.000 r  
    W5                                                0.000    10.000 r  clk (IN)
                         net (fo=0)                   0.000    10.000    clk
    W5                   IBUF (Prop_ibuf_I_O)         1.388    11.388 r  clk_IBUF_inst/O
                         net (fo=1, routed)           1.862    13.250    clk_IBUF
    BUFGCTRL_X0Y0        BUFG (Prop_bufg_I_O)         0.091    13.341 r  clk_IBUF_BUFG_inst/O
                         net (fo=81, routed)          1.492    14.833    u_key_debouncer/CLK
    SLICE_X64Y75         FDCE                                         r  u_key_debouncer/r_counter_reg[14]/C
                         clock pessimism              0.258    15.091    
                         clock uncertainty           -0.035    15.056    
    SLICE_X64Y75         FDCE (Setup_fdce_C_D)        0.077    15.133    u_key_debouncer/r_counter_reg[14]
  -------------------------------------------------------------------
                         required time                         15.133    
                         arrival time                          -8.749    
  -------------------------------------------------------------------
                         slack                                  6.383    

Slack (MET) :             6.396ns  (required time - arrival time)
  Source:                 u_s2_debouncer/r_counter_reg[0]/C
                            (rising edge-triggered cell FDCE clocked by sys_clk_pin  {rise@0.000ns fall@5.000ns period=10.000ns})
  Destination:            u_s2_debouncer/r_counter_reg[18]/D
                            (rising edge-triggered cell FDCE clocked by sys_clk_pin  {rise@0.000ns fall@5.000ns period=10.000ns})
  Path Group:             sys_clk_pin
  Path Type:              Setup (Max at Slow Process Corner)
  Requirement:            10.000ns  (sys_clk_pin rise@10.000ns - sys_clk_pin rise@0.000ns)
  Data Path Delay:        3.571ns  (logic 0.828ns (23.185%)  route 2.743ns (76.815%))
  Logic Levels:           3  (LUT6=3)
  Clock Path Skew:        -0.028ns (DCD - SCD + CPR)
    Destination Clock Delay (DCD):    4.852ns = ( 14.852 - 10.000 ) 
    Source Clock Delay      (SCD):    5.153ns
    Clock Pessimism Removal (CPR):    0.273ns
  Clock Uncertainty:      0.035ns  ((TSJ^2 + TIJ^2)^1/2 + DJ) / 2 + PE
    Total System Jitter     (TSJ):    0.071ns
    Total Input Jitter      (TIJ):    0.000ns
    Discrete Jitter          (DJ):    0.000ns
    Phase Error              (PE):    0.000ns

    Location             Delay type                Incr(ns)  Path(ns)    Netlist Resource(s)
  -------------------------------------------------------------------    -------------------
                         (clock sys_clk_pin rise edge)
                                                      0.000     0.000 r  
    W5                                                0.000     0.000 r  clk (IN)
                         net (fo=0)                   0.000     0.000    clk
    W5                   IBUF (Prop_ibuf_I_O)         1.458     1.458 r  clk_IBUF_inst/O
                         net (fo=1, routed)           1.967     3.425    clk_IBUF
    BUFGCTRL_X0Y0        BUFG (Prop_bufg_I_O)         0.096     3.521 r  clk_IBUF_BUFG_inst/O
                         net (fo=81, routed)          1.632     5.153    u_s2_debouncer/CLK
    SLICE_X5Y11          FDCE                                         r  u_s2_debouncer/r_counter_reg[0]/C
  -------------------------------------------------------------------    -------------------
    SLICE_X5Y11          FDCE (Prop_fdce_C_Q)         0.456     5.609 f  u_s2_debouncer/r_counter_reg[0]/Q
                         net (fo=3, routed)           1.017     6.626    u_s2_debouncer/r_counter_reg_n_0_[0]
    SLICE_X7Y11          LUT6 (Prop_lut6_I2_O)        0.124     6.750 r  u_s2_debouncer/r_clean_btn_i_4__0/O
                         net (fo=1, routed)           0.636     7.386    u_s2_debouncer/r_clean_btn_i_4__0_n_0
    SLICE_X7Y12          LUT6 (Prop_lut6_I3_O)        0.124     7.510 r  u_s2_debouncer/r_clean_btn_i_2__0/O
                         net (fo=21, routed)          1.090     8.601    u_s2_debouncer/r_clean_btn_i_2__0_n_0
    SLICE_X7Y15          LUT6 (Prop_lut6_I1_O)        0.124     8.725 r  u_s2_debouncer/r_counter[18]_i_1__0/O
                         net (fo=1, routed)           0.000     8.725    u_s2_debouncer/r_counter[18]_i_1__0_n_0
    SLICE_X7Y15          FDCE                                         r  u_s2_debouncer/r_counter_reg[18]/D
  -------------------------------------------------------------------    -------------------

                         (clock sys_clk_pin rise edge)
                                                     10.000    10.000 r  
    W5                                                0.000    10.000 r  clk (IN)
                         net (fo=0)                   0.000    10.000    clk
    W5                   IBUF (Prop_ibuf_I_O)         1.388    11.388 r  clk_IBUF_inst/O
                         net (fo=1, routed)           1.862    13.250    clk_IBUF
    BUFGCTRL_X0Y0        BUFG (Prop_bufg_I_O)         0.091    13.341 r  clk_IBUF_BUFG_inst/O
                         net (fo=81, routed)          1.511    14.852    u_s2_debouncer/CLK
    SLICE_X7Y15          FDCE                                         r  u_s2_debouncer/r_counter_reg[18]/C
                         clock pessimism              0.273    15.125    
                         clock uncertainty           -0.035    15.090    
    SLICE_X7Y15          FDCE (Setup_fdce_C_D)        0.031    15.121    u_s2_debouncer/r_counter_reg[18]
  -------------------------------------------------------------------
                         required time                         15.121    
                         arrival time                          -8.725    
  -------------------------------------------------------------------
                         slack                                  6.396    

Slack (MET) :             6.396ns  (required time - arrival time)
  Source:                 u_s2_debouncer/r_counter_reg[0]/C
                            (rising edge-triggered cell FDCE clocked by sys_clk_pin  {rise@0.000ns fall@5.000ns period=10.000ns})
  Destination:            u_s2_debouncer/r_counter_reg[17]/D
                            (rising edge-triggered cell FDCE clocked by sys_clk_pin  {rise@0.000ns fall@5.000ns period=10.000ns})
  Path Group:             sys_clk_pin
  Path Type:              Setup (Max at Slow Process Corner)
  Requirement:            10.000ns  (sys_clk_pin rise@10.000ns - sys_clk_pin rise@0.000ns)
  Data Path Delay:        3.569ns  (logic 0.828ns (23.198%)  route 2.741ns (76.802%))
  Logic Levels:           3  (LUT6=3)
  Clock Path Skew:        -0.028ns (DCD - SCD + CPR)
    Destination Clock Delay (DCD):    4.852ns = ( 14.852 - 10.000 ) 
    Source Clock Delay      (SCD):    5.153ns
    Clock Pessimism Removal (CPR):    0.273ns
  Clock Uncertainty:      0.035ns  ((TSJ^2 + TIJ^2)^1/2 + DJ) / 2 + PE
    Total System Jitter     (TSJ):    0.071ns
    Total Input Jitter      (TIJ):    0.000ns
    Discrete Jitter          (DJ):    0.000ns
    Phase Error              (PE):    0.000ns

    Location             Delay type                Incr(ns)  Path(ns)    Netlist Resource(s)
  -------------------------------------------------------------------    -------------------
                         (clock sys_clk_pin rise edge)
                                                      0.000     0.000 r  
    W5                                                0.000     0.000 r  clk (IN)
                         net (fo=0)                   0.000     0.000    clk
    W5                   IBUF (Prop_ibuf_I_O)         1.458     1.458 r  clk_IBUF_inst/O
                         net (fo=1, routed)           1.967     3.425    clk_IBUF
    BUFGCTRL_X0Y0        BUFG (Prop_bufg_I_O)         0.096     3.521 r  clk_IBUF_BUFG_inst/O
                         net (fo=81, routed)          1.632     5.153    u_s2_debouncer/CLK
    SLICE_X5Y11          FDCE                                         r  u_s2_debouncer/r_counter_reg[0]/C
  -------------------------------------------------------------------    -------------------
    SLICE_X5Y11          FDCE (Prop_fdce_C_Q)         0.456     5.609 f  u_s2_debouncer/r_counter_reg[0]/Q
                         net (fo=3, routed)           1.017     6.626    u_s2_debouncer/r_counter_reg_n_0_[0]
    SLICE_X7Y11          LUT6 (Prop_lut6_I2_O)        0.124     6.750 r  u_s2_debouncer/r_clean_btn_i_4__0/O
                         net (fo=1, routed)           0.636     7.386    u_s2_debouncer/r_clean_btn_i_4__0_n_0
    SLICE_X7Y12          LUT6 (Prop_lut6_I3_O)        0.124     7.510 r  u_s2_debouncer/r_clean_btn_i_2__0/O
                         net (fo=21, routed)          1.088     8.599    u_s2_debouncer/r_clean_btn_i_2__0_n_0
    SLICE_X7Y15          LUT6 (Prop_lut6_I1_O)        0.124     8.723 r  u_s2_debouncer/r_counter[17]_i_1__0/O
                         net (fo=1, routed)           0.000     8.723    u_s2_debouncer/r_counter[17]_i_1__0_n_0
    SLICE_X7Y15          FDCE                                         r  u_s2_debouncer/r_counter_reg[17]/D
  -------------------------------------------------------------------    -------------------

                         (clock sys_clk_pin rise edge)
                                                     10.000    10.000 r  
    W5                                                0.000    10.000 r  clk (IN)
                         net (fo=0)                   0.000    10.000    clk
    W5                   IBUF (Prop_ibuf_I_O)         1.388    11.388 r  clk_IBUF_inst/O
                         net (fo=1, routed)           1.862    13.250    clk_IBUF
    BUFGCTRL_X0Y0        BUFG (Prop_bufg_I_O)         0.091    13.341 r  clk_IBUF_BUFG_inst/O
                         net (fo=81, routed)          1.511    14.852    u_s2_debouncer/CLK
    SLICE_X7Y15          FDCE                                         r  u_s2_debouncer/r_counter_reg[17]/C
                         clock pessimism              0.273    15.125    
                         clock uncertainty           -0.035    15.090    
    SLICE_X7Y15          FDCE (Setup_fdce_C_D)        0.029    15.119    u_s2_debouncer/r_counter_reg[17]
  -------------------------------------------------------------------
                         required time                         15.119    
                         arrival time                          -8.723    
  -------------------------------------------------------------------
                         slack                                  6.396    

Slack (MET) :             6.397ns  (required time - arrival time)
  Source:                 u_key_debouncer/r_counter_reg[1]/C
                            (rising edge-triggered cell FDCE clocked by sys_clk_pin  {rise@0.000ns fall@5.000ns period=10.000ns})
  Destination:            u_key_debouncer/r_counter_reg[15]/D
                            (rising edge-triggered cell FDCE clocked by sys_clk_pin  {rise@0.000ns fall@5.000ns period=10.000ns})
  Path Group:             sys_clk_pin
  Path Type:              Setup (Max at Slow Process Corner)
  Requirement:            10.000ns  (sys_clk_pin rise@10.000ns - sys_clk_pin rise@0.000ns)
  Data Path Delay:        3.609ns  (logic 0.890ns (24.659%)  route 2.719ns (75.341%))
  Logic Levels:           3  (LUT6=3)
  Clock Path Skew:        -0.039ns (DCD - SCD + CPR)
    Destination Clock Delay (DCD):    4.833ns = ( 14.833 - 10.000 ) 
    Source Clock Delay      (SCD):    5.130ns
    Clock Pessimism Removal (CPR):    0.258ns
  Clock Uncertainty:      0.035ns  ((TSJ^2 + TIJ^2)^1/2 + DJ) / 2 + PE
    Total System Jitter     (TSJ):    0.071ns
    Total Input Jitter      (TIJ):    0.000ns
    Discrete Jitter          (DJ):    0.000ns
    Phase Error              (PE):    0.000ns

    Location             Delay type                Incr(ns)  Path(ns)    Netlist Resource(s)
  -------------------------------------------------------------------    -------------------
                         (clock sys_clk_pin rise edge)
                                                      0.000     0.000 r  
    W5                                                0.000     0.000 r  clk (IN)
                         net (fo=0)                   0.000     0.000    clk
    W5                   IBUF (Prop_ibuf_I_O)         1.458     1.458 r  clk_IBUF_inst/O
                         net (fo=1, routed)           1.967     3.425    clk_IBUF
    BUFGCTRL_X0Y0        BUFG (Prop_bufg_I_O)         0.096     3.521 r  clk_IBUF_BUFG_inst/O
                         net (fo=81, routed)          1.609     5.130    u_key_debouncer/CLK
    SLICE_X64Y72         FDCE                                         r  u_key_debouncer/r_counter_reg[1]/C
  -------------------------------------------------------------------    -------------------
    SLICE_X64Y72         FDCE (Prop_fdce_C_Q)         0.518     5.648 f  u_key_debouncer/r_counter_reg[1]/Q
                         net (fo=2, routed)           1.002     6.650    u_key_debouncer/r_counter_reg_n_0_[1]
    SLICE_X62Y72         LUT6 (Prop_lut6_I3_O)        0.124     6.774 r  u_key_debouncer/r_clean_btn_i_4__1/O
                         net (fo=1, routed)           0.574     7.348    u_key_debouncer/r_clean_btn_i_4__1_n_0
    SLICE_X62Y73         LUT6 (Prop_lut6_I3_O)        0.124     7.472 r  u_key_debouncer/r_clean_btn_i_2__1/O
                         net (fo=21, routed)          1.143     8.615    u_key_debouncer/r_clean_btn_i_2__1_n_0
    SLICE_X64Y75         LUT6 (Prop_lut6_I1_O)        0.124     8.739 r  u_key_debouncer/r_counter[15]_i_1__1/O
                         net (fo=1, routed)           0.000     8.739    u_key_debouncer/r_counter[15]_i_1__1_n_0
    SLICE_X64Y75         FDCE                                         r  u_key_debouncer/r_counter_reg[15]/D
  -------------------------------------------------------------------    -------------------

                         (clock sys_clk_pin rise edge)
                                                     10.000    10.000 r  
    W5                                                0.000    10.000 r  clk (IN)
                         net (fo=0)                   0.000    10.000    clk
    W5                   IBUF (Prop_ibuf_I_O)         1.388    11.388 r  clk_IBUF_inst/O
                         net (fo=1, routed)           1.862    13.250    clk_IBUF
    BUFGCTRL_X0Y0        BUFG (Prop_bufg_I_O)         0.091    13.341 r  clk_IBUF_BUFG_inst/O
                         net (fo=81, routed)          1.492    14.833    u_key_debouncer/CLK
    SLICE_X64Y75         FDCE                                         r  u_key_debouncer/r_counter_reg[15]/C
                         clock pessimism              0.258    15.091    
                         clock uncertainty           -0.035    15.056    
    SLICE_X64Y75         FDCE (Setup_fdce_C_D)        0.081    15.137    u_key_debouncer/r_counter_reg[15]
  -------------------------------------------------------------------
                         required time                         15.137    
                         arrival time                          -8.739    
  -------------------------------------------------------------------
                         slack                                  6.397    

Slack (MET) :             6.407ns  (required time - arrival time)
  Source:                 u_key_debouncer/r_counter_reg[1]/C
                            (rising edge-triggered cell FDCE clocked by sys_clk_pin  {rise@0.000ns fall@5.000ns period=10.000ns})
  Destination:            u_key_debouncer/r_counter_reg[18]/D
                            (rising edge-triggered cell FDCE clocked by sys_clk_pin  {rise@0.000ns fall@5.000ns period=10.000ns})
  Path Group:             sys_clk_pin
  Path Type:              Setup (Max at Slow Process Corner)
  Requirement:            10.000ns  (sys_clk_pin rise@10.000ns - sys_clk_pin rise@0.000ns)
  Data Path Delay:        3.550ns  (logic 2.153ns (60.648%)  route 1.397ns (39.352%))
  Logic Levels:           6  (CARRY4=5 LUT6=1)
  Clock Path Skew:        -0.039ns (DCD - SCD + CPR)
    Destination Clock Delay (DCD):    4.833ns = ( 14.833 - 10.000 ) 
    Source Clock Delay      (SCD):    5.130ns
    Clock Pessimism Removal (CPR):    0.258ns
  Clock Uncertainty:      0.035ns  ((TSJ^2 + TIJ^2)^1/2 + DJ) / 2 + PE
    Total System Jitter     (TSJ):    0.071ns
    Total Input Jitter      (TIJ):    0.000ns
    Discrete Jitter          (DJ):    0.000ns
    Phase Error              (PE):    0.000ns

    Location             Delay type                Incr(ns)  Path(ns)    Netlist Resource(s)
  -------------------------------------------------------------------    -------------------
                         (clock sys_clk_pin rise edge)
                                                      0.000     0.000 r  
    W5                                                0.000     0.000 r  clk (IN)
                         net (fo=0)                   0.000     0.000    clk
    W5                   IBUF (Prop_ibuf_I_O)         1.458     1.458 r  clk_IBUF_inst/O
                         net (fo=1, routed)           1.967     3.425    clk_IBUF
    BUFGCTRL_X0Y0        BUFG (Prop_bufg_I_O)         0.096     3.521 r  clk_IBUF_BUFG_inst/O
                         net (fo=81, routed)          1.609     5.130    u_key_debouncer/CLK
    SLICE_X64Y72         FDCE                                         r  u_key_debouncer/r_counter_reg[1]/C
  -------------------------------------------------------------------    -------------------
    SLICE_X64Y72         FDCE (Prop_fdce_C_Q)         0.518     5.648 r  u_key_debouncer/r_counter_reg[1]/Q
                         net (fo=2, routed)           0.576     6.224    u_key_debouncer/r_counter_reg_n_0_[1]
    SLICE_X63Y72         CARRY4 (Prop_carry4_S[0]_CO[3])
                                                      0.656     6.880 r  u_key_debouncer/r_counter0_carry/CO[3]
                         net (fo=1, routed)           0.000     6.880    u_key_debouncer/r_counter0_carry_n_0
    SLICE_X63Y73         CARRY4 (Prop_carry4_CI_CO[3])
                                                      0.114     6.994 r  u_key_debouncer/r_counter0_carry__0/CO[3]
                         net (fo=1, routed)           0.000     6.994    u_key_debouncer/r_counter0_carry__0_n_0
    SLICE_X63Y74         CARRY4 (Prop_carry4_CI_CO[3])
                                                      0.114     7.108 r  u_key_debouncer/r_counter0_carry__1/CO[3]
                         net (fo=1, routed)           0.009     7.117    u_key_debouncer/r_counter0_carry__1_n_0
    SLICE_X63Y75         CARRY4 (Prop_carry4_CI_CO[3])
                                                      0.114     7.231 r  u_key_debouncer/r_counter0_carry__2/CO[3]
                         net (fo=1, routed)           0.000     7.231    u_key_debouncer/r_counter0_carry__2_n_0
    SLICE_X63Y76         CARRY4 (Prop_carry4_CI_O[1])
                                                      0.334     7.565 r  u_key_debouncer/r_counter0_carry__3/O[1]
                         net (fo=1, routed)           0.812     8.377    u_key_debouncer/r_counter0_carry__3_n_6
    SLICE_X62Y75         LUT6 (Prop_lut6_I5_O)        0.303     8.680 r  u_key_debouncer/r_counter[18]_i_1__1/O
                         net (fo=1, routed)           0.000     8.680    u_key_debouncer/r_counter[18]_i_1__1_n_0
    SLICE_X62Y75         FDCE                                         r  u_key_debouncer/r_counter_reg[18]/D
  -------------------------------------------------------------------    -------------------

                         (clock sys_clk_pin rise edge)
                                                     10.000    10.000 r  
    W5                                                0.000    10.000 r  clk (IN)
                         net (fo=0)                   0.000    10.000    clk
    W5                   IBUF (Prop_ibuf_I_O)         1.388    11.388 r  clk_IBUF_inst/O
                         net (fo=1, routed)           1.862    13.250    clk_IBUF
    BUFGCTRL_X0Y0        BUFG (Prop_bufg_I_O)         0.091    13.341 r  clk_IBUF_BUFG_inst/O
                         net (fo=81, routed)          1.492    14.833    u_key_debouncer/CLK
    SLICE_X62Y75         FDCE                                         r  u_key_debouncer/r_counter_reg[18]/C
                         clock pessimism              0.258    15.091    
                         clock uncertainty           -0.035    15.056    
    SLICE_X62Y75         FDCE (Setup_fdce_C_D)        0.031    15.087    u_key_debouncer/r_counter_reg[18]
  -------------------------------------------------------------------
                         required time                         15.087    
                         arrival time                          -8.680    
  -------------------------------------------------------------------
                         slack                                  6.407    

Slack (MET) :             6.421ns  (required time - arrival time)
  Source:                 u_s1_debouncer/r_counter_reg[2]/C
                            (rising edge-triggered cell FDCE clocked by sys_clk_pin  {rise@0.000ns fall@5.000ns period=10.000ns})
  Destination:            u_s1_debouncer/r_counter_reg[14]/D
                            (rising edge-triggered cell FDCE clocked by sys_clk_pin  {rise@0.000ns fall@5.000ns period=10.000ns})
  Path Group:             sys_clk_pin
  Path Type:              Setup (Max at Slow Process Corner)
  Requirement:            10.000ns  (sys_clk_pin rise@10.000ns - sys_clk_pin rise@0.000ns)
  Data Path Delay:        3.530ns  (logic 2.057ns (58.274%)  route 1.473ns (41.726%))
  Logic Levels:           5  (CARRY4=4 LUT6=1)
  Clock Path Skew:        -0.043ns (DCD - SCD + CPR)
    Destination Clock Delay (DCD):    4.853ns = ( 14.853 - 10.000 ) 
    Source Clock Delay      (SCD):    5.156ns
    Clock Pessimism Removal (CPR):    0.260ns
  Clock Uncertainty:      0.035ns  ((TSJ^2 + TIJ^2)^1/2 + DJ) / 2 + PE
    Total System Jitter     (TSJ):    0.071ns
    Total Input Jitter      (TIJ):    0.000ns
    Discrete Jitter          (DJ):    0.000ns
    Phase Error              (PE):    0.000ns

    Location             Delay type                Incr(ns)  Path(ns)    Netlist Resource(s)
  -------------------------------------------------------------------    -------------------
                         (clock sys_clk_pin rise edge)
                                                      0.000     0.000 r  
    W5                                                0.000     0.000 r  clk (IN)
                         net (fo=0)                   0.000     0.000    clk
    W5                   IBUF (Prop_ibuf_I_O)         1.458     1.458 r  clk_IBUF_inst/O
                         net (fo=1, routed)           1.967     3.425    clk_IBUF
    BUFGCTRL_X0Y0        BUFG (Prop_bufg_I_O)         0.096     3.521 r  clk_IBUF_BUFG_inst/O
                         net (fo=81, routed)          1.635     5.156    u_s1_debouncer/CLK
    SLICE_X2Y11          FDCE                                         r  u_s1_debouncer/r_counter_reg[2]/C
  -------------------------------------------------------------------    -------------------
    SLICE_X2Y11          FDCE (Prop_fdce_C_Q)         0.518     5.674 r  u_s1_debouncer/r_counter_reg[2]/Q
                         net (fo=2, routed)           0.490     6.164    u_s1_debouncer/r_counter[2]
    SLICE_X3Y11          CARRY4 (Prop_carry4_S[1]_CO[3])
                                                      0.674     6.838 r  u_s1_debouncer/r_counter0_carry/CO[3]
                         net (fo=1, routed)           0.000     6.838    u_s1_debouncer/r_counter0_carry_n_0
    SLICE_X3Y12          CARRY4 (Prop_carry4_CI_CO[3])
                                                      0.114     6.952 r  u_s1_debouncer/r_counter0_carry__0/CO[3]
                         net (fo=1, routed)           0.000     6.952    u_s1_debouncer/r_counter0_carry__0_n_0
    SLICE_X3Y13          CARRY4 (Prop_carry4_CI_CO[3])
                                                      0.114     7.066 r  u_s1_debouncer/r_counter0_carry__1/CO[3]
                         net (fo=1, routed)           0.000     7.066    u_s1_debouncer/r_counter0_carry__1_n_0
    SLICE_X3Y14          CARRY4 (Prop_carry4_CI_O[1])
                                                      0.334     7.400 r  u_s1_debouncer/r_counter0_carry__2/O[1]
                         net (fo=1, routed)           0.983     8.383    u_s1_debouncer/r_counter0[14]
    SLICE_X4Y14          LUT6 (Prop_lut6_I5_O)        0.303     8.686 r  u_s1_debouncer/r_counter[14]_i_1/O
                         net (fo=1, routed)           0.000     8.686    u_s1_debouncer/r_counter[14]_i_1_n_0
    SLICE_X4Y14          FDCE                                         r  u_s1_debouncer/r_counter_reg[14]/D
  -------------------------------------------------------------------    -------------------

                         (clock sys_clk_pin rise edge)
                                                     10.000    10.000 r  
    W5                                                0.000    10.000 r  clk (IN)
                         net (fo=0)                   0.000    10.000    clk
    W5                   IBUF (Prop_ibuf_I_O)         1.388    11.388 r  clk_IBUF_inst/O
                         net (fo=1, routed)           1.862    13.250    clk_IBUF
    BUFGCTRL_X0Y0        BUFG (Prop_bufg_I_O)         0.091    13.341 r  clk_IBUF_BUFG_inst/O
                         net (fo=81, routed)          1.512    14.853    u_s1_debouncer/CLK
    SLICE_X4Y14          FDCE                                         r  u_s1_debouncer/r_counter_reg[14]/C
                         clock pessimism              0.260    15.113    
                         clock uncertainty           -0.035    15.078    
    SLICE_X4Y14          FDCE (Setup_fdce_C_D)        0.029    15.107    u_s1_debouncer/r_counter_reg[14]
  -------------------------------------------------------------------
                         required time                         15.107    
                         arrival time                          -8.686    
  -------------------------------------------------------------------
                         slack                                  6.421    

Slack (MET) :             6.478ns  (required time - arrival time)
  Source:                 u_s2_debouncer/r_counter_reg[0]/C
                            (rising edge-triggered cell FDCE clocked by sys_clk_pin  {rise@0.000ns fall@5.000ns period=10.000ns})
  Destination:            u_s2_debouncer/r_clean_btn_reg/CE
                            (rising edge-triggered cell FDCE clocked by sys_clk_pin  {rise@0.000ns fall@5.000ns period=10.000ns})
  Path Group:             sys_clk_pin
  Path Type:              Setup (Max at Slow Process Corner)
  Requirement:            10.000ns  (sys_clk_pin rise@10.000ns - sys_clk_pin rise@0.000ns)
  Data Path Delay:        3.255ns  (logic 0.828ns (25.439%)  route 2.427ns (74.561%))
  Logic Levels:           3  (LUT6=3)
  Clock Path Skew:        -0.027ns (DCD - SCD + CPR)
    Destination Clock Delay (DCD):    4.853ns = ( 14.853 - 10.000 ) 
    Source Clock Delay      (SCD):    5.153ns
    Clock Pessimism Removal (CPR):    0.273ns
  Clock Uncertainty:      0.035ns  ((TSJ^2 + TIJ^2)^1/2 + DJ) / 2 + PE
    Total System Jitter     (TSJ):    0.071ns
    Total Input Jitter      (TIJ):    0.000ns
    Discrete Jitter          (DJ):    0.000ns
    Phase Error              (PE):    0.000ns

    Location             Delay type                Incr(ns)  Path(ns)    Netlist Resource(s)
  -------------------------------------------------------------------    -------------------
                         (clock sys_clk_pin rise edge)
                                                      0.000     0.000 r  
    W5                                                0.000     0.000 r  clk (IN)
                         net (fo=0)                   0.000     0.000    clk
    W5                   IBUF (Prop_ibuf_I_O)         1.458     1.458 r  clk_IBUF_inst/O
                         net (fo=1, routed)           1.967     3.425    clk_IBUF
    BUFGCTRL_X0Y0        BUFG (Prop_bufg_I_O)         0.096     3.521 r  clk_IBUF_BUFG_inst/O
                         net (fo=81, routed)          1.632     5.153    u_s2_debouncer/CLK
    SLICE_X5Y11          FDCE                                         r  u_s2_debouncer/r_counter_reg[0]/C
  -------------------------------------------------------------------    -------------------
    SLICE_X5Y11          FDCE (Prop_fdce_C_Q)         0.456     5.609 r  u_s2_debouncer/r_counter_reg[0]/Q
                         net (fo=3, routed)           1.017     6.626    u_s2_debouncer/r_counter_reg_n_0_[0]
    SLICE_X7Y11          LUT6 (Prop_lut6_I2_O)        0.124     6.750 f  u_s2_debouncer/r_clean_btn_i_4__0/O
                         net (fo=1, routed)           0.636     7.386    u_s2_debouncer/r_clean_btn_i_4__0_n_0
    SLICE_X7Y12          LUT6 (Prop_lut6_I3_O)        0.124     7.510 f  u_s2_debouncer/r_clean_btn_i_2__0/O
                         net (fo=21, routed)          0.395     7.905    u_s2_debouncer/r_clean_btn_i_2__0_n_0
    SLICE_X5Y13          LUT6 (Prop_lut6_I3_O)        0.124     8.029 r  u_s2_debouncer/r_clean_btn_i_1__0/O
                         net (fo=1, routed)           0.379     8.408    u_s2_debouncer/r_clean_btn
    SLICE_X4Y13          FDCE                                         r  u_s2_debouncer/r_clean_btn_reg/CE
  -------------------------------------------------------------------    -------------------

                         (clock sys_clk_pin rise edge)
                                                     10.000    10.000 r  
    W5                                                0.000    10.000 r  clk (IN)
                         net (fo=0)                   0.000    10.000    clk
    W5                   IBUF (Prop_ibuf_I_O)         1.388    11.388 r  clk_IBUF_inst/O
                         net (fo=1, routed)           1.862    13.250    clk_IBUF
    BUFGCTRL_X0Y0        BUFG (Prop_bufg_I_O)         0.091    13.341 r  clk_IBUF_BUFG_inst/O
                         net (fo=81, routed)          1.512    14.853    u_s2_debouncer/CLK
    SLICE_X4Y13          FDCE                                         r  u_s2_debouncer/r_clean_btn_reg/C
                         clock pessimism              0.273    15.126    
                         clock uncertainty           -0.035    15.091    
    SLICE_X4Y13          FDCE (Setup_fdce_C_CE)      -0.205    14.886    u_s2_debouncer/r_clean_btn_reg
  -------------------------------------------------------------------
                         required time                         14.886    
                         arrival time                          -8.408    
  -------------------------------------------------------------------
                         slack                                  6.478    

Slack (MET) :             6.511ns  (required time - arrival time)
  Source:                 u_s1_debouncer/r_counter_reg[0]/C
                            (rising edge-triggered cell FDCE clocked by sys_clk_pin  {rise@0.000ns fall@5.000ns period=10.000ns})
  Destination:            u_s1_debouncer/r_clean_btn_reg/CE
                            (rising edge-triggered cell FDCE clocked by sys_clk_pin  {rise@0.000ns fall@5.000ns period=10.000ns})
  Path Group:             sys_clk_pin
  Path Type:              Setup (Max at Slow Process Corner)
  Requirement:            10.000ns  (sys_clk_pin rise@10.000ns - sys_clk_pin rise@0.000ns)
  Data Path Delay:        3.221ns  (logic 0.828ns (25.704%)  route 2.393ns (74.296%))
  Logic Levels:           3  (LUT6=3)
  Clock Path Skew:        -0.027ns (DCD - SCD + CPR)
    Destination Clock Delay (DCD):    4.855ns = ( 14.855 - 10.000 ) 
    Source Clock Delay      (SCD):    5.156ns
    Clock Pessimism Removal (CPR):    0.274ns
  Clock Uncertainty:      0.035ns  ((TSJ^2 + TIJ^2)^1/2 + DJ) / 2 + PE
    Total System Jitter     (TSJ):    0.071ns
    Total Input Jitter      (TIJ):    0.000ns
    Discrete Jitter          (DJ):    0.000ns
    Phase Error              (PE):    0.000ns

    Location             Delay type                Incr(ns)  Path(ns)    Netlist Resource(s)
  -------------------------------------------------------------------    -------------------
                         (clock sys_clk_pin rise edge)
                                                      0.000     0.000 r  
    W5                                                0.000     0.000 r  clk (IN)
                         net (fo=0)                   0.000     0.000    clk
    W5                   IBUF (Prop_ibuf_I_O)         1.458     1.458 r  clk_IBUF_inst/O
                         net (fo=1, routed)           1.967     3.425    clk_IBUF
    BUFGCTRL_X0Y0        BUFG (Prop_bufg_I_O)         0.096     3.521 r  clk_IBUF_BUFG_inst/O
                         net (fo=81, routed)          1.635     5.156    u_s1_debouncer/CLK
    SLICE_X1Y11          FDCE                                         r  u_s1_debouncer/r_counter_reg[0]/C
  -------------------------------------------------------------------    -------------------
    SLICE_X1Y11          FDCE (Prop_fdce_C_Q)         0.456     5.612 r  u_s1_debouncer/r_counter_reg[0]/Q
                         net (fo=3, routed)           1.035     6.647    u_s1_debouncer/r_counter[0]
    SLICE_X2Y11          LUT6 (Prop_lut6_I2_O)        0.124     6.771 f  u_s1_debouncer/r_clean_btn_i_4/O
                         net (fo=1, routed)           0.312     7.083    u_s1_debouncer/r_clean_btn_i_4_n_0
    SLICE_X2Y12          LUT6 (Prop_lut6_I3_O)        0.124     7.207 f  u_s1_debouncer/r_clean_btn_i_2/O
                         net (fo=21, routed)          0.571     7.779    u_s1_debouncer/r_clean_btn_i_2_n_0
    SLICE_X1Y14          LUT6 (Prop_lut6_I3_O)        0.124     7.903 r  u_s1_debouncer/r_clean_btn_i_1/O
                         net (fo=1, routed)           0.475     8.378    u_s1_debouncer/r_clean_btn
    SLICE_X3Y14          FDCE                                         r  u_s1_debouncer/r_clean_btn_reg/CE
  -------------------------------------------------------------------    -------------------

                         (clock sys_clk_pin rise edge)
                                                     10.000    10.000 r  
    W5                                                0.000    10.000 r  clk (IN)
                         net (fo=0)                   0.000    10.000    clk
    W5                   IBUF (Prop_ibuf_I_O)         1.388    11.388 r  clk_IBUF_inst/O
                         net (fo=1, routed)           1.862    13.250    clk_IBUF
    BUFGCTRL_X0Y0        BUFG (Prop_bufg_I_O)         0.091    13.341 r  clk_IBUF_BUFG_inst/O
                         net (fo=81, routed)          1.514    14.855    u_s1_debouncer/CLK
    SLICE_X3Y14          FDCE                                         r  u_s1_debouncer/r_clean_btn_reg/C
                         clock pessimism              0.274    15.129    
                         clock uncertainty           -0.035    15.094    
    SLICE_X3Y14          FDCE (Setup_fdce_C_CE)      -0.205    14.889    u_s1_debouncer/r_clean_btn_reg
  -------------------------------------------------------------------
                         required time                         14.889    
                         arrival time                          -8.378    
  -------------------------------------------------------------------
                         slack                                  6.511    

Slack (MET) :             6.539ns  (required time - arrival time)
  Source:                 u_key_debouncer/r_counter_reg[1]/C
                            (rising edge-triggered cell FDCE clocked by sys_clk_pin  {rise@0.000ns fall@5.000ns period=10.000ns})
  Destination:            u_key_debouncer/r_counter_reg[17]/D
                            (rising edge-triggered cell FDCE clocked by sys_clk_pin  {rise@0.000ns fall@5.000ns period=10.000ns})
  Path Group:             sys_clk_pin
  Path Type:              Setup (Max at Slow Process Corner)
  Requirement:            10.000ns  (sys_clk_pin rise@10.000ns - sys_clk_pin rise@0.000ns)
  Data Path Delay:        3.465ns  (logic 0.890ns (25.684%)  route 2.575ns (74.316%))
  Logic Levels:           3  (LUT6=3)
  Clock Path Skew:        -0.039ns (DCD - SCD + CPR)
    Destination Clock Delay (DCD):    4.833ns = ( 14.833 - 10.000 ) 
    Source Clock Delay      (SCD):    5.130ns
    Clock Pessimism Removal (CPR):    0.258ns
  Clock Uncertainty:      0.035ns  ((TSJ^2 + TIJ^2)^1/2 + DJ) / 2 + PE
    Total System Jitter     (TSJ):    0.071ns
    Total Input Jitter      (TIJ):    0.000ns
    Discrete Jitter          (DJ):    0.000ns
    Phase Error              (PE):    0.000ns

    Location             Delay type                Incr(ns)  Path(ns)    Netlist Resource(s)
  -------------------------------------------------------------------    -------------------
                         (clock sys_clk_pin rise edge)
                                                      0.000     0.000 r  
    W5                                                0.000     0.000 r  clk (IN)
                         net (fo=0)                   0.000     0.000    clk
    W5                   IBUF (Prop_ibuf_I_O)         1.458     1.458 r  clk_IBUF_inst/O
                         net (fo=1, routed)           1.967     3.425    clk_IBUF
    BUFGCTRL_X0Y0        BUFG (Prop_bufg_I_O)         0.096     3.521 r  clk_IBUF_BUFG_inst/O
                         net (fo=81, routed)          1.609     5.130    u_key_debouncer/CLK
    SLICE_X64Y72         FDCE                                         r  u_key_debouncer/r_counter_reg[1]/C
  -------------------------------------------------------------------    -------------------
    SLICE_X64Y72         FDCE (Prop_fdce_C_Q)         0.518     5.648 f  u_key_debouncer/r_counter_reg[1]/Q
                         net (fo=2, routed)           1.002     6.650    u_key_debouncer/r_counter_reg_n_0_[1]
    SLICE_X62Y72         LUT6 (Prop_lut6_I3_O)        0.124     6.774 r  u_key_debouncer/r_clean_btn_i_4__1/O
                         net (fo=1, routed)           0.574     7.348    u_key_debouncer/r_clean_btn_i_4__1_n_0
    SLICE_X62Y73         LUT6 (Prop_lut6_I3_O)        0.124     7.472 r  u_key_debouncer/r_clean_btn_i_2__1/O
                         net (fo=21, routed)          0.999     8.471    u_key_debouncer/r_clean_btn_i_2__1_n_0
    SLICE_X64Y75         LUT6 (Prop_lut6_I1_O)        0.124     8.595 r  u_key_debouncer/r_counter[17]_i_1__1/O
                         net (fo=1, routed)           0.000     8.595    u_key_debouncer/r_counter[17]_i_1__1_n_0
    SLICE_X64Y75         FDCE                                         r  u_key_debouncer/r_counter_reg[17]/D
  -------------------------------------------------------------------    -------------------

                         (clock sys_clk_pin rise edge)
                                                     10.000    10.000 r  
    W5                                                0.000    10.000 r  clk (IN)
                         net (fo=0)                   0.000    10.000    clk
    W5                   IBUF (Prop_ibuf_I_O)         1.388    11.388 r  clk_IBUF_inst/O
                         net (fo=1, routed)           1.862    13.250    clk_IBUF
    BUFGCTRL_X0Y0        BUFG (Prop_bufg_I_O)         0.091    13.341 r  clk_IBUF_BUFG_inst/O
                         net (fo=81, routed)          1.492    14.833    u_key_debouncer/CLK
    SLICE_X64Y75         FDCE                                         r  u_key_debouncer/r_counter_reg[17]/C
                         clock pessimism              0.258    15.091    
                         clock uncertainty           -0.035    15.056    
    SLICE_X64Y75         FDCE (Setup_fdce_C_D)        0.079    15.135    u_key_debouncer/r_counter_reg[17]
  -------------------------------------------------------------------
                         required time                         15.135    
                         arrival time                          -8.595    
  -------------------------------------------------------------------
                         slack                                  6.539    





Min Delay Paths
--------------------------------------------------------------------------------------
Slack (MET) :             0.190ns  (arrival time - required time)
  Source:                 u_rotary/r_previous_key_reg/C
                            (rising edge-triggered cell FDCE clocked by sys_clk_pin  {rise@0.000ns fall@5.000ns period=10.000ns})
  Destination:            u_rotary/r_led_toggle_reg/D
                            (rising edge-triggered cell FDCE clocked by sys_clk_pin  {rise@0.000ns fall@5.000ns period=10.000ns})
  Path Group:             sys_clk_pin
  Path Type:              Hold (Min at Fast Process Corner)
  Requirement:            0.000ns  (sys_clk_pin rise@0.000ns - sys_clk_pin rise@0.000ns)
  Data Path Delay:        0.281ns  (logic 0.227ns (80.665%)  route 0.054ns (19.335%))
  Logic Levels:           1  (LUT3=1)
  Clock Path Skew:        0.000ns (DCD - SCD - CPR)
    Destination Clock Delay (DCD):    1.975ns
    Source Clock Delay      (SCD):    1.463ns
    Clock Pessimism Removal (CPR):    0.512ns

    Location             Delay type                Incr(ns)  Path(ns)    Netlist Resource(s)
  -------------------------------------------------------------------    -------------------
                         (clock sys_clk_pin rise edge)
                                                      0.000     0.000 r  
    W5                                                0.000     0.000 r  clk (IN)
                         net (fo=0)                   0.000     0.000    clk
    W5                   IBUF (Prop_ibuf_I_O)         0.226     0.226 r  clk_IBUF_inst/O
                         net (fo=1, routed)           0.631     0.858    clk_IBUF
    BUFGCTRL_X0Y0        BUFG (Prop_bufg_I_O)         0.026     0.884 r  clk_IBUF_BUFG_inst/O
                         net (fo=81, routed)          0.580     1.463    u_rotary/CLK
    SLICE_X65Y74         FDCE                                         r  u_rotary/r_previous_key_reg/C
  -------------------------------------------------------------------    -------------------
    SLICE_X65Y74         FDCE (Prop_fdce_C_Q)         0.128     1.591 r  u_rotary/r_previous_key_reg/Q
                         net (fo=1, routed)           0.054     1.646    u_rotary/r_previous_key
    SLICE_X65Y74         LUT3 (Prop_lut3_I0_O)        0.099     1.745 r  u_rotary/r_led_toggle_i_1/O
                         net (fo=1, routed)           0.000     1.745    u_rotary/r_led_toggle_i_1_n_0
    SLICE_X65Y74         FDCE                                         r  u_rotary/r_led_toggle_reg/D
  -------------------------------------------------------------------    -------------------

                         (clock sys_clk_pin rise edge)
                                                      0.000     0.000 r  
    W5                                                0.000     0.000 r  clk (IN)
                         net (fo=0)                   0.000     0.000    clk
    W5                   IBUF (Prop_ibuf_I_O)         0.414     0.414 r  clk_IBUF_inst/O
                         net (fo=1, routed)           0.685     1.099    clk_IBUF
    BUFGCTRL_X0Y0        BUFG (Prop_bufg_I_O)         0.029     1.128 r  clk_IBUF_BUFG_inst/O
                         net (fo=81, routed)          0.847     1.975    u_rotary/CLK
    SLICE_X65Y74         FDCE                                         r  u_rotary/r_led_toggle_reg/C
                         clock pessimism             -0.512     1.463    
    SLICE_X65Y74         FDCE (Hold_fdce_C_D)         0.091     1.554    u_rotary/r_led_toggle_reg
  -------------------------------------------------------------------
                         required time                         -1.554    
                         arrival time                           1.745    
  -------------------------------------------------------------------
                         slack                                  0.190    

Slack (MET) :             0.208ns  (arrival time - required time)
  Source:                 u_rotary/r_previous_state_reg[0]/C
                            (rising edge-triggered cell FDCE clocked by sys_clk_pin  {rise@0.000ns fall@5.000ns period=10.000ns})
  Destination:            u_rotary/r_direction_reg[1]/D
                            (rising edge-triggered cell FDCE clocked by sys_clk_pin  {rise@0.000ns fall@5.000ns period=10.000ns})
  Path Group:             sys_clk_pin
  Path Type:              Hold (Min at Fast Process Corner)
  Requirement:            0.000ns  (sys_clk_pin rise@0.000ns - sys_clk_pin rise@0.000ns)
  Data Path Delay:        0.314ns  (logic 0.209ns (66.502%)  route 0.105ns (33.498%))
  Logic Levels:           1  (LUT2=1)
  Clock Path Skew:        0.014ns (DCD - SCD - CPR)
    Destination Clock Delay (DCD):    1.987ns
    Source Clock Delay      (SCD):    1.474ns
    Clock Pessimism Removal (CPR):    0.499ns

    Location             Delay type                Incr(ns)  Path(ns)    Netlist Resource(s)
  -------------------------------------------------------------------    -------------------
                         (clock sys_clk_pin rise edge)
                                                      0.000     0.000 r  
    W5                                                0.000     0.000 r  clk (IN)
                         net (fo=0)                   0.000     0.000    clk
    W5                   IBUF (Prop_ibuf_I_O)         0.226     0.226 r  clk_IBUF_inst/O
                         net (fo=1, routed)           0.631     0.858    clk_IBUF
    BUFGCTRL_X0Y0        BUFG (Prop_bufg_I_O)         0.026     0.884 r  clk_IBUF_BUFG_inst/O
                         net (fo=81, routed)          0.591     1.474    u_rotary/CLK
    SLICE_X2Y15          FDCE                                         r  u_rotary/r_previous_state_reg[0]/C
  -------------------------------------------------------------------    -------------------
    SLICE_X2Y15          FDCE (Prop_fdce_C_Q)         0.164     1.638 r  u_rotary/r_previous_state_reg[0]/Q
                         net (fo=3, routed)           0.105     1.743    u_rotary/p_0_in[2]
    SLICE_X1Y15          LUT2 (Prop_lut2_I0_O)        0.045     1.788 r  u_rotary/r_direction[1]_i_1/O
                         net (fo=1, routed)           0.000     1.788    u_rotary/r_direction[1]_i_1_n_0
    SLICE_X1Y15          FDCE                                         r  u_rotary/r_direction_reg[1]/D
  -------------------------------------------------------------------    -------------------

                         (clock sys_clk_pin rise edge)
                                                      0.000     0.000 r  
    W5                                                0.000     0.000 r  clk (IN)
                         net (fo=0)                   0.000     0.000    clk
    W5                   IBUF (Prop_ibuf_I_O)         0.414     0.414 r  clk_IBUF_inst/O
                         net (fo=1, routed)           0.685     1.099    clk_IBUF
    BUFGCTRL_X0Y0        BUFG (Prop_bufg_I_O)         0.029     1.128 r  clk_IBUF_BUFG_inst/O
                         net (fo=81, routed)          0.860     1.987    u_rotary/CLK
    SLICE_X1Y15          FDCE                                         r  u_rotary/r_direction_reg[1]/C
                         clock pessimism             -0.499     1.488    
    SLICE_X1Y15          FDCE (Hold_fdce_C_D)         0.092     1.580    u_rotary/r_direction_reg[1]
  -------------------------------------------------------------------
                         required time                         -1.580    
                         arrival time                           1.788    
  -------------------------------------------------------------------
                         slack                                  0.208    

Slack (MET) :             0.233ns  (arrival time - required time)
  Source:                 u_s1_debouncer/r_clean_btn_reg/C
                            (rising edge-triggered cell FDCE clocked by sys_clk_pin  {rise@0.000ns fall@5.000ns period=10.000ns})
  Destination:            u_rotary/r_current_state_reg[1]/D
                            (rising edge-triggered cell FDCE clocked by sys_clk_pin  {rise@0.000ns fall@5.000ns period=10.000ns})
  Path Group:             sys_clk_pin
  Path Type:              Hold (Min at Fast Process Corner)
  Requirement:            0.000ns  (sys_clk_pin rise@0.000ns - sys_clk_pin rise@0.000ns)
  Data Path Delay:        0.323ns  (logic 0.141ns (43.681%)  route 0.182ns (56.319%))
  Logic Levels:           0  
  Clock Path Skew:        0.015ns (DCD - SCD - CPR)
    Destination Clock Delay (DCD):    1.988ns
    Source Clock Delay      (SCD):    1.474ns
    Clock Pessimism Removal (CPR):    0.499ns

    Location             Delay type                Incr(ns)  Path(ns)    Netlist Resource(s)
  -------------------------------------------------------------------    -------------------
                         (clock sys_clk_pin rise edge)
                                                      0.000     0.000 r  
    W5                                                0.000     0.000 r  clk (IN)
                         net (fo=0)                   0.000     0.000    clk
    W5                   IBUF (Prop_ibuf_I_O)         0.226     0.226 r  clk_IBUF_inst/O
                         net (fo=1, routed)           0.631     0.858    clk_IBUF
    BUFGCTRL_X0Y0        BUFG (Prop_bufg_I_O)         0.026     0.884 r  clk_IBUF_BUFG_inst/O
                         net (fo=81, routed)          0.591     1.474    u_s1_debouncer/CLK
    SLICE_X3Y14          FDCE                                         r  u_s1_debouncer/r_clean_btn_reg/C
  -------------------------------------------------------------------    -------------------
    SLICE_X3Y14          FDCE (Prop_fdce_C_Q)         0.141     1.615 r  u_s1_debouncer/r_clean_btn_reg/Q
                         net (fo=3, routed)           0.182     1.797    u_rotary/D[1]
    SLICE_X1Y14          FDCE                                         r  u_rotary/r_current_state_reg[1]/D
  -------------------------------------------------------------------    -------------------

                         (clock sys_clk_pin rise edge)
                                                      0.000     0.000 r  
    W5                                                0.000     0.000 r  clk (IN)
                         net (fo=0)                   0.000     0.000    clk
    W5                   IBUF (Prop_ibuf_I_O)         0.414     0.414 r  clk_IBUF_inst/O
                         net (fo=1, routed)           0.685     1.099    clk_IBUF
    BUFGCTRL_X0Y0        BUFG (Prop_bufg_I_O)         0.029     1.128 r  clk_IBUF_BUFG_inst/O
                         net (fo=81, routed)          0.861     1.988    u_rotary/CLK
    SLICE_X1Y14          FDCE                                         r  u_rotary/r_current_state_reg[1]/C
                         clock pessimism             -0.499     1.489    
    SLICE_X1Y14          FDCE (Hold_fdce_C_D)         0.075     1.564    u_rotary/r_current_state_reg[1]
  -------------------------------------------------------------------
                         required time                         -1.564    
                         arrival time                           1.797    
  -------------------------------------------------------------------
                         slack                                  0.233    

Slack (MET) :             0.243ns  (arrival time - required time)
  Source:                 u_s2_debouncer/r_counter_reg[15]/C
                            (rising edge-triggered cell FDCE clocked by sys_clk_pin  {rise@0.000ns fall@5.000ns period=10.000ns})
  Destination:            u_s2_debouncer/r_counter_reg[11]/D
                            (rising edge-triggered cell FDCE clocked by sys_clk_pin  {rise@0.000ns fall@5.000ns period=10.000ns})
  Path Group:             sys_clk_pin
  Path Type:              Hold (Min at Fast Process Corner)
  Requirement:            0.000ns  (sys_clk_pin rise@0.000ns - sys_clk_pin rise@0.000ns)
  Data Path Delay:        0.350ns  (logic 0.186ns (53.111%)  route 0.164ns (46.889%))
  Logic Levels:           1  (LUT6=1)
  Clock Path Skew:        0.015ns (DCD - SCD - CPR)
    Destination Clock Delay (DCD):    1.986ns
    Source Clock Delay      (SCD):    1.472ns
    Clock Pessimism Removal (CPR):    0.499ns

    Location             Delay type                Incr(ns)  Path(ns)    Netlist Resource(s)
  -------------------------------------------------------------------    -------------------
                         (clock sys_clk_pin rise edge)
                                                      0.000     0.000 r  
    W5                                                0.000     0.000 r  clk (IN)
                         net (fo=0)                   0.000     0.000    clk
    W5                   IBUF (Prop_ibuf_I_O)         0.226     0.226 r  clk_IBUF_inst/O
                         net (fo=1, routed)           0.631     0.858    clk_IBUF
    BUFGCTRL_X0Y0        BUFG (Prop_bufg_I_O)         0.026     0.884 r  clk_IBUF_BUFG_inst/O
                         net (fo=81, routed)          0.589     1.472    u_s2_debouncer/CLK
    SLICE_X7Y14          FDCE                                         r  u_s2_debouncer/r_counter_reg[15]/C
  -------------------------------------------------------------------    -------------------
    SLICE_X7Y14          FDCE (Prop_fdce_C_Q)         0.141     1.613 f  u_s2_debouncer/r_counter_reg[15]/Q
                         net (fo=22, routed)          0.164     1.777    u_s2_debouncer/r_counter_reg_n_0_[15]
    SLICE_X7Y13          LUT6 (Prop_lut6_I0_O)        0.045     1.822 r  u_s2_debouncer/r_counter[11]_i_1__0/O
                         net (fo=1, routed)           0.000     1.822    u_s2_debouncer/r_counter[11]_i_1__0_n_0
    SLICE_X7Y13          FDCE                                         r  u_s2_debouncer/r_counter_reg[11]/D
  -------------------------------------------------------------------    -------------------

                         (clock sys_clk_pin rise edge)
                                                      0.000     0.000 r  
    W5                                                0.000     0.000 r  clk (IN)
                         net (fo=0)                   0.000     0.000    clk
    W5                   IBUF (Prop_ibuf_I_O)         0.414     0.414 r  clk_IBUF_inst/O
                         net (fo=1, routed)           0.685     1.099    clk_IBUF
    BUFGCTRL_X0Y0        BUFG (Prop_bufg_I_O)         0.029     1.128 r  clk_IBUF_BUFG_inst/O
                         net (fo=81, routed)          0.859     1.986    u_s2_debouncer/CLK
    SLICE_X7Y13          FDCE                                         r  u_s2_debouncer/r_counter_reg[11]/C
                         clock pessimism             -0.499     1.487    
    SLICE_X7Y13          FDCE (Hold_fdce_C_D)         0.092     1.579    u_s2_debouncer/r_counter_reg[11]
  -------------------------------------------------------------------
                         required time                         -1.579    
                         arrival time                           1.822    
  -------------------------------------------------------------------
                         slack                                  0.243    

Slack (MET) :             0.245ns  (arrival time - required time)
  Source:                 u_rotary/r_current_state_reg[0]/C
                            (rising edge-triggered cell FDCE clocked by sys_clk_pin  {rise@0.000ns fall@5.000ns period=10.000ns})
  Destination:            u_rotary/r_previous_state_reg[0]/D
                            (rising edge-triggered cell FDCE clocked by sys_clk_pin  {rise@0.000ns fall@5.000ns period=10.000ns})
  Path Group:             sys_clk_pin
  Path Type:              Hold (Min at Fast Process Corner)
  Requirement:            0.000ns  (sys_clk_pin rise@0.000ns - sys_clk_pin rise@0.000ns)
  Data Path Delay:        0.318ns  (logic 0.141ns (44.351%)  route 0.177ns (55.649%))
  Logic Levels:           0  
  Clock Path Skew:        0.014ns (DCD - SCD - CPR)
    Destination Clock Delay (DCD):    1.987ns
    Source Clock Delay      (SCD):    1.474ns
    Clock Pessimism Removal (CPR):    0.499ns

    Location             Delay type                Incr(ns)  Path(ns)    Netlist Resource(s)
  -------------------------------------------------------------------    -------------------
                         (clock sys_clk_pin rise edge)
                                                      0.000     0.000 r  
    W5                                                0.000     0.000 r  clk (IN)
                         net (fo=0)                   0.000     0.000    clk
    W5                   IBUF (Prop_ibuf_I_O)         0.226     0.226 r  clk_IBUF_inst/O
                         net (fo=1, routed)           0.631     0.858    clk_IBUF
    BUFGCTRL_X0Y0        BUFG (Prop_bufg_I_O)         0.026     0.884 r  clk_IBUF_BUFG_inst/O
                         net (fo=81, routed)          0.591     1.474    u_rotary/CLK
    SLICE_X3Y13          FDCE                                         r  u_rotary/r_current_state_reg[0]/C
  -------------------------------------------------------------------    -------------------
    SLICE_X3Y13          FDCE (Prop_fdce_C_Q)         0.141     1.615 r  u_rotary/r_current_state_reg[0]/Q
                         net (fo=2, routed)           0.177     1.792    u_rotary/p_0_in[0]
    SLICE_X2Y15          FDCE                                         r  u_rotary/r_previous_state_reg[0]/D
  -------------------------------------------------------------------    -------------------

                         (clock sys_clk_pin rise edge)
                                                      0.000     0.000 r  
    W5                                                0.000     0.000 r  clk (IN)
                         net (fo=0)                   0.000     0.000    clk
    W5                   IBUF (Prop_ibuf_I_O)         0.414     0.414 r  clk_IBUF_inst/O
                         net (fo=1, routed)           0.685     1.099    clk_IBUF
    BUFGCTRL_X0Y0        BUFG (Prop_bufg_I_O)         0.029     1.128 r  clk_IBUF_BUFG_inst/O
                         net (fo=81, routed)          0.860     1.987    u_rotary/CLK
    SLICE_X2Y15          FDCE                                         r  u_rotary/r_previous_state_reg[0]/C
                         clock pessimism             -0.499     1.488    
    SLICE_X2Y15          FDCE (Hold_fdce_C_D)         0.059     1.547    u_rotary/r_previous_state_reg[0]
  -------------------------------------------------------------------
                         required time                         -1.547    
                         arrival time                           1.792    
  -------------------------------------------------------------------
                         slack                                  0.245    

Slack (MET) :             0.245ns  (arrival time - required time)
  Source:                 u_s2_debouncer/r_counter_reg[15]/C
                            (rising edge-triggered cell FDCE clocked by sys_clk_pin  {rise@0.000ns fall@5.000ns period=10.000ns})
  Destination:            u_s2_debouncer/r_counter_reg[10]/D
                            (rising edge-triggered cell FDCE clocked by sys_clk_pin  {rise@0.000ns fall@5.000ns period=10.000ns})
  Path Group:             sys_clk_pin
  Path Type:              Hold (Min at Fast Process Corner)
  Requirement:            0.000ns  (sys_clk_pin rise@0.000ns - sys_clk_pin rise@0.000ns)
  Data Path Delay:        0.351ns  (logic 0.186ns (52.960%)  route 0.165ns (47.040%))
  Logic Levels:           1  (LUT6=1)
  Clock Path Skew:        0.015ns (DCD - SCD - CPR)
    Destination Clock Delay (DCD):    1.986ns
    Source Clock Delay      (SCD):    1.472ns
    Clock Pessimism Removal (CPR):    0.499ns

    Location             Delay type                Incr(ns)  Path(ns)    Netlist Resource(s)
  -------------------------------------------------------------------    -------------------
                         (clock sys_clk_pin rise edge)
                                                      0.000     0.000 r  
    W5                                                0.000     0.000 r  clk (IN)
                         net (fo=0)                   0.000     0.000    clk
    W5                   IBUF (Prop_ibuf_I_O)         0.226     0.226 r  clk_IBUF_inst/O
                         net (fo=1, routed)           0.631     0.858    clk_IBUF
    BUFGCTRL_X0Y0        BUFG (Prop_bufg_I_O)         0.026     0.884 r  clk_IBUF_BUFG_inst/O
                         net (fo=81, routed)          0.589     1.472    u_s2_debouncer/CLK
    SLICE_X7Y14          FDCE                                         r  u_s2_debouncer/r_counter_reg[15]/C
  -------------------------------------------------------------------    -------------------
    SLICE_X7Y14          FDCE (Prop_fdce_C_Q)         0.141     1.613 f  u_s2_debouncer/r_counter_reg[15]/Q
                         net (fo=22, routed)          0.165     1.778    u_s2_debouncer/r_counter_reg_n_0_[15]
    SLICE_X7Y13          LUT6 (Prop_lut6_I0_O)        0.045     1.823 r  u_s2_debouncer/r_counter[10]_i_1__0/O
                         net (fo=1, routed)           0.000     1.823    u_s2_debouncer/r_counter[10]_i_1__0_n_0
    SLICE_X7Y13          FDCE                                         r  u_s2_debouncer/r_counter_reg[10]/D
  -------------------------------------------------------------------    -------------------

                         (clock sys_clk_pin rise edge)
                                                      0.000     0.000 r  
    W5                                                0.000     0.000 r  clk (IN)
                         net (fo=0)                   0.000     0.000    clk
    W5                   IBUF (Prop_ibuf_I_O)         0.414     0.414 r  clk_IBUF_inst/O
                         net (fo=1, routed)           0.685     1.099    clk_IBUF
    BUFGCTRL_X0Y0        BUFG (Prop_bufg_I_O)         0.029     1.128 r  clk_IBUF_BUFG_inst/O
                         net (fo=81, routed)          0.859     1.986    u_s2_debouncer/CLK
    SLICE_X7Y13          FDCE                                         r  u_s2_debouncer/r_counter_reg[10]/C
                         clock pessimism             -0.499     1.487    
    SLICE_X7Y13          FDCE (Hold_fdce_C_D)         0.091     1.578    u_s2_debouncer/r_counter_reg[10]
  -------------------------------------------------------------------
                         required time                         -1.578    
                         arrival time                           1.823    
  -------------------------------------------------------------------
                         slack                                  0.245    

Slack (MET) :             0.252ns  (arrival time - required time)
  Source:                 u_s1_debouncer/r_counter_reg[15]/C
                            (rising edge-triggered cell FDCE clocked by sys_clk_pin  {rise@0.000ns fall@5.000ns period=10.000ns})
  Destination:            u_s1_debouncer/r_counter_reg[12]/D
                            (rising edge-triggered cell FDCE clocked by sys_clk_pin  {rise@0.000ns fall@5.000ns period=10.000ns})
  Path Group:             sys_clk_pin
  Path Type:              Hold (Min at Fast Process Corner)
  Requirement:            0.000ns  (sys_clk_pin rise@0.000ns - sys_clk_pin rise@0.000ns)
  Data Path Delay:        0.411ns  (logic 0.186ns (45.250%)  route 0.225ns (54.750%))
  Logic Levels:           1  (LUT6=1)
  Clock Path Skew:        0.038ns (DCD - SCD - CPR)
    Destination Clock Delay (DCD):    1.988ns
    Source Clock Delay      (SCD):    1.472ns
    Clock Pessimism Removal (CPR):    0.478ns

    Location             Delay type                Incr(ns)  Path(ns)    Netlist Resource(s)
  -------------------------------------------------------------------    -------------------
                         (clock sys_clk_pin rise edge)
                                                      0.000     0.000 r  
    W5                                                0.000     0.000 r  clk (IN)
                         net (fo=0)                   0.000     0.000    clk
    W5                   IBUF (Prop_ibuf_I_O)         0.226     0.226 r  clk_IBUF_inst/O
                         net (fo=1, routed)           0.631     0.858    clk_IBUF
    BUFGCTRL_X0Y0        BUFG (Prop_bufg_I_O)         0.026     0.884 r  clk_IBUF_BUFG_inst/O
                         net (fo=81, routed)          0.589     1.472    u_s1_debouncer/CLK
    SLICE_X4Y14          FDCE                                         r  u_s1_debouncer/r_counter_reg[15]/C
  -------------------------------------------------------------------    -------------------
    SLICE_X4Y14          FDCE (Prop_fdce_C_Q)         0.141     1.613 f  u_s1_debouncer/r_counter_reg[15]/Q
                         net (fo=22, routed)          0.225     1.838    u_s1_debouncer/r_counter[15]
    SLICE_X2Y13          LUT6 (Prop_lut6_I0_O)        0.045     1.883 r  u_s1_debouncer/r_counter[12]_i_1/O
                         net (fo=1, routed)           0.000     1.883    u_s1_debouncer/r_counter[12]_i_1_n_0
    SLICE_X2Y13          FDCE                                         r  u_s1_debouncer/r_counter_reg[12]/D
  -------------------------------------------------------------------    -------------------

                         (clock sys_clk_pin rise edge)
                                                      0.000     0.000 r  
    W5                                                0.000     0.000 r  clk (IN)
                         net (fo=0)                   0.000     0.000    clk
    W5                   IBUF (Prop_ibuf_I_O)         0.414     0.414 r  clk_IBUF_inst/O
                         net (fo=1, routed)           0.685     1.099    clk_IBUF
    BUFGCTRL_X0Y0        BUFG (Prop_bufg_I_O)         0.029     1.128 r  clk_IBUF_BUFG_inst/O
                         net (fo=81, routed)          0.861     1.988    u_s1_debouncer/CLK
    SLICE_X2Y13          FDCE                                         r  u_s1_debouncer/r_counter_reg[12]/C
                         clock pessimism             -0.478     1.510    
    SLICE_X2Y13          FDCE (Hold_fdce_C_D)         0.121     1.631    u_s1_debouncer/r_counter_reg[12]
  -------------------------------------------------------------------
                         required time                         -1.631    
                         arrival time                           1.883    
  -------------------------------------------------------------------
                         slack                                  0.252    

Slack (MET) :             0.262ns  (arrival time - required time)
  Source:                 u_key_debouncer/r_counter_reg[15]/C
                            (rising edge-triggered cell FDCE clocked by sys_clk_pin  {rise@0.000ns fall@5.000ns period=10.000ns})
  Destination:            u_key_debouncer/r_counter_reg[15]/D
                            (rising edge-triggered cell FDCE clocked by sys_clk_pin  {rise@0.000ns fall@5.000ns period=10.000ns})
  Path Group:             sys_clk_pin
  Path Type:              Hold (Min at Fast Process Corner)
  Requirement:            0.000ns  (sys_clk_pin rise@0.000ns - sys_clk_pin rise@0.000ns)
  Data Path Delay:        0.383ns  (logic 0.209ns (54.627%)  route 0.174ns (45.373%))
  Logic Levels:           1  (LUT6=1)
  Clock Path Skew:        0.000ns (DCD - SCD - CPR)
    Destination Clock Delay (DCD):    1.975ns
    Source Clock Delay      (SCD):    1.463ns
    Clock Pessimism Removal (CPR):    0.512ns

    Location             Delay type                Incr(ns)  Path(ns)    Netlist Resource(s)
  -------------------------------------------------------------------    -------------------
                         (clock sys_clk_pin rise edge)
                                                      0.000     0.000 r  
    W5                                                0.000     0.000 r  clk (IN)
                         net (fo=0)                   0.000     0.000    clk
    W5                   IBUF (Prop_ibuf_I_O)         0.226     0.226 r  clk_IBUF_inst/O
                         net (fo=1, routed)           0.631     0.858    clk_IBUF
    BUFGCTRL_X0Y0        BUFG (Prop_bufg_I_O)         0.026     0.884 r  clk_IBUF_BUFG_inst/O
                         net (fo=81, routed)          0.580     1.463    u_key_debouncer/CLK
    SLICE_X64Y75         FDCE                                         r  u_key_debouncer/r_counter_reg[15]/C
  -------------------------------------------------------------------    -------------------
    SLICE_X64Y75         FDCE (Prop_fdce_C_Q)         0.164     1.627 f  u_key_debouncer/r_counter_reg[15]/Q
                         net (fo=22, routed)          0.174     1.801    u_key_debouncer/r_counter_reg_n_0_[15]
    SLICE_X64Y75         LUT6 (Prop_lut6_I0_O)        0.045     1.846 r  u_key_debouncer/r_counter[15]_i_1__1/O
                         net (fo=1, routed)           0.000     1.846    u_key_debouncer/r_counter[15]_i_1__1_n_0
    SLICE_X64Y75         FDCE                                         r  u_key_debouncer/r_counter_reg[15]/D
  -------------------------------------------------------------------    -------------------

                         (clock sys_clk_pin rise edge)
                                                      0.000     0.000 r  
    W5                                                0.000     0.000 r  clk (IN)
                         net (fo=0)                   0.000     0.000    clk
    W5                   IBUF (Prop_ibuf_I_O)         0.414     0.414 r  clk_IBUF_inst/O
                         net (fo=1, routed)           0.685     1.099    clk_IBUF
    BUFGCTRL_X0Y0        BUFG (Prop_bufg_I_O)         0.029     1.128 r  clk_IBUF_BUFG_inst/O
                         net (fo=81, routed)          0.847     1.975    u_key_debouncer/CLK
    SLICE_X64Y75         FDCE                                         r  u_key_debouncer/r_counter_reg[15]/C
                         clock pessimism             -0.512     1.463    
    SLICE_X64Y75         FDCE (Hold_fdce_C_D)         0.121     1.584    u_key_debouncer/r_counter_reg[15]
  -------------------------------------------------------------------
                         required time                         -1.584    
                         arrival time                           1.846    
  -------------------------------------------------------------------
                         slack                                  0.262    

Slack (MET) :             0.263ns  (arrival time - required time)
  Source:                 u_s2_debouncer/r_counter_reg[0]/C
                            (rising edge-triggered cell FDCE clocked by sys_clk_pin  {rise@0.000ns fall@5.000ns period=10.000ns})
  Destination:            u_s2_debouncer/r_counter_reg[0]/D
                            (rising edge-triggered cell FDCE clocked by sys_clk_pin  {rise@0.000ns fall@5.000ns period=10.000ns})
  Path Group:             sys_clk_pin
  Path Type:              Hold (Min at Fast Process Corner)
  Requirement:            0.000ns  (sys_clk_pin rise@0.000ns - sys_clk_pin rise@0.000ns)
  Data Path Delay:        0.354ns  (logic 0.186ns (52.507%)  route 0.168ns (47.493%))
  Logic Levels:           1  (LUT6=1)
  Clock Path Skew:        0.000ns (DCD - SCD - CPR)
    Destination Clock Delay (DCD):    1.989ns
    Source Clock Delay      (SCD):    1.474ns
    Clock Pessimism Removal (CPR):    0.515ns

    Location             Delay type                Incr(ns)  Path(ns)    Netlist Resource(s)
  -------------------------------------------------------------------    -------------------
                         (clock sys_clk_pin rise edge)
                                                      0.000     0.000 r  
    W5                                                0.000     0.000 r  clk (IN)
                         net (fo=0)                   0.000     0.000    clk
    W5                   IBUF (Prop_ibuf_I_O)         0.226     0.226 r  clk_IBUF_inst/O
                         net (fo=1, routed)           0.631     0.858    clk_IBUF
    BUFGCTRL_X0Y0        BUFG (Prop_bufg_I_O)         0.026     0.884 r  clk_IBUF_BUFG_inst/O
                         net (fo=81, routed)          0.591     1.474    u_s2_debouncer/CLK
    SLICE_X5Y11          FDCE                                         r  u_s2_debouncer/r_counter_reg[0]/C
  -------------------------------------------------------------------    -------------------
    SLICE_X5Y11          FDCE (Prop_fdce_C_Q)         0.141     1.615 f  u_s2_debouncer/r_counter_reg[0]/Q
                         net (fo=3, routed)           0.168     1.783    u_s2_debouncer/r_counter_reg_n_0_[0]
    SLICE_X5Y11          LUT6 (Prop_lut6_I5_O)        0.045     1.828 r  u_s2_debouncer/r_counter[0]_i_1__0/O
                         net (fo=1, routed)           0.000     1.828    u_s2_debouncer/r_counter[0]_i_1__0_n_0
    SLICE_X5Y11          FDCE                                         r  u_s2_debouncer/r_counter_reg[0]/D
  -------------------------------------------------------------------    -------------------

                         (clock sys_clk_pin rise edge)
                                                      0.000     0.000 r  
    W5                                                0.000     0.000 r  clk (IN)
                         net (fo=0)                   0.000     0.000    clk
    W5                   IBUF (Prop_ibuf_I_O)         0.414     0.414 r  clk_IBUF_inst/O
                         net (fo=1, routed)           0.685     1.099    clk_IBUF
    BUFGCTRL_X0Y0        BUFG (Prop_bufg_I_O)         0.029     1.128 r  clk_IBUF_BUFG_inst/O
                         net (fo=81, routed)          0.862     1.989    u_s2_debouncer/CLK
    SLICE_X5Y11          FDCE                                         r  u_s2_debouncer/r_counter_reg[0]/C
                         clock pessimism             -0.515     1.474    
    SLICE_X5Y11          FDCE (Hold_fdce_C_D)         0.091     1.565    u_s2_debouncer/r_counter_reg[0]
  -------------------------------------------------------------------
                         required time                         -1.565    
                         arrival time                           1.828    
  -------------------------------------------------------------------
                         slack                                  0.263    

Slack (MET) :             0.263ns  (arrival time - required time)
  Source:                 u_s1_debouncer/r_counter_reg[0]/C
                            (rising edge-triggered cell FDCE clocked by sys_clk_pin  {rise@0.000ns fall@5.000ns period=10.000ns})
  Destination:            u_s1_debouncer/r_counter_reg[0]/D
                            (rising edge-triggered cell FDCE clocked by sys_clk_pin  {rise@0.000ns fall@5.000ns period=10.000ns})
  Path Group:             sys_clk_pin
  Path Type:              Hold (Min at Fast Process Corner)
  Requirement:            0.000ns  (sys_clk_pin rise@0.000ns - sys_clk_pin rise@0.000ns)
  Data Path Delay:        0.354ns  (logic 0.186ns (52.507%)  route 0.168ns (47.493%))
  Logic Levels:           1  (LUT6=1)
  Clock Path Skew:        0.000ns (DCD - SCD - CPR)
    Destination Clock Delay (DCD):    1.991ns
    Source Clock Delay      (SCD):    1.476ns
    Clock Pessimism Removal (CPR):    0.515ns

    Location             Delay type                Incr(ns)  Path(ns)    Netlist Resource(s)
  -------------------------------------------------------------------    -------------------
                         (clock sys_clk_pin rise edge)
                                                      0.000     0.000 r  
    W5                                                0.000     0.000 r  clk (IN)
                         net (fo=0)                   0.000     0.000    clk
    W5                   IBUF (Prop_ibuf_I_O)         0.226     0.226 r  clk_IBUF_inst/O
                         net (fo=1, routed)           0.631     0.858    clk_IBUF
    BUFGCTRL_X0Y0        BUFG (Prop_bufg_I_O)         0.026     0.884 r  clk_IBUF_BUFG_inst/O
                         net (fo=81, routed)          0.593     1.476    u_s1_debouncer/CLK
    SLICE_X1Y11          FDCE                                         r  u_s1_debouncer/r_counter_reg[0]/C
  -------------------------------------------------------------------    -------------------
    SLICE_X1Y11          FDCE (Prop_fdce_C_Q)         0.141     1.617 f  u_s1_debouncer/r_counter_reg[0]/Q
                         net (fo=3, routed)           0.168     1.785    u_s1_debouncer/r_counter[0]
    SLICE_X1Y11          LUT6 (Prop_lut6_I5_O)        0.045     1.830 r  u_s1_debouncer/r_counter[0]_i_1/O
                         net (fo=1, routed)           0.000     1.830    u_s1_debouncer/r_counter[0]_i_1_n_0
    SLICE_X1Y11          FDCE                                         r  u_s1_debouncer/r_counter_reg[0]/D
  -------------------------------------------------------------------    -------------------

                         (clock sys_clk_pin rise edge)
                                                      0.000     0.000 r  
    W5                                                0.000     0.000 r  clk (IN)
                         net (fo=0)                   0.000     0.000    clk
    W5                   IBUF (Prop_ibuf_I_O)         0.414     0.414 r  clk_IBUF_inst/O
                         net (fo=1, routed)           0.685     1.099    clk_IBUF
    BUFGCTRL_X0Y0        BUFG (Prop_bufg_I_O)         0.029     1.128 r  clk_IBUF_BUFG_inst/O
                         net (fo=81, routed)          0.864     1.991    u_s1_debouncer/CLK
    SLICE_X1Y11          FDCE                                         r  u_s1_debouncer/r_counter_reg[0]/C
                         clock pessimism             -0.515     1.476    
    SLICE_X1Y11          FDCE (Hold_fdce_C_D)         0.091     1.567    u_s1_debouncer/r_counter_reg[0]
  -------------------------------------------------------------------
                         required time                         -1.567    
                         arrival time                           1.830    
  -------------------------------------------------------------------
                         slack                                  0.263    





Pulse Width Checks
--------------------------------------------------------------------------------------
Clock Name:         sys_clk_pin
Waveform(ns):       { 0.000 5.000 }
Period(ns):         10.000
Sources:            { clk }

Check Type        Corner  Lib Pin  Reference Pin  Required(ns)  Actual(ns)  Slack(ns)  Location       Pin
Min Period        n/a     BUFG/I   n/a            2.155         10.000      7.845      BUFGCTRL_X0Y0  clk_IBUF_BUFG_inst/I
Min Period        n/a     FDCE/C   n/a            1.000         10.000      9.000      SLICE_X64Y74   u_key_debouncer/r_clean_btn_reg/C
Min Period        n/a     FDCE/C   n/a            1.000         10.000      9.000      SLICE_X64Y72   u_key_debouncer/r_counter_reg[0]/C
Min Period        n/a     FDCE/C   n/a            1.000         10.000      9.000      SLICE_X62Y74   u_key_debouncer/r_counter_reg[10]/C
Min Period        n/a     FDCE/C   n/a            1.000         10.000      9.000      SLICE_X62Y74   u_key_debouncer/r_counter_reg[11]/C
Min Period        n/a     FDCE/C   n/a            1.000         10.000      9.000      SLICE_X62Y74   u_key_debouncer/r_counter_reg[12]/C
Min Period        n/a     FDCE/C   n/a            1.000         10.000      9.000      SLICE_X62Y75   u_key_debouncer/r_counter_reg[13]/C
Min Period        n/a     FDCE/C   n/a            1.000         10.000      9.000      SLICE_X64Y75   u_key_debouncer/r_counter_reg[14]/C
Min Period        n/a     FDCE/C   n/a            1.000         10.000      9.000      SLICE_X64Y75   u_key_debouncer/r_counter_reg[15]/C
Min Period        n/a     FDCE/C   n/a            1.000         10.000      9.000      SLICE_X64Y75   u_key_debouncer/r_counter_reg[16]/C
Low Pulse Width   Slow    FDCE/C   n/a            0.500         5.000       4.500      SLICE_X64Y74   u_key_debouncer/r_clean_btn_reg/C
Low Pulse Width   Fast    FDCE/C   n/a            0.500         5.000       4.500      SLICE_X64Y74   u_key_debouncer/r_clean_btn_reg/C
Low Pulse Width   Slow    FDCE/C   n/a            0.500         5.000       4.500      SLICE_X64Y72   u_key_debouncer/r_counter_reg[0]/C
Low Pulse Width   Fast    FDCE/C   n/a            0.500         5.000       4.500      SLICE_X64Y72   u_key_debouncer/r_counter_reg[0]/C
Low Pulse Width   Slow    FDCE/C   n/a            0.500         5.000       4.500      SLICE_X62Y74   u_key_debouncer/r_counter_reg[10]/C
Low Pulse Width   Fast    FDCE/C   n/a            0.500         5.000       4.500      SLICE_X62Y74   u_key_debouncer/r_counter_reg[10]/C
Low Pulse Width   Slow    FDCE/C   n/a            0.500         5.000       4.500      SLICE_X62Y74   u_key_debouncer/r_counter_reg[11]/C
Low Pulse Width   Fast    FDCE/C   n/a            0.500         5.000       4.500      SLICE_X62Y74   u_key_debouncer/r_counter_reg[11]/C
Low Pulse Width   Slow    FDCE/C   n/a            0.500         5.000       4.500      SLICE_X62Y74   u_key_debouncer/r_counter_reg[12]/C
Low Pulse Width   Fast    FDCE/C   n/a            0.500         5.000       4.500      SLICE_X62Y74   u_key_debouncer/r_counter_reg[12]/C
High Pulse Width  Slow    FDCE/C   n/a            0.500         5.000       4.500      SLICE_X64Y74   u_key_debouncer/r_clean_btn_reg/C
High Pulse Width  Fast    FDCE/C   n/a            0.500         5.000       4.500      SLICE_X64Y74   u_key_debouncer/r_clean_btn_reg/C
High Pulse Width  Slow    FDCE/C   n/a            0.500         5.000       4.500      SLICE_X64Y72   u_key_debouncer/r_counter_reg[0]/C
High Pulse Width  Fast    FDCE/C   n/a            0.500         5.000       4.500      SLICE_X64Y72   u_key_debouncer/r_counter_reg[0]/C
High Pulse Width  Slow    FDCE/C   n/a            0.500         5.000       4.500      SLICE_X62Y74   u_key_debouncer/r_counter_reg[10]/C
High Pulse Width  Fast    FDCE/C   n/a            0.500         5.000       4.500      SLICE_X62Y74   u_key_debouncer/r_counter_reg[10]/C
High Pulse Width  Slow    FDCE/C   n/a            0.500         5.000       4.500      SLICE_X62Y74   u_key_debouncer/r_counter_reg[11]/C
High Pulse Width  Fast    FDCE/C   n/a            0.500         5.000       4.500      SLICE_X62Y74   u_key_debouncer/r_counter_reg[11]/C
High Pulse Width  Slow    FDCE/C   n/a            0.500         5.000       4.500      SLICE_X62Y74   u_key_debouncer/r_counter_reg[12]/C
High Pulse Width  Fast    FDCE/C   n/a            0.500         5.000       4.500      SLICE_X62Y74   u_key_debouncer/r_counter_reg[12]/C



