Copyright 1986-2021 Xilinx, Inc. All Rights Reserved.
--------------------------------------------------------------------------------------------------------------------------------------------------------------------------------
| Tool Version : Vivado v.2021.1 (win64) Build 3247384 Thu Jun 10 19:36:33 MDT 2021
| Date         : Tue Mar 10 11:54:37 2026
| Host         : DESKTOP-FAVD00F running 64-bit major release  (build 9200)
| Command      : report_timing_summary -max_paths 10 -file top_timing_summary_routed.rpt -pb top_timing_summary_routed.pb -rpx top_timing_summary_routed.rpx -warn_on_violation
| Design       : top
| Device       : 7a35t-cpg236
| Speed File   : -1  PRODUCTION 1.23 2018-06-13
--------------------------------------------------------------------------------------------------------------------------------------------------------------------------------

Timing Summary Report

------------------------------------------------------------------------------------------------
| Timer Settings
| --------------
------------------------------------------------------------------------------------------------

  Enable Multi Corner Analysis               :  Yes
  Enable Pessimism Removal                   :  Yes
  Pessimism Removal Resolution               :  Nearest Common Node
  Enable Input Delay Default Clock           :  No
  Enable Preset / Clear Arcs                 :  No
  Disable Flight Delays                      :  No
  Ignore I/O Paths                           :  No
  Timing Early Launch at Borrowing Latches   :  No
  Borrow Time for Max Delay Exceptions       :  Yes
  Merge Timing Exceptions                    :  Yes

  Corner  Analyze    Analyze    
  Name    Max Paths  Min Paths  
  ------  ---------  ---------  
  Slow    Yes        Yes        
  Fast    Yes        Yes        


------------------------------------------------------------------------------------------------
| Report Methodology
| ------------------
------------------------------------------------------------------------------------------------

Rule       Severity          Description                    Violations  
---------  ----------------  -----------------------------  ----------  
TIMING-17  Critical Warning  Non-clocked sequential cell    1           
TIMING-18  Warning           Missing input or output delay  28          

Note: This report is based on the most recent report_methodology run and may not be up-to-date. Run report_methodology on the current design for the latest report.



check_timing report

Table of Contents
-----------------
1. checking no_clock (2)
2. checking constant_clock (0)
3. checking pulse_width_clock (0)
4. checking unconstrained_internal_endpoints (1)
5. checking no_input_delay (10)
6. checking no_output_delay (20)
7. checking multiple_clock (0)
8. checking generated_clocks (0)
9. checking loops (0)
10. checking partial_input_delay (0)
11. checking partial_output_delay (0)
12. checking latch_loops (0)

1. checking no_clock (2)
------------------------
 There is 1 register/latch pin with no clock driven by root clock pin: u_debouncer_btnL/r_clean_btn_reg/Q (HIGH)

 There is 1 register/latch pin with no clock driven by root clock pin: u_debouncer_btnL/r_prev_clean_btn_reg/Q (HIGH)


2. checking constant_clock (0)
------------------------------
 There are 0 register/latch pins with constant_clock.


3. checking pulse_width_clock (0)
---------------------------------
 There are 0 register/latch pins which need pulse_width check


4. checking unconstrained_internal_endpoints (1)
------------------------------------------------
 There is 1 pin that is not constrained for maximum delay. (HIGH)

 There are 0 pins that are not constrained for maximum delay due to constant clock.


5. checking no_input_delay (10)
-------------------------------
 There are 10 input ports with no input delay specified. (HIGH)

 There are 0 input ports with no input delay but user has a false path constraint.


6. checking no_output_delay (20)
--------------------------------
 There are 20 ports with no output delay specified. (HIGH)

 There are 0 ports with no output delay but user has a false path constraint

 There are 0 ports with no output delay but with a timing clock defined on it or propagating through it


7. checking multiple_clock (0)
------------------------------
 There are 0 register/latch pins with multiple clocks.


8. checking generated_clocks (0)
--------------------------------
 There are 0 generated clocks that are not connected to a clock source.


9. checking loops (0)
---------------------
 There are 0 combinational loops in the design.


10. checking partial_input_delay (0)
------------------------------------
 There are 0 input ports with partial input delay specified.


11. checking partial_output_delay (0)
-------------------------------------
 There are 0 ports with partial output delay specified.


12. checking latch_loops (0)
----------------------------
 There are 0 combinational latch loops in the design through latch input



------------------------------------------------------------------------------------------------
| Design Timing Summary
| ---------------------
------------------------------------------------------------------------------------------------

    WNS(ns)      TNS(ns)  TNS Failing Endpoints  TNS Total Endpoints      WHS(ns)      THS(ns)  THS Failing Endpoints  THS Total Endpoints     WPWS(ns)     TPWS(ns)  TPWS Failing Endpoints  TPWS Total Endpoints  
    -------      -------  ---------------------  -------------------      -------      -------  ---------------------  -------------------     --------     --------  ----------------------  --------------------  
     -0.163       -0.352                      3                  994        0.132        0.000                      0                  994        4.500        0.000                       0                   659  


Timing constraints are not met.


------------------------------------------------------------------------------------------------
| Clock Summary
| -------------
------------------------------------------------------------------------------------------------

Clock        Waveform(ns)       Period(ns)      Frequency(MHz)
-----        ------------       ----------      --------------
sys_clk_pin  {0.000 5.000}      10.000          100.000         


------------------------------------------------------------------------------------------------
| Intra Clock Table
| -----------------
------------------------------------------------------------------------------------------------

Clock             WNS(ns)      TNS(ns)  TNS Failing Endpoints  TNS Total Endpoints      WHS(ns)      THS(ns)  THS Failing Endpoints  THS Total Endpoints     WPWS(ns)     TPWS(ns)  TPWS Failing Endpoints  TPWS Total Endpoints  
-----             -------      -------  ---------------------  -------------------      -------      -------  ---------------------  -------------------     --------     --------  ----------------------  --------------------  
sys_clk_pin        -0.163       -0.352                      3                  994        0.132        0.000                      0                  994        4.500        0.000                       0                   659  


------------------------------------------------------------------------------------------------
| Inter Clock Table
| -----------------
------------------------------------------------------------------------------------------------

From Clock    To Clock          WNS(ns)      TNS(ns)  TNS Failing Endpoints  TNS Total Endpoints      WHS(ns)      THS(ns)  THS Failing Endpoints  THS Total Endpoints  
----------    --------          -------      -------  ---------------------  -------------------      -------      -------  ---------------------  -------------------  


------------------------------------------------------------------------------------------------
| Other Path Groups Table
| -----------------------
------------------------------------------------------------------------------------------------

Path Group    From Clock    To Clock          WNS(ns)      TNS(ns)  TNS Failing Endpoints  TNS Total Endpoints      WHS(ns)      THS(ns)  THS Failing Endpoints  THS Total Endpoints  
----------    ----------    --------          -------      -------  ---------------------  -------------------      -------      -------  ---------------------  -------------------  


------------------------------------------------------------------------------------------------
| Timing Details
| --------------
------------------------------------------------------------------------------------------------


---------------------------------------------------------------------------------------------------
From Clock:  sys_clk_pin
  To Clock:  sys_clk_pin

Setup :            3  Failing Endpoints,  Worst Slack       -0.163ns,  Total Violation       -0.352ns
Hold  :            0  Failing Endpoints,  Worst Slack        0.132ns,  Total Violation        0.000ns
PW    :            0  Failing Endpoints,  Worst Slack        4.500ns,  Total Violation        0.000ns
---------------------------------------------------------------------------------------------------


Max Delay Paths
--------------------------------------------------------------------------------------
Slack (VIOLATED) :        -0.163ns  (required time - arrival time)
  Source:                 u_uart_cmd_parser/parsed_time_reg[2]_replica_1/C
                            (rising edge-triggered cell FDCE clocked by sys_clk_pin  {rise@0.000ns fall@5.000ns period=10.000ns})
  Destination:            u_DS1302/r_data_tx_reg[1]/D
                            (rising edge-triggered cell FDRE clocked by sys_clk_pin  {rise@0.000ns fall@5.000ns period=10.000ns})
  Path Group:             sys_clk_pin
  Path Type:              Setup (Max at Slow Process Corner)
  Requirement:            10.000ns  (sys_clk_pin rise@10.000ns - sys_clk_pin rise@0.000ns)
  Data Path Delay:        10.210ns  (logic 4.238ns (41.506%)  route 5.972ns (58.494%))
  Logic Levels:           16  (CARRY4=6 LUT3=3 LUT4=1 LUT5=1 LUT6=5)
  Clock Path Skew:        -0.035ns (DCD - SCD + CPR)
    Destination Clock Delay (DCD):    4.780ns = ( 14.780 - 10.000 ) 
    Source Clock Delay      (SCD):    5.073ns
    Clock Pessimism Removal (CPR):    0.258ns
  Clock Uncertainty:      0.035ns  ((TSJ^2 + TIJ^2)^1/2 + DJ) / 2 + PE
    Total System Jitter     (TSJ):    0.071ns
    Total Input Jitter      (TIJ):    0.000ns
    Discrete Jitter          (DJ):    0.000ns
    Phase Error              (PE):    0.000ns

    Location             Delay type                Incr(ns)  Path(ns)    Netlist Resource(s)
  -------------------------------------------------------------------    -------------------
                         (clock sys_clk_pin rise edge)
                                                      0.000     0.000 r  
    W5                                                0.000     0.000 r  clk (IN)
                         net (fo=0)                   0.000     0.000    clk
    W5                   IBUF (Prop_ibuf_I_O)         1.458     1.458 r  clk_IBUF_inst/O
                         net (fo=1, routed)           1.967     3.425    clk_IBUF
    BUFGCTRL_X0Y0        BUFG (Prop_bufg_I_O)         0.096     3.521 r  clk_IBUF_BUFG_inst/O
                         net (fo=658, routed)         1.552     5.073    u_uart_cmd_parser/clk
    SLICE_X57Y84         FDCE                                         r  u_uart_cmd_parser/parsed_time_reg[2]_replica_1/C
  -------------------------------------------------------------------    -------------------
    SLICE_X57Y84         FDCE (Prop_fdce_C_Q)         0.456     5.529 r  u_uart_cmd_parser/parsed_time_reg[2]_replica_1/Q
                         net (fo=3, routed)           0.603     6.132    u_uart_cmd_parser/w_parsed_time[2]_repN_1
    SLICE_X56Y83         LUT3 (Prop_lut3_I0_O)        0.124     6.256 r  u_uart_cmd_parser/r_data_tx[0]_i_41/O
                         net (fo=2, routed)           0.174     6.430    u_uart_cmd_parser/r_data_tx[0]_i_41_n_0
    SLICE_X56Y83         LUT5 (Prop_lut5_I1_O)        0.124     6.554 r  u_uart_cmd_parser/r_data_tx[0]_i_21/O
                         net (fo=4, routed)           0.813     7.367    u_uart_cmd_parser/r_data_tx[0]_i_21_n_0
    SLICE_X56Y86         LUT6 (Prop_lut6_I0_O)        0.124     7.491 r  u_uart_cmd_parser/r_data_tx[0]_i_25/O
                         net (fo=1, routed)           0.000     7.491    u_uart_cmd_parser/r_data_tx[0]_i_25_n_0
    SLICE_X56Y86         CARRY4 (Prop_carry4_S[1]_CO[3])
                                                      0.533     8.024 r  u_uart_cmd_parser/r_data_tx_reg[0]_i_5/CO[3]
                         net (fo=1, routed)           0.000     8.024    u_uart_cmd_parser/r_data_tx_reg[0]_i_5_n_0
    SLICE_X56Y87         CARRY4 (Prop_carry4_CI_O[2])
                                                      0.239     8.263 r  u_uart_cmd_parser/r_data_tx_reg[0]_i_2/O[2]
                         net (fo=18, routed)          0.831     9.094    u_uart_cmd_parser/parsed_time_reg[9]_0[0]
    SLICE_X55Y89         LUT3 (Prop_lut3_I0_O)        0.301     9.395 r  u_uart_cmd_parser/r_data_tx[2]_i_43/O
                         net (fo=1, routed)           0.336     9.731    u_uart_cmd_parser/r_data_tx[2]_i_43_n_0
    SLICE_X57Y88         CARRY4 (Prop_carry4_DI[3]_CO[3])
                                                      0.385    10.116 r  u_uart_cmd_parser/r_data_tx_reg[2]_i_26/CO[3]
                         net (fo=1, routed)           0.000    10.116    u_uart_cmd_parser/r_data_tx_reg[2]_i_26_n_0
    SLICE_X57Y89         CARRY4 (Prop_carry4_CI_O[0])
                                                      0.222    10.338 r  u_uart_cmd_parser/r_data_tx_reg[2]_i_15/O[0]
                         net (fo=3, routed)           0.728    11.066    u_uart_cmd_parser/r_data_tx_reg[2]_i_15_n_7
    SLICE_X57Y86         LUT4 (Prop_lut4_I1_O)        0.299    11.365 r  u_uart_cmd_parser/r_data_tx[2]_i_22/O
                         net (fo=1, routed)           0.000    11.365    u_uart_cmd_parser/r_data_tx[2]_i_22_n_0
    SLICE_X57Y86         CARRY4 (Prop_carry4_S[3]_CO[3])
                                                      0.401    11.766 r  u_uart_cmd_parser/r_data_tx_reg[2]_i_8/CO[3]
                         net (fo=1, routed)           0.000    11.766    u_uart_cmd_parser/r_data_tx_reg[2]_i_8_n_0
    SLICE_X57Y87         CARRY4 (Prop_carry4_CI_CO[2])
                                                      0.228    11.994 r  u_uart_cmd_parser/r_data_tx_reg[2]_i_6/CO[2]
                         net (fo=6, routed)           0.573    12.566    u_uart_cmd_parser/r_data_tx_reg[2]_i_6_n_1
    SLICE_X59Y86         LUT6 (Prop_lut6_I3_O)        0.313    12.879 r  u_uart_cmd_parser/r_data_tx[5]_i_4/O
                         net (fo=5, routed)           0.331    13.210    u_uart_cmd_parser/r_data_tx[5]_i_4_n_0
    SLICE_X59Y87         LUT6 (Prop_lut6_I5_O)        0.124    13.334 r  u_uart_cmd_parser/r_data_tx[5]_i_2/O
                         net (fo=4, routed)           0.850    14.184    u_uart_cmd_parser/parsed_time_reg[13]_3
    SLICE_X55Y87         LUT6 (Prop_lut6_I3_O)        0.124    14.308 r  u_uart_cmd_parser/r_data_tx[4]_i_2/O
                         net (fo=4, routed)           0.448    14.756    u_DS1302/r_data_tx_reg[2]_0
    SLICE_X54Y88         LUT6 (Prop_lut6_I4_O)        0.124    14.880 r  u_DS1302/r_data_tx[1]_i_2_comp/O
                         net (fo=1, routed)           0.286    15.166    u_DS1302/r_data_tx[1]_i_2_n_0
    SLICE_X54Y88         LUT3 (Prop_lut3_I0_O)        0.117    15.283 r  u_DS1302/r_data_tx[1]_i_1/O
                         net (fo=1, routed)           0.000    15.283    u_DS1302/r_data_tx[1]_i_1_n_0
    SLICE_X54Y88         FDRE                                         r  u_DS1302/r_data_tx_reg[1]/D
  -------------------------------------------------------------------    -------------------

                         (clock sys_clk_pin rise edge)
                                                     10.000    10.000 r  
    W5                                                0.000    10.000 r  clk (IN)
                         net (fo=0)                   0.000    10.000    clk
    W5                   IBUF (Prop_ibuf_I_O)         1.388    11.388 r  clk_IBUF_inst/O
                         net (fo=1, routed)           1.862    13.250    clk_IBUF
    BUFGCTRL_X0Y0        BUFG (Prop_bufg_I_O)         0.091    13.341 r  clk_IBUF_BUFG_inst/O
                         net (fo=658, routed)         1.439    14.780    u_DS1302/clk_IBUF_BUFG
    SLICE_X54Y88         FDRE                                         r  u_DS1302/r_data_tx_reg[1]/C
                         clock pessimism              0.258    15.038    
                         clock uncertainty           -0.035    15.003    
    SLICE_X54Y88         FDRE (Setup_fdre_C_D)        0.118    15.121    u_DS1302/r_data_tx_reg[1]
  -------------------------------------------------------------------
                         required time                         15.121    
                         arrival time                         -15.283    
  -------------------------------------------------------------------
                         slack                                 -0.163    

Slack (VIOLATED) :        -0.099ns  (required time - arrival time)
  Source:                 u_uart_controller/u_data_sender/tx_alarm_time_reg[11]/C
                            (rising edge-triggered cell FDCE clocked by sys_clk_pin  {rise@0.000ns fall@5.000ns period=10.000ns})
  Destination:            u_uart_controller/u_uart_tx/r_data_reg_reg[2]/D
                            (rising edge-triggered cell FDCE clocked by sys_clk_pin  {rise@0.000ns fall@5.000ns period=10.000ns})
  Path Group:             sys_clk_pin
  Path Type:              Setup (Max at Slow Process Corner)
  Requirement:            10.000ns  (sys_clk_pin rise@10.000ns - sys_clk_pin rise@0.000ns)
  Data Path Delay:        10.151ns  (logic 4.537ns (44.694%)  route 5.614ns (55.306%))
  Logic Levels:           14  (CARRY4=4 LUT2=1 LUT3=1 LUT4=1 LUT5=1 LUT6=4 MUXF7=2)
  Clock Path Skew:        0.057ns (DCD - SCD + CPR)
    Destination Clock Delay (DCD):    4.950ns = ( 14.950 - 10.000 ) 
    Source Clock Delay      (SCD):    5.080ns
    Clock Pessimism Removal (CPR):    0.187ns
  Clock Uncertainty:      0.035ns  ((TSJ^2 + TIJ^2)^1/2 + DJ) / 2 + PE
    Total System Jitter     (TSJ):    0.071ns
    Total Input Jitter      (TIJ):    0.000ns
    Discrete Jitter          (DJ):    0.000ns
    Phase Error              (PE):    0.000ns

    Location             Delay type                Incr(ns)  Path(ns)    Netlist Resource(s)
  -------------------------------------------------------------------    -------------------
                         (clock sys_clk_pin rise edge)
                                                      0.000     0.000 r  
    W5                                                0.000     0.000 r  clk (IN)
                         net (fo=0)                   0.000     0.000    clk
    W5                   IBUF (Prop_ibuf_I_O)         1.458     1.458 r  clk_IBUF_inst/O
                         net (fo=1, routed)           1.967     3.425    clk_IBUF
    BUFGCTRL_X0Y0        BUFG (Prop_bufg_I_O)         0.096     3.521 r  clk_IBUF_BUFG_inst/O
                         net (fo=658, routed)         1.559     5.080    u_uart_controller/u_data_sender/clk
    SLICE_X52Y93         FDCE                                         r  u_uart_controller/u_data_sender/tx_alarm_time_reg[11]/C
  -------------------------------------------------------------------    -------------------
    SLICE_X52Y93         FDCE (Prop_fdce_C_Q)         0.518     5.598 f  u_uart_controller/u_data_sender/tx_alarm_time_reg[11]/Q
                         net (fo=27, routed)          0.977     6.574    u_uart_controller/u_data_sender/tx_alarm_time_reg[13]_1[11]
    SLICE_X51Y94         LUT3 (Prop_lut3_I0_O)        0.124     6.698 r  u_uart_controller/u_data_sender/at_h_carry__2_i_10/O
                         net (fo=1, routed)           0.263     6.961    u_uart_controller/u_data_sender/at_h_carry__2_i_10_n_0
    SLICE_X51Y94         LUT5 (Prop_lut5_I3_O)        0.124     7.085 r  u_uart_controller/u_data_sender/at_h_carry__2_i_3/O
                         net (fo=4, routed)           0.693     7.778    u_uart_controller/u_data_sender/tx_alarm_time_reg[12]_0[1]
    SLICE_X53Y92         LUT6 (Prop_lut6_I0_O)        0.124     7.902 r  u_uart_controller/u_data_sender/at_m_carry__2_i_3/O
                         net (fo=1, routed)           0.000     7.902    u_uart_controller/u_uart_tx/at_m__31_carry_i_2_0[1]
    SLICE_X53Y92         CARRY4 (Prop_carry4_S[1]_CO[3])
                                                      0.550     8.452 r  u_uart_controller/u_uart_tx/at_m_carry__2/CO[3]
                         net (fo=1, routed)           0.000     8.452    u_uart_controller/u_uart_tx/at_m_carry__2_n_0
    SLICE_X53Y93         CARRY4 (Prop_carry4_CI_O[1])
                                                      0.334     8.786 r  u_uart_controller/u_uart_tx/at_m_carry__3/O[1]
                         net (fo=3, routed)           0.843     9.629    u_uart_controller/u_uart_tx/at_m_carry__3_n_6
    SLICE_X54Y93         LUT4 (Prop_lut4_I1_O)        0.303     9.932 r  u_uart_controller/u_uart_tx/at_m__25_carry_i_3/O
                         net (fo=1, routed)           0.000     9.932    u_uart_controller/u_uart_tx/at_m__25_carry_i_3_n_0
    SLICE_X54Y93         CARRY4 (Prop_carry4_S[1]_O[2])
                                                      0.578    10.510 r  u_uart_controller/u_uart_tx/at_m__25_carry/O[2]
                         net (fo=1, routed)           0.469    10.979    u_uart_controller/u_uart_tx/at_m__25_carry_n_5
    SLICE_X53Y95         LUT2 (Prop_lut2_I0_O)        0.301    11.280 r  u_uart_controller/u_uart_tx/at_m__31_carry__0_i_1/O
                         net (fo=1, routed)           0.000    11.280    u_uart_controller/u_uart_tx/at_m__31_carry__0_i_1_n_0
    SLICE_X53Y95         CARRY4 (Prop_carry4_S[3]_O[3])
                                                      0.248    11.528 r  u_uart_controller/u_uart_tx/at_m__31_carry__0/O[3]
                         net (fo=9, routed)           0.696    12.225    u_uart_controller/u_uart_tx/at_m__31_carry__0_n_4
    SLICE_X49Y96         LUT6 (Prop_lut6_I3_O)        0.306    12.531 r  u_uart_controller/u_uart_tx/r_data_reg[2]_i_36/O
                         net (fo=1, routed)           0.000    12.531    u_uart_controller/u_uart_tx/r_data_reg[2]_i_36_n_0
    SLICE_X49Y96         MUXF7 (Prop_muxf7_I1_O)      0.217    12.748 r  u_uart_controller/u_uart_tx/r_data_reg_reg[2]_i_24/O
                         net (fo=1, routed)           0.774    13.522    u_uart_controller/u_uart_tx/r_data_reg_reg[2]_i_24_n_0
    SLICE_X42Y94         LUT6 (Prop_lut6_I4_O)        0.299    13.821 r  u_uart_controller/u_uart_tx/r_data_reg[2]_i_12/O
                         net (fo=1, routed)           0.000    13.821    u_uart_controller/u_uart_tx/r_data_reg[2]_i_12_n_0
    SLICE_X42Y94         MUXF7 (Prop_muxf7_I1_O)      0.214    14.035 r  u_uart_controller/u_uart_tx/r_data_reg_reg[2]_i_5/O
                         net (fo=1, routed)           0.900    14.934    u_uart_controller/u_uart_tx/r_data_reg_reg[2]_i_5_n_0
    SLICE_X41Y103        LUT6 (Prop_lut6_I5_O)        0.297    15.231 r  u_uart_controller/u_uart_tx/r_data_reg[2]_i_1/O
                         net (fo=1, routed)           0.000    15.231    u_uart_controller/u_uart_tx/w_current_char[2]
    SLICE_X41Y103        FDCE                                         r  u_uart_controller/u_uart_tx/r_data_reg_reg[2]/D
  -------------------------------------------------------------------    -------------------

                         (clock sys_clk_pin rise edge)
                                                     10.000    10.000 r  
    W5                                                0.000    10.000 r  clk (IN)
                         net (fo=0)                   0.000    10.000    clk
    W5                   IBUF (Prop_ibuf_I_O)         1.388    11.388 r  clk_IBUF_inst/O
                         net (fo=1, routed)           1.862    13.250    clk_IBUF
    BUFGCTRL_X0Y0        BUFG (Prop_bufg_I_O)         0.091    13.341 r  clk_IBUF_BUFG_inst/O
                         net (fo=658, routed)         1.609    14.950    u_uart_controller/u_uart_tx/clk
    SLICE_X41Y103        FDCE                                         r  u_uart_controller/u_uart_tx/r_data_reg_reg[2]/C
                         clock pessimism              0.187    15.137    
                         clock uncertainty           -0.035    15.102    
    SLICE_X41Y103        FDCE (Setup_fdce_C_D)        0.031    15.133    u_uart_controller/u_uart_tx/r_data_reg_reg[2]
  -------------------------------------------------------------------
                         required time                         15.133    
                         arrival time                         -15.231    
  -------------------------------------------------------------------
                         slack                                 -0.099    

Slack (VIOLATED) :        -0.090ns  (required time - arrival time)
  Source:                 u_uart_cmd_parser/parsed_time_reg[2]_replica_1/C
                            (rising edge-triggered cell FDCE clocked by sys_clk_pin  {rise@0.000ns fall@5.000ns period=10.000ns})
  Destination:            u_DS1302/r_data_tx_reg[3]/D
                            (rising edge-triggered cell FDRE clocked by sys_clk_pin  {rise@0.000ns fall@5.000ns period=10.000ns})
  Path Group:             sys_clk_pin
  Path Type:              Setup (Max at Slow Process Corner)
  Requirement:            10.000ns  (sys_clk_pin rise@10.000ns - sys_clk_pin rise@0.000ns)
  Data Path Delay:        10.100ns  (logic 4.245ns (42.030%)  route 5.855ns (57.970%))
  Logic Levels:           16  (CARRY4=6 LUT3=2 LUT4=1 LUT5=2 LUT6=5)
  Clock Path Skew:        -0.036ns (DCD - SCD + CPR)
    Destination Clock Delay (DCD):    4.779ns = ( 14.779 - 10.000 ) 
    Source Clock Delay      (SCD):    5.073ns
    Clock Pessimism Removal (CPR):    0.258ns
  Clock Uncertainty:      0.035ns  ((TSJ^2 + TIJ^2)^1/2 + DJ) / 2 + PE
    Total System Jitter     (TSJ):    0.071ns
    Total Input Jitter      (TIJ):    0.000ns
    Discrete Jitter          (DJ):    0.000ns
    Phase Error              (PE):    0.000ns

    Location             Delay type                Incr(ns)  Path(ns)    Netlist Resource(s)
  -------------------------------------------------------------------    -------------------
                         (clock sys_clk_pin rise edge)
                                                      0.000     0.000 r  
    W5                                                0.000     0.000 r  clk (IN)
                         net (fo=0)                   0.000     0.000    clk
    W5                   IBUF (Prop_ibuf_I_O)         1.458     1.458 r  clk_IBUF_inst/O
                         net (fo=1, routed)           1.967     3.425    clk_IBUF
    BUFGCTRL_X0Y0        BUFG (Prop_bufg_I_O)         0.096     3.521 r  clk_IBUF_BUFG_inst/O
                         net (fo=658, routed)         1.552     5.073    u_uart_cmd_parser/clk
    SLICE_X57Y84         FDCE                                         r  u_uart_cmd_parser/parsed_time_reg[2]_replica_1/C
  -------------------------------------------------------------------    -------------------
    SLICE_X57Y84         FDCE (Prop_fdce_C_Q)         0.456     5.529 r  u_uart_cmd_parser/parsed_time_reg[2]_replica_1/Q
                         net (fo=3, routed)           0.603     6.132    u_uart_cmd_parser/w_parsed_time[2]_repN_1
    SLICE_X56Y83         LUT3 (Prop_lut3_I0_O)        0.124     6.256 r  u_uart_cmd_parser/r_data_tx[0]_i_41/O
                         net (fo=2, routed)           0.174     6.430    u_uart_cmd_parser/r_data_tx[0]_i_41_n_0
    SLICE_X56Y83         LUT5 (Prop_lut5_I1_O)        0.124     6.554 r  u_uart_cmd_parser/r_data_tx[0]_i_21/O
                         net (fo=4, routed)           0.813     7.367    u_uart_cmd_parser/r_data_tx[0]_i_21_n_0
    SLICE_X56Y86         LUT6 (Prop_lut6_I0_O)        0.124     7.491 r  u_uart_cmd_parser/r_data_tx[0]_i_25/O
                         net (fo=1, routed)           0.000     7.491    u_uart_cmd_parser/r_data_tx[0]_i_25_n_0
    SLICE_X56Y86         CARRY4 (Prop_carry4_S[1]_CO[3])
                                                      0.533     8.024 r  u_uart_cmd_parser/r_data_tx_reg[0]_i_5/CO[3]
                         net (fo=1, routed)           0.000     8.024    u_uart_cmd_parser/r_data_tx_reg[0]_i_5_n_0
    SLICE_X56Y87         CARRY4 (Prop_carry4_CI_O[2])
                                                      0.239     8.263 r  u_uart_cmd_parser/r_data_tx_reg[0]_i_2/O[2]
                         net (fo=18, routed)          0.831     9.094    u_uart_cmd_parser/parsed_time_reg[9]_0[0]
    SLICE_X55Y89         LUT3 (Prop_lut3_I0_O)        0.301     9.395 r  u_uart_cmd_parser/r_data_tx[2]_i_43/O
                         net (fo=1, routed)           0.336     9.731    u_uart_cmd_parser/r_data_tx[2]_i_43_n_0
    SLICE_X57Y88         CARRY4 (Prop_carry4_DI[3]_CO[3])
                                                      0.385    10.116 r  u_uart_cmd_parser/r_data_tx_reg[2]_i_26/CO[3]
                         net (fo=1, routed)           0.000    10.116    u_uart_cmd_parser/r_data_tx_reg[2]_i_26_n_0
    SLICE_X57Y89         CARRY4 (Prop_carry4_CI_O[0])
                                                      0.222    10.338 r  u_uart_cmd_parser/r_data_tx_reg[2]_i_15/O[0]
                         net (fo=3, routed)           0.728    11.066    u_uart_cmd_parser/r_data_tx_reg[2]_i_15_n_7
    SLICE_X57Y86         LUT4 (Prop_lut4_I1_O)        0.299    11.365 r  u_uart_cmd_parser/r_data_tx[2]_i_22/O
                         net (fo=1, routed)           0.000    11.365    u_uart_cmd_parser/r_data_tx[2]_i_22_n_0
    SLICE_X57Y86         CARRY4 (Prop_carry4_S[3]_CO[3])
                                                      0.401    11.766 r  u_uart_cmd_parser/r_data_tx_reg[2]_i_8/CO[3]
                         net (fo=1, routed)           0.000    11.766    u_uart_cmd_parser/r_data_tx_reg[2]_i_8_n_0
    SLICE_X57Y87         CARRY4 (Prop_carry4_CI_CO[2])
                                                      0.228    11.994 r  u_uart_cmd_parser/r_data_tx_reg[2]_i_6/CO[2]
                         net (fo=6, routed)           0.573    12.566    u_uart_cmd_parser/r_data_tx_reg[2]_i_6_n_1
    SLICE_X59Y86         LUT6 (Prop_lut6_I3_O)        0.313    12.879 r  u_uart_cmd_parser/r_data_tx[5]_i_4/O
                         net (fo=5, routed)           0.331    13.210    u_uart_cmd_parser/r_data_tx[5]_i_4_n_0
    SLICE_X59Y87         LUT6 (Prop_lut6_I5_O)        0.124    13.334 r  u_uart_cmd_parser/r_data_tx[5]_i_2/O
                         net (fo=4, routed)           0.850    14.184    u_uart_cmd_parser/parsed_time_reg[13]_3
    SLICE_X55Y87         LUT6 (Prop_lut6_I3_O)        0.124    14.308 r  u_uart_cmd_parser/r_data_tx[4]_i_2/O
                         net (fo=4, routed)           0.455    14.763    u_uart_cmd_parser/parsed_time_reg[13]_1
    SLICE_X54Y87         LUT6 (Prop_lut6_I0_O)        0.124    14.887 f  u_uart_cmd_parser/r_data_tx[3]_i_3/O
                         net (fo=1, routed)           0.162    15.049    u_DS1302/r_data_tx_reg[3]_0
    SLICE_X54Y87         LUT5 (Prop_lut5_I4_O)        0.124    15.173 r  u_DS1302/r_data_tx[3]_i_1/O
                         net (fo=1, routed)           0.000    15.173    u_DS1302/r_data_tx[3]_i_1_n_0
    SLICE_X54Y87         FDRE                                         r  u_DS1302/r_data_tx_reg[3]/D
  -------------------------------------------------------------------    -------------------

                         (clock sys_clk_pin rise edge)
                                                     10.000    10.000 r  
    W5                                                0.000    10.000 r  clk (IN)
                         net (fo=0)                   0.000    10.000    clk
    W5                   IBUF (Prop_ibuf_I_O)         1.388    11.388 r  clk_IBUF_inst/O
                         net (fo=1, routed)           1.862    13.250    clk_IBUF
    BUFGCTRL_X0Y0        BUFG (Prop_bufg_I_O)         0.091    13.341 r  clk_IBUF_BUFG_inst/O
                         net (fo=658, routed)         1.438    14.779    u_DS1302/clk_IBUF_BUFG
    SLICE_X54Y87         FDRE                                         r  u_DS1302/r_data_tx_reg[3]/C
                         clock pessimism              0.258    15.037    
                         clock uncertainty           -0.035    15.002    
    SLICE_X54Y87         FDRE (Setup_fdre_C_D)        0.081    15.083    u_DS1302/r_data_tx_reg[3]
  -------------------------------------------------------------------
                         required time                         15.083    
                         arrival time                         -15.173    
  -------------------------------------------------------------------
                         slack                                 -0.090    

Slack (MET) :             0.023ns  (required time - arrival time)
  Source:                 u_uart_cmd_parser/parsed_time_reg[2]_replica_1/C
                            (rising edge-triggered cell FDCE clocked by sys_clk_pin  {rise@0.000ns fall@5.000ns period=10.000ns})
  Destination:            u_DS1302/r_data_tx_reg[2]/D
                            (rising edge-triggered cell FDRE clocked by sys_clk_pin  {rise@0.000ns fall@5.000ns period=10.000ns})
  Path Group:             sys_clk_pin
  Path Type:              Setup (Max at Slow Process Corner)
  Requirement:            10.000ns  (sys_clk_pin rise@10.000ns - sys_clk_pin rise@0.000ns)
  Data Path Delay:        9.936ns  (logic 4.121ns (41.474%)  route 5.815ns (58.526%))
  Logic Levels:           15  (CARRY4=6 LUT3=2 LUT4=1 LUT5=1 LUT6=5)
  Clock Path Skew:        -0.037ns (DCD - SCD + CPR)
    Destination Clock Delay (DCD):    4.778ns = ( 14.778 - 10.000 ) 
    Source Clock Delay      (SCD):    5.073ns
    Clock Pessimism Removal (CPR):    0.258ns
  Clock Uncertainty:      0.035ns  ((TSJ^2 + TIJ^2)^1/2 + DJ) / 2 + PE
    Total System Jitter     (TSJ):    0.071ns
    Total Input Jitter      (TIJ):    0.000ns
    Discrete Jitter          (DJ):    0.000ns
    Phase Error              (PE):    0.000ns

    Location             Delay type                Incr(ns)  Path(ns)    Netlist Resource(s)
  -------------------------------------------------------------------    -------------------
                         (clock sys_clk_pin rise edge)
                                                      0.000     0.000 r  
    W5                                                0.000     0.000 r  clk (IN)
                         net (fo=0)                   0.000     0.000    clk
    W5                   IBUF (Prop_ibuf_I_O)         1.458     1.458 r  clk_IBUF_inst/O
                         net (fo=1, routed)           1.967     3.425    clk_IBUF
    BUFGCTRL_X0Y0        BUFG (Prop_bufg_I_O)         0.096     3.521 r  clk_IBUF_BUFG_inst/O
                         net (fo=658, routed)         1.552     5.073    u_uart_cmd_parser/clk
    SLICE_X57Y84         FDCE                                         r  u_uart_cmd_parser/parsed_time_reg[2]_replica_1/C
  -------------------------------------------------------------------    -------------------
    SLICE_X57Y84         FDCE (Prop_fdce_C_Q)         0.456     5.529 r  u_uart_cmd_parser/parsed_time_reg[2]_replica_1/Q
                         net (fo=3, routed)           0.603     6.132    u_uart_cmd_parser/w_parsed_time[2]_repN_1
    SLICE_X56Y83         LUT3 (Prop_lut3_I0_O)        0.124     6.256 r  u_uart_cmd_parser/r_data_tx[0]_i_41/O
                         net (fo=2, routed)           0.174     6.430    u_uart_cmd_parser/r_data_tx[0]_i_41_n_0
    SLICE_X56Y83         LUT5 (Prop_lut5_I1_O)        0.124     6.554 r  u_uart_cmd_parser/r_data_tx[0]_i_21/O
                         net (fo=4, routed)           0.813     7.367    u_uart_cmd_parser/r_data_tx[0]_i_21_n_0
    SLICE_X56Y86         LUT6 (Prop_lut6_I0_O)        0.124     7.491 r  u_uart_cmd_parser/r_data_tx[0]_i_25/O
                         net (fo=1, routed)           0.000     7.491    u_uart_cmd_parser/r_data_tx[0]_i_25_n_0
    SLICE_X56Y86         CARRY4 (Prop_carry4_S[1]_CO[3])
                                                      0.533     8.024 r  u_uart_cmd_parser/r_data_tx_reg[0]_i_5/CO[3]
                         net (fo=1, routed)           0.000     8.024    u_uart_cmd_parser/r_data_tx_reg[0]_i_5_n_0
    SLICE_X56Y87         CARRY4 (Prop_carry4_CI_O[2])
                                                      0.239     8.263 r  u_uart_cmd_parser/r_data_tx_reg[0]_i_2/O[2]
                         net (fo=18, routed)          0.831     9.094    u_uart_cmd_parser/parsed_time_reg[9]_0[0]
    SLICE_X55Y89         LUT3 (Prop_lut3_I0_O)        0.301     9.395 r  u_uart_cmd_parser/r_data_tx[2]_i_43/O
                         net (fo=1, routed)           0.336     9.731    u_uart_cmd_parser/r_data_tx[2]_i_43_n_0
    SLICE_X57Y88         CARRY4 (Prop_carry4_DI[3]_CO[3])
                                                      0.385    10.116 r  u_uart_cmd_parser/r_data_tx_reg[2]_i_26/CO[3]
                         net (fo=1, routed)           0.000    10.116    u_uart_cmd_parser/r_data_tx_reg[2]_i_26_n_0
    SLICE_X57Y89         CARRY4 (Prop_carry4_CI_O[0])
                                                      0.222    10.338 r  u_uart_cmd_parser/r_data_tx_reg[2]_i_15/O[0]
                         net (fo=3, routed)           0.728    11.066    u_uart_cmd_parser/r_data_tx_reg[2]_i_15_n_7
    SLICE_X57Y86         LUT4 (Prop_lut4_I1_O)        0.299    11.365 r  u_uart_cmd_parser/r_data_tx[2]_i_22/O
                         net (fo=1, routed)           0.000    11.365    u_uart_cmd_parser/r_data_tx[2]_i_22_n_0
    SLICE_X57Y86         CARRY4 (Prop_carry4_S[3]_CO[3])
                                                      0.401    11.766 r  u_uart_cmd_parser/r_data_tx_reg[2]_i_8/CO[3]
                         net (fo=1, routed)           0.000    11.766    u_uart_cmd_parser/r_data_tx_reg[2]_i_8_n_0
    SLICE_X57Y87         CARRY4 (Prop_carry4_CI_CO[2])
                                                      0.228    11.994 r  u_uart_cmd_parser/r_data_tx_reg[2]_i_6/CO[2]
                         net (fo=6, routed)           0.573    12.566    u_uart_cmd_parser/r_data_tx_reg[2]_i_6_n_1
    SLICE_X59Y86         LUT6 (Prop_lut6_I3_O)        0.313    12.879 r  u_uart_cmd_parser/r_data_tx[5]_i_4/O
                         net (fo=5, routed)           0.331    13.210    u_uart_cmd_parser/r_data_tx[5]_i_4_n_0
    SLICE_X59Y87         LUT6 (Prop_lut6_I5_O)        0.124    13.334 r  u_uart_cmd_parser/r_data_tx[5]_i_2/O
                         net (fo=4, routed)           0.850    14.184    u_uart_cmd_parser/parsed_time_reg[13]_3
    SLICE_X55Y87         LUT6 (Prop_lut6_I3_O)        0.124    14.308 r  u_uart_cmd_parser/r_data_tx[4]_i_2/O
                         net (fo=4, routed)           0.577    14.885    u_DS1302/r_data_tx_reg[2]_0
    SLICE_X53Y86         LUT6 (Prop_lut6_I3_O)        0.124    15.009 r  u_DS1302/r_data_tx[2]_i_2/O
                         net (fo=1, routed)           0.000    15.009    u_DS1302/r_data_tx[2]_i_2_n_0
    SLICE_X53Y86         FDRE                                         r  u_DS1302/r_data_tx_reg[2]/D
  -------------------------------------------------------------------    -------------------

                         (clock sys_clk_pin rise edge)
                                                     10.000    10.000 r  
    W5                                                0.000    10.000 r  clk (IN)
                         net (fo=0)                   0.000    10.000    clk
    W5                   IBUF (Prop_ibuf_I_O)         1.388    11.388 r  clk_IBUF_inst/O
                         net (fo=1, routed)           1.862    13.250    clk_IBUF
    BUFGCTRL_X0Y0        BUFG (Prop_bufg_I_O)         0.091    13.341 r  clk_IBUF_BUFG_inst/O
                         net (fo=658, routed)         1.437    14.778    u_DS1302/clk_IBUF_BUFG
    SLICE_X53Y86         FDRE                                         r  u_DS1302/r_data_tx_reg[2]/C
                         clock pessimism              0.258    15.036    
                         clock uncertainty           -0.035    15.001    
    SLICE_X53Y86         FDRE (Setup_fdre_C_D)        0.032    15.033    u_DS1302/r_data_tx_reg[2]
  -------------------------------------------------------------------
                         required time                         15.033    
                         arrival time                         -15.009    
  -------------------------------------------------------------------
                         slack                                  0.023    

Slack (MET) :             0.157ns  (required time - arrival time)
  Source:                 u_uart_controller/u_data_sender/tx_alarm_time_reg[4]/C
                            (rising edge-triggered cell FDCE clocked by sys_clk_pin  {rise@0.000ns fall@5.000ns period=10.000ns})
  Destination:            u_uart_controller/u_uart_tx/r_data_reg_reg[1]/D
                            (rising edge-triggered cell FDCE clocked by sys_clk_pin  {rise@0.000ns fall@5.000ns period=10.000ns})
  Path Group:             sys_clk_pin
  Path Type:              Setup (Max at Slow Process Corner)
  Requirement:            10.000ns  (sys_clk_pin rise@10.000ns - sys_clk_pin rise@0.000ns)
  Data Path Delay:        9.796ns  (logic 4.225ns (43.129%)  route 5.571ns (56.871%))
  Logic Levels:           14  (CARRY4=6 LUT3=1 LUT4=2 LUT5=1 LUT6=3 MUXF7=1)
  Clock Path Skew:        -0.043ns (DCD - SCD + CPR)
    Destination Clock Delay (DCD):    4.778ns = ( 14.778 - 10.000 ) 
    Source Clock Delay      (SCD):    5.079ns
    Clock Pessimism Removal (CPR):    0.258ns
  Clock Uncertainty:      0.035ns  ((TSJ^2 + TIJ^2)^1/2 + DJ) / 2 + PE
    Total System Jitter     (TSJ):    0.071ns
    Total Input Jitter      (TIJ):    0.000ns
    Discrete Jitter          (DJ):    0.000ns
    Phase Error              (PE):    0.000ns

    Location             Delay type                Incr(ns)  Path(ns)    Netlist Resource(s)
  -------------------------------------------------------------------    -------------------
                         (clock sys_clk_pin rise edge)
                                                      0.000     0.000 r  
    W5                                                0.000     0.000 r  clk (IN)
                         net (fo=0)                   0.000     0.000    clk
    W5                   IBUF (Prop_ibuf_I_O)         1.458     1.458 r  clk_IBUF_inst/O
                         net (fo=1, routed)           1.967     3.425    clk_IBUF
    BUFGCTRL_X0Y0        BUFG (Prop_bufg_I_O)         0.096     3.521 r  clk_IBUF_BUFG_inst/O
                         net (fo=658, routed)         1.558     5.079    u_uart_controller/u_data_sender/clk
    SLICE_X51Y92         FDCE                                         r  u_uart_controller/u_data_sender/tx_alarm_time_reg[4]/C
  -------------------------------------------------------------------    -------------------
    SLICE_X51Y92         FDCE (Prop_fdce_C_Q)         0.456     5.535 r  u_uart_controller/u_data_sender/tx_alarm_time_reg[4]/Q
                         net (fo=27, routed)          0.904     6.439    u_uart_controller/u_data_sender/tx_alarm_time_reg[13]_1[4]
    SLICE_X50Y91         LUT5 (Prop_lut5_I1_O)        0.124     6.563 r  u_uart_controller/u_data_sender/at_h_carry__1_i_10/O
                         net (fo=3, routed)           0.634     7.197    u_uart_controller/u_data_sender/at_h_carry__1_i_10_n_0
    SLICE_X51Y91         LUT4 (Prop_lut4_I3_O)        0.124     7.321 r  u_uart_controller/u_data_sender/at_h_carry__1_i_1/O
                         net (fo=2, routed)           0.489     7.810    u_uart_controller/u_uart_tx/DI[3]
    SLICE_X52Y91         CARRY4 (Prop_carry4_DI[3]_CO[3])
                                                      0.396     8.206 r  u_uart_controller/u_uart_tx/at_h_carry__1/CO[3]
                         net (fo=1, routed)           0.000     8.206    u_uart_controller/u_uart_tx/at_h_carry__1_n_0
    SLICE_X52Y92         CARRY4 (Prop_carry4_CI_CO[3])
                                                      0.117     8.323 r  u_uart_controller/u_uart_tx/at_h_carry__2/CO[3]
                         net (fo=1, routed)           0.000     8.323    u_uart_controller/u_uart_tx/at_h_carry__2_n_0
    SLICE_X52Y93         CARRY4 (Prop_carry4_CI_CO[3])
                                                      0.117     8.440 r  u_uart_controller/u_uart_tx/at_h_carry__3/CO[3]
                         net (fo=1, routed)           0.000     8.440    u_uart_controller/u_uart_tx/at_h_carry__3_n_0
    SLICE_X52Y94         CARRY4 (Prop_carry4_CI_O[0])
                                                      0.219     8.659 r  u_uart_controller/u_uart_tx/at_h_carry__4/O[0]
                         net (fo=7, routed)           0.705     9.365    u_uart_controller/u_uart_tx/tx_alarm_time_reg[13][0]
    SLICE_X48Y94         LUT3 (Prop_lut3_I0_O)        0.295     9.660 r  u_uart_controller/u_uart_tx/at_h__30_carry__0_i_4/O
                         net (fo=1, routed)           0.471    10.130    u_uart_controller/u_uart_tx/at_h__30_carry__0_i_4_n_0
    SLICE_X49Y94         CARRY4 (Prop_carry4_DI[0]_O[2])
                                                      0.556    10.686 r  u_uart_controller/u_uart_tx/at_h__30_carry__0/O[2]
                         net (fo=3, routed)           0.613    11.300    u_uart_controller/u_data_sender/at_h__54_carry__1[2]
    SLICE_X50Y94         LUT4 (Prop_lut4_I1_O)        0.302    11.602 r  u_uart_controller/u_data_sender/at_h__54_carry__1_i_5/O
                         net (fo=1, routed)           0.000    11.602    u_uart_controller/u_uart_tx/r_data_reg[1]_i_23_0[1]
    SLICE_X50Y94         CARRY4 (Prop_carry4_S[1]_CO[2])
                                                      0.574    12.176 r  u_uart_controller/u_uart_tx/at_h__54_carry__1/CO[2]
                         net (fo=6, routed)           0.485    12.661    u_uart_controller/u_uart_tx/at_h__54_carry__1_n_1
    SLICE_X50Y95         LUT6 (Prop_lut6_I4_O)        0.310    12.971 r  u_uart_controller/u_uart_tx/r_data_reg[1]_i_23/O
                         net (fo=1, routed)           0.672    13.643    u_uart_controller/u_uart_tx/r_data_reg[1]_i_23_n_0
    SLICE_X43Y95         LUT6 (Prop_lut6_I2_O)        0.124    13.767 r  u_uart_controller/u_uart_tx/r_data_reg[1]_i_11/O
                         net (fo=1, routed)           0.000    13.767    u_uart_controller/u_uart_tx/r_data_reg[1]_i_11_n_0
    SLICE_X43Y95         MUXF7 (Prop_muxf7_I0_O)      0.212    13.979 r  u_uart_controller/u_uart_tx/r_data_reg_reg[1]_i_5/O
                         net (fo=1, routed)           0.597    14.576    u_uart_controller/u_uart_tx/r_data_reg_reg[1]_i_5_n_0
    SLICE_X43Y94         LUT6 (Prop_lut6_I5_O)        0.299    14.875 r  u_uart_controller/u_uart_tx/r_data_reg[1]_i_1/O
                         net (fo=1, routed)           0.000    14.875    u_uart_controller/u_uart_tx/w_current_char[1]
    SLICE_X43Y94         FDCE                                         r  u_uart_controller/u_uart_tx/r_data_reg_reg[1]/D
  -------------------------------------------------------------------    -------------------

                         (clock sys_clk_pin rise edge)
                                                     10.000    10.000 r  
    W5                                                0.000    10.000 r  clk (IN)
                         net (fo=0)                   0.000    10.000    clk
    W5                   IBUF (Prop_ibuf_I_O)         1.388    11.388 r  clk_IBUF_inst/O
                         net (fo=1, routed)           1.862    13.250    clk_IBUF
    BUFGCTRL_X0Y0        BUFG (Prop_bufg_I_O)         0.091    13.341 r  clk_IBUF_BUFG_inst/O
                         net (fo=658, routed)         1.437    14.778    u_uart_controller/u_uart_tx/clk
    SLICE_X43Y94         FDCE                                         r  u_uart_controller/u_uart_tx/r_data_reg_reg[1]/C
                         clock pessimism              0.258    15.036    
                         clock uncertainty           -0.035    15.001    
    SLICE_X43Y94         FDCE (Setup_fdce_C_D)        0.031    15.032    u_uart_controller/u_uart_tx/r_data_reg_reg[1]
  -------------------------------------------------------------------
                         required time                         15.032    
                         arrival time                         -14.875    
  -------------------------------------------------------------------
                         slack                                  0.157    

Slack (MET) :             0.172ns  (required time - arrival time)
  Source:                 u_uart_controller/u_data_sender/tx_alarm_time_reg[11]/C
                            (rising edge-triggered cell FDCE clocked by sys_clk_pin  {rise@0.000ns fall@5.000ns period=10.000ns})
  Destination:            u_uart_controller/u_uart_tx/r_data_reg_reg[3]/D
                            (rising edge-triggered cell FDCE clocked by sys_clk_pin  {rise@0.000ns fall@5.000ns period=10.000ns})
  Path Group:             sys_clk_pin
  Path Type:              Setup (Max at Slow Process Corner)
  Requirement:            10.000ns  (sys_clk_pin rise@10.000ns - sys_clk_pin rise@0.000ns)
  Data Path Delay:        9.780ns  (logic 4.532ns (46.341%)  route 5.248ns (53.659%))
  Logic Levels:           14  (CARRY4=4 LUT2=1 LUT3=1 LUT4=1 LUT5=1 LUT6=4 MUXF7=2)
  Clock Path Skew:        -0.044ns (DCD - SCD + CPR)
    Destination Clock Delay (DCD):    4.778ns = ( 14.778 - 10.000 ) 
    Source Clock Delay      (SCD):    5.080ns
    Clock Pessimism Removal (CPR):    0.258ns
  Clock Uncertainty:      0.035ns  ((TSJ^2 + TIJ^2)^1/2 + DJ) / 2 + PE
    Total System Jitter     (TSJ):    0.071ns
    Total Input Jitter      (TIJ):    0.000ns
    Discrete Jitter          (DJ):    0.000ns
    Phase Error              (PE):    0.000ns

    Location             Delay type                Incr(ns)  Path(ns)    Netlist Resource(s)
  -------------------------------------------------------------------    -------------------
                         (clock sys_clk_pin rise edge)
                                                      0.000     0.000 r  
    W5                                                0.000     0.000 r  clk (IN)
                         net (fo=0)                   0.000     0.000    clk
    W5                   IBUF (Prop_ibuf_I_O)         1.458     1.458 r  clk_IBUF_inst/O
                         net (fo=1, routed)           1.967     3.425    clk_IBUF
    BUFGCTRL_X0Y0        BUFG (Prop_bufg_I_O)         0.096     3.521 r  clk_IBUF_BUFG_inst/O
                         net (fo=658, routed)         1.559     5.080    u_uart_controller/u_data_sender/clk
    SLICE_X52Y93         FDCE                                         r  u_uart_controller/u_data_sender/tx_alarm_time_reg[11]/C
  -------------------------------------------------------------------    -------------------
    SLICE_X52Y93         FDCE (Prop_fdce_C_Q)         0.518     5.598 f  u_uart_controller/u_data_sender/tx_alarm_time_reg[11]/Q
                         net (fo=27, routed)          0.977     6.574    u_uart_controller/u_data_sender/tx_alarm_time_reg[13]_1[11]
    SLICE_X51Y94         LUT3 (Prop_lut3_I0_O)        0.124     6.698 r  u_uart_controller/u_data_sender/at_h_carry__2_i_10/O
                         net (fo=1, routed)           0.263     6.961    u_uart_controller/u_data_sender/at_h_carry__2_i_10_n_0
    SLICE_X51Y94         LUT5 (Prop_lut5_I3_O)        0.124     7.085 r  u_uart_controller/u_data_sender/at_h_carry__2_i_3/O
                         net (fo=4, routed)           0.693     7.778    u_uart_controller/u_data_sender/tx_alarm_time_reg[12]_0[1]
    SLICE_X53Y92         LUT6 (Prop_lut6_I0_O)        0.124     7.902 r  u_uart_controller/u_data_sender/at_m_carry__2_i_3/O
                         net (fo=1, routed)           0.000     7.902    u_uart_controller/u_uart_tx/at_m__31_carry_i_2_0[1]
    SLICE_X53Y92         CARRY4 (Prop_carry4_S[1]_CO[3])
                                                      0.550     8.452 r  u_uart_controller/u_uart_tx/at_m_carry__2/CO[3]
                         net (fo=1, routed)           0.000     8.452    u_uart_controller/u_uart_tx/at_m_carry__2_n_0
    SLICE_X53Y93         CARRY4 (Prop_carry4_CI_O[1])
                                                      0.334     8.786 r  u_uart_controller/u_uart_tx/at_m_carry__3/O[1]
                         net (fo=3, routed)           0.843     9.629    u_uart_controller/u_uart_tx/at_m_carry__3_n_6
    SLICE_X54Y93         LUT4 (Prop_lut4_I1_O)        0.303     9.932 r  u_uart_controller/u_uart_tx/at_m__25_carry_i_3/O
                         net (fo=1, routed)           0.000     9.932    u_uart_controller/u_uart_tx/at_m__25_carry_i_3_n_0
    SLICE_X54Y93         CARRY4 (Prop_carry4_S[1]_O[2])
                                                      0.578    10.510 r  u_uart_controller/u_uart_tx/at_m__25_carry/O[2]
                         net (fo=1, routed)           0.469    10.979    u_uart_controller/u_uart_tx/at_m__25_carry_n_5
    SLICE_X53Y95         LUT2 (Prop_lut2_I0_O)        0.301    11.280 r  u_uart_controller/u_uart_tx/at_m__31_carry__0_i_1/O
                         net (fo=1, routed)           0.000    11.280    u_uart_controller/u_uart_tx/at_m__31_carry__0_i_1_n_0
    SLICE_X53Y95         CARRY4 (Prop_carry4_S[3]_O[3])
                                                      0.248    11.528 r  u_uart_controller/u_uart_tx/at_m__31_carry__0/O[3]
                         net (fo=9, routed)           0.701    12.229    u_uart_controller/u_uart_tx/at_m__31_carry__0_n_4
    SLICE_X52Y95         LUT6 (Prop_lut6_I4_O)        0.306    12.535 r  u_uart_controller/u_uart_tx/r_data_reg[3]_i_34/O
                         net (fo=1, routed)           0.000    12.535    u_uart_controller/u_uart_tx/r_data_reg[3]_i_34_n_0
    SLICE_X52Y95         MUXF7 (Prop_muxf7_I0_O)      0.209    12.744 r  u_uart_controller/u_uart_tx/r_data_reg_reg[3]_i_22/O
                         net (fo=1, routed)           0.861    13.606    u_uart_controller/u_uart_tx/r_data_reg_reg[3]_i_22_n_0
    SLICE_X40Y93         LUT6 (Prop_lut6_I3_O)        0.297    13.903 r  u_uart_controller/u_uart_tx/r_data_reg[3]_i_12/O
                         net (fo=1, routed)           0.000    13.903    u_uart_controller/u_uart_tx/r_data_reg[3]_i_12_n_0
    SLICE_X40Y93         MUXF7 (Prop_muxf7_I1_O)      0.217    14.120 r  u_uart_controller/u_uart_tx/r_data_reg_reg[3]_i_5/O
                         net (fo=1, routed)           0.441    14.560    u_uart_controller/u_uart_tx/r_data_reg_reg[3]_i_5_n_0
    SLICE_X40Y93         LUT6 (Prop_lut6_I5_O)        0.299    14.859 r  u_uart_controller/u_uart_tx/r_data_reg[3]_i_1/O
                         net (fo=1, routed)           0.000    14.859    u_uart_controller/u_uart_tx/w_current_char[3]
    SLICE_X40Y93         FDCE                                         r  u_uart_controller/u_uart_tx/r_data_reg_reg[3]/D
  -------------------------------------------------------------------    -------------------

                         (clock sys_clk_pin rise edge)
                                                     10.000    10.000 r  
    W5                                                0.000    10.000 r  clk (IN)
                         net (fo=0)                   0.000    10.000    clk
    W5                   IBUF (Prop_ibuf_I_O)         1.388    11.388 r  clk_IBUF_inst/O
                         net (fo=1, routed)           1.862    13.250    clk_IBUF
    BUFGCTRL_X0Y0        BUFG (Prop_bufg_I_O)         0.091    13.341 r  clk_IBUF_BUFG_inst/O
                         net (fo=658, routed)         1.437    14.778    u_uart_controller/u_uart_tx/clk
    SLICE_X40Y93         FDCE                                         r  u_uart_controller/u_uart_tx/r_data_reg_reg[3]/C
                         clock pessimism              0.258    15.036    
                         clock uncertainty           -0.035    15.001    
    SLICE_X40Y93         FDCE (Setup_fdce_C_D)        0.031    15.032    u_uart_controller/u_uart_tx/r_data_reg_reg[3]
  -------------------------------------------------------------------
                         required time                         15.032    
                         arrival time                         -14.859    
  -------------------------------------------------------------------
                         slack                                  0.172    

Slack (MET) :             0.250ns  (required time - arrival time)
  Source:                 u_uart_controller/u_data_sender/tx_alarm_time_reg[4]/C
                            (rising edge-triggered cell FDCE clocked by sys_clk_pin  {rise@0.000ns fall@5.000ns period=10.000ns})
  Destination:            u_uart_controller/u_uart_tx/r_data_reg_reg[0]/D
                            (rising edge-triggered cell FDCE clocked by sys_clk_pin  {rise@0.000ns fall@5.000ns period=10.000ns})
  Path Group:             sys_clk_pin
  Path Type:              Setup (Max at Slow Process Corner)
  Requirement:            10.000ns  (sys_clk_pin rise@10.000ns - sys_clk_pin rise@0.000ns)
  Data Path Delay:        9.736ns  (logic 4.470ns (45.910%)  route 5.266ns (54.090%))
  Logic Levels:           15  (CARRY4=6 LUT3=1 LUT4=2 LUT5=2 LUT6=2 MUXF7=2)
  Clock Path Skew:        -0.042ns (DCD - SCD + CPR)
    Destination Clock Delay (DCD):    4.779ns = ( 14.779 - 10.000 ) 
    Source Clock Delay      (SCD):    5.079ns
    Clock Pessimism Removal (CPR):    0.258ns
  Clock Uncertainty:      0.035ns  ((TSJ^2 + TIJ^2)^1/2 + DJ) / 2 + PE
    Total System Jitter     (TSJ):    0.071ns
    Total Input Jitter      (TIJ):    0.000ns
    Discrete Jitter          (DJ):    0.000ns
    Phase Error              (PE):    0.000ns

    Location             Delay type                Incr(ns)  Path(ns)    Netlist Resource(s)
  -------------------------------------------------------------------    -------------------
                         (clock sys_clk_pin rise edge)
                                                      0.000     0.000 r  
    W5                                                0.000     0.000 r  clk (IN)
                         net (fo=0)                   0.000     0.000    clk
    W5                   IBUF (Prop_ibuf_I_O)         1.458     1.458 r  clk_IBUF_inst/O
                         net (fo=1, routed)           1.967     3.425    clk_IBUF
    BUFGCTRL_X0Y0        BUFG (Prop_bufg_I_O)         0.096     3.521 r  clk_IBUF_BUFG_inst/O
                         net (fo=658, routed)         1.558     5.079    u_uart_controller/u_data_sender/clk
    SLICE_X51Y92         FDCE                                         r  u_uart_controller/u_data_sender/tx_alarm_time_reg[4]/C
  -------------------------------------------------------------------    -------------------
    SLICE_X51Y92         FDCE (Prop_fdce_C_Q)         0.456     5.535 r  u_uart_controller/u_data_sender/tx_alarm_time_reg[4]/Q
                         net (fo=27, routed)          0.904     6.439    u_uart_controller/u_data_sender/tx_alarm_time_reg[13]_1[4]
    SLICE_X50Y91         LUT5 (Prop_lut5_I1_O)        0.124     6.563 r  u_uart_controller/u_data_sender/at_h_carry__1_i_10/O
                         net (fo=3, routed)           0.634     7.197    u_uart_controller/u_data_sender/at_h_carry__1_i_10_n_0
    SLICE_X51Y91         LUT4 (Prop_lut4_I3_O)        0.124     7.321 r  u_uart_controller/u_data_sender/at_h_carry__1_i_1/O
                         net (fo=2, routed)           0.489     7.810    u_uart_controller/u_uart_tx/DI[3]
    SLICE_X52Y91         CARRY4 (Prop_carry4_DI[3]_CO[3])
                                                      0.396     8.206 r  u_uart_controller/u_uart_tx/at_h_carry__1/CO[3]
                         net (fo=1, routed)           0.000     8.206    u_uart_controller/u_uart_tx/at_h_carry__1_n_0
    SLICE_X52Y92         CARRY4 (Prop_carry4_CI_CO[3])
                                                      0.117     8.323 r  u_uart_controller/u_uart_tx/at_h_carry__2/CO[3]
                         net (fo=1, routed)           0.000     8.323    u_uart_controller/u_uart_tx/at_h_carry__2_n_0
    SLICE_X52Y93         CARRY4 (Prop_carry4_CI_CO[3])
                                                      0.117     8.440 r  u_uart_controller/u_uart_tx/at_h_carry__3/CO[3]
                         net (fo=1, routed)           0.000     8.440    u_uart_controller/u_uart_tx/at_h_carry__3_n_0
    SLICE_X52Y94         CARRY4 (Prop_carry4_CI_O[0])
                                                      0.219     8.659 r  u_uart_controller/u_uart_tx/at_h_carry__4/O[0]
                         net (fo=7, routed)           0.705     9.365    u_uart_controller/u_uart_tx/tx_alarm_time_reg[13][0]
    SLICE_X48Y94         LUT3 (Prop_lut3_I0_O)        0.295     9.660 r  u_uart_controller/u_uart_tx/at_h__30_carry__0_i_4/O
                         net (fo=1, routed)           0.471    10.130    u_uart_controller/u_uart_tx/at_h__30_carry__0_i_4_n_0
    SLICE_X49Y94         CARRY4 (Prop_carry4_DI[0]_O[2])
                                                      0.556    10.686 r  u_uart_controller/u_uart_tx/at_h__30_carry__0/O[2]
                         net (fo=3, routed)           0.613    11.300    u_uart_controller/u_data_sender/at_h__54_carry__1[2]
    SLICE_X50Y94         LUT4 (Prop_lut4_I1_O)        0.302    11.602 r  u_uart_controller/u_data_sender/at_h__54_carry__1_i_5/O
                         net (fo=1, routed)           0.000    11.602    u_uart_controller/u_uart_tx/r_data_reg[1]_i_23_0[1]
    SLICE_X50Y94         CARRY4 (Prop_carry4_S[1]_CO[2])
                                                      0.574    12.176 r  u_uart_controller/u_uart_tx/at_h__54_carry__1/CO[2]
                         net (fo=6, routed)           0.494    12.670    u_uart_controller/u_uart_tx/at_h__54_carry__1_n_1
    SLICE_X51Y96         LUT6 (Prop_lut6_I4_O)        0.310    12.980 r  u_uart_controller/u_uart_tx/r_data_reg[0]_i_33/O
                         net (fo=1, routed)           0.309    13.289    u_uart_controller/u_uart_tx/r_data_reg[0]_i_33_n_0
    SLICE_X48Y96         LUT5 (Prop_lut5_I0_O)        0.124    13.413 r  u_uart_controller/u_uart_tx/r_data_reg[0]_i_19/O
                         net (fo=1, routed)           0.000    13.413    u_uart_controller/u_uart_tx/r_data_reg[0]_i_19_n_0
    SLICE_X48Y96         MUXF7 (Prop_muxf7_I0_O)      0.212    13.625 r  u_uart_controller/u_uart_tx/r_data_reg_reg[0]_i_8/O
                         net (fo=1, routed)           0.647    14.271    u_uart_controller/u_uart_tx/r_data_reg_reg[0]_i_8_n_0
    SLICE_X45Y95         LUT6 (Prop_lut6_I1_O)        0.299    14.570 r  u_uart_controller/u_uart_tx/r_data_reg[0]_i_3/O
                         net (fo=1, routed)           0.000    14.570    u_uart_controller/u_uart_tx/r_data_reg[0]_i_3_n_0
    SLICE_X45Y95         MUXF7 (Prop_muxf7_I1_O)      0.245    14.815 r  u_uart_controller/u_uart_tx/r_data_reg_reg[0]_i_1/O
                         net (fo=1, routed)           0.000    14.815    u_uart_controller/u_uart_tx/w_current_char[0]
    SLICE_X45Y95         FDCE                                         r  u_uart_controller/u_uart_tx/r_data_reg_reg[0]/D
  -------------------------------------------------------------------    -------------------

                         (clock sys_clk_pin rise edge)
                                                     10.000    10.000 r  
    W5                                                0.000    10.000 r  clk (IN)
                         net (fo=0)                   0.000    10.000    clk
    W5                   IBUF (Prop_ibuf_I_O)         1.388    11.388 r  clk_IBUF_inst/O
                         net (fo=1, routed)           1.862    13.250    clk_IBUF
    BUFGCTRL_X0Y0        BUFG (Prop_bufg_I_O)         0.091    13.341 r  clk_IBUF_BUFG_inst/O
                         net (fo=658, routed)         1.438    14.779    u_uart_controller/u_uart_tx/clk
    SLICE_X45Y95         FDCE                                         r  u_uart_controller/u_uart_tx/r_data_reg_reg[0]/C
                         clock pessimism              0.258    15.037    
                         clock uncertainty           -0.035    15.002    
    SLICE_X45Y95         FDCE (Setup_fdce_C_D)        0.064    15.066    u_uart_controller/u_uart_tx/r_data_reg_reg[0]
  -------------------------------------------------------------------
                         required time                         15.066    
                         arrival time                         -14.815    
  -------------------------------------------------------------------
                         slack                                  0.250    

Slack (MET) :             0.287ns  (required time - arrival time)
  Source:                 u_uart_cmd_parser/parsed_time_reg[2]_replica_1/C
                            (rising edge-triggered cell FDCE clocked by sys_clk_pin  {rise@0.000ns fall@5.000ns period=10.000ns})
  Destination:            u_DS1302/r_data_tx_reg[4]/D
                            (rising edge-triggered cell FDRE clocked by sys_clk_pin  {rise@0.000ns fall@5.000ns period=10.000ns})
  Path Group:             sys_clk_pin
  Path Type:              Setup (Max at Slow Process Corner)
  Requirement:            10.000ns  (sys_clk_pin rise@10.000ns - sys_clk_pin rise@0.000ns)
  Data Path Delay:        9.674ns  (logic 4.121ns (42.598%)  route 5.553ns (57.402%))
  Logic Levels:           15  (CARRY4=6 LUT3=2 LUT4=1 LUT5=2 LUT6=4)
  Clock Path Skew:        -0.034ns (DCD - SCD + CPR)
    Destination Clock Delay (DCD):    4.781ns = ( 14.781 - 10.000 ) 
    Source Clock Delay      (SCD):    5.073ns
    Clock Pessimism Removal (CPR):    0.258ns
  Clock Uncertainty:      0.035ns  ((TSJ^2 + TIJ^2)^1/2 + DJ) / 2 + PE
    Total System Jitter     (TSJ):    0.071ns
    Total Input Jitter      (TIJ):    0.000ns
    Discrete Jitter          (DJ):    0.000ns
    Phase Error              (PE):    0.000ns

    Location             Delay type                Incr(ns)  Path(ns)    Netlist Resource(s)
  -------------------------------------------------------------------    -------------------
                         (clock sys_clk_pin rise edge)
                                                      0.000     0.000 r  
    W5                                                0.000     0.000 r  clk (IN)
                         net (fo=0)                   0.000     0.000    clk
    W5                   IBUF (Prop_ibuf_I_O)         1.458     1.458 r  clk_IBUF_inst/O
                         net (fo=1, routed)           1.967     3.425    clk_IBUF
    BUFGCTRL_X0Y0        BUFG (Prop_bufg_I_O)         0.096     3.521 r  clk_IBUF_BUFG_inst/O
                         net (fo=658, routed)         1.552     5.073    u_uart_cmd_parser/clk
    SLICE_X57Y84         FDCE                                         r  u_uart_cmd_parser/parsed_time_reg[2]_replica_1/C
  -------------------------------------------------------------------    -------------------
    SLICE_X57Y84         FDCE (Prop_fdce_C_Q)         0.456     5.529 r  u_uart_cmd_parser/parsed_time_reg[2]_replica_1/Q
                         net (fo=3, routed)           0.603     6.132    u_uart_cmd_parser/w_parsed_time[2]_repN_1
    SLICE_X56Y83         LUT3 (Prop_lut3_I0_O)        0.124     6.256 r  u_uart_cmd_parser/r_data_tx[0]_i_41/O
                         net (fo=2, routed)           0.174     6.430    u_uart_cmd_parser/r_data_tx[0]_i_41_n_0
    SLICE_X56Y83         LUT5 (Prop_lut5_I1_O)        0.124     6.554 r  u_uart_cmd_parser/r_data_tx[0]_i_21/O
                         net (fo=4, routed)           0.813     7.367    u_uart_cmd_parser/r_data_tx[0]_i_21_n_0
    SLICE_X56Y86         LUT6 (Prop_lut6_I0_O)        0.124     7.491 r  u_uart_cmd_parser/r_data_tx[0]_i_25/O
                         net (fo=1, routed)           0.000     7.491    u_uart_cmd_parser/r_data_tx[0]_i_25_n_0
    SLICE_X56Y86         CARRY4 (Prop_carry4_S[1]_CO[3])
                                                      0.533     8.024 r  u_uart_cmd_parser/r_data_tx_reg[0]_i_5/CO[3]
                         net (fo=1, routed)           0.000     8.024    u_uart_cmd_parser/r_data_tx_reg[0]_i_5_n_0
    SLICE_X56Y87         CARRY4 (Prop_carry4_CI_O[2])
                                                      0.239     8.263 r  u_uart_cmd_parser/r_data_tx_reg[0]_i_2/O[2]
                         net (fo=18, routed)          0.831     9.094    u_uart_cmd_parser/parsed_time_reg[9]_0[0]
    SLICE_X55Y89         LUT3 (Prop_lut3_I0_O)        0.301     9.395 r  u_uart_cmd_parser/r_data_tx[2]_i_43/O
                         net (fo=1, routed)           0.336     9.731    u_uart_cmd_parser/r_data_tx[2]_i_43_n_0
    SLICE_X57Y88         CARRY4 (Prop_carry4_DI[3]_CO[3])
                                                      0.385    10.116 r  u_uart_cmd_parser/r_data_tx_reg[2]_i_26/CO[3]
                         net (fo=1, routed)           0.000    10.116    u_uart_cmd_parser/r_data_tx_reg[2]_i_26_n_0
    SLICE_X57Y89         CARRY4 (Prop_carry4_CI_O[0])
                                                      0.222    10.338 r  u_uart_cmd_parser/r_data_tx_reg[2]_i_15/O[0]
                         net (fo=3, routed)           0.728    11.066    u_uart_cmd_parser/r_data_tx_reg[2]_i_15_n_7
    SLICE_X57Y86         LUT4 (Prop_lut4_I1_O)        0.299    11.365 r  u_uart_cmd_parser/r_data_tx[2]_i_22/O
                         net (fo=1, routed)           0.000    11.365    u_uart_cmd_parser/r_data_tx[2]_i_22_n_0
    SLICE_X57Y86         CARRY4 (Prop_carry4_S[3]_CO[3])
                                                      0.401    11.766 r  u_uart_cmd_parser/r_data_tx_reg[2]_i_8/CO[3]
                         net (fo=1, routed)           0.000    11.766    u_uart_cmd_parser/r_data_tx_reg[2]_i_8_n_0
    SLICE_X57Y87         CARRY4 (Prop_carry4_CI_CO[2])
                                                      0.228    11.994 r  u_uart_cmd_parser/r_data_tx_reg[2]_i_6/CO[2]
                         net (fo=6, routed)           0.573    12.566    u_uart_cmd_parser/r_data_tx_reg[2]_i_6_n_1
    SLICE_X59Y86         LUT6 (Prop_lut6_I3_O)        0.313    12.879 f  u_uart_cmd_parser/r_data_tx[5]_i_4/O
                         net (fo=5, routed)           0.331    13.210    u_uart_cmd_parser/r_data_tx[5]_i_4_n_0
    SLICE_X59Y87         LUT6 (Prop_lut6_I5_O)        0.124    13.334 f  u_uart_cmd_parser/r_data_tx[5]_i_2/O
                         net (fo=4, routed)           0.850    14.184    u_uart_cmd_parser/parsed_time_reg[13]_3
    SLICE_X55Y87         LUT6 (Prop_lut6_I3_O)        0.124    14.308 f  u_uart_cmd_parser/r_data_tx[4]_i_2/O
                         net (fo=4, routed)           0.315    14.623    u_DS1302/r_data_tx_reg[2]_0
    SLICE_X55Y89         LUT5 (Prop_lut5_I1_O)        0.124    14.747 r  u_DS1302/r_data_tx[4]_i_1/O
                         net (fo=1, routed)           0.000    14.747    u_DS1302/r_data_tx[4]_i_1_n_0
    SLICE_X55Y89         FDRE                                         r  u_DS1302/r_data_tx_reg[4]/D
  -------------------------------------------------------------------    -------------------

                         (clock sys_clk_pin rise edge)
                                                     10.000    10.000 r  
    W5                                                0.000    10.000 r  clk (IN)
                         net (fo=0)                   0.000    10.000    clk
    W5                   IBUF (Prop_ibuf_I_O)         1.388    11.388 r  clk_IBUF_inst/O
                         net (fo=1, routed)           1.862    13.250    clk_IBUF
    BUFGCTRL_X0Y0        BUFG (Prop_bufg_I_O)         0.091    13.341 r  clk_IBUF_BUFG_inst/O
                         net (fo=658, routed)         1.440    14.781    u_DS1302/clk_IBUF_BUFG
    SLICE_X55Y89         FDRE                                         r  u_DS1302/r_data_tx_reg[4]/C
                         clock pessimism              0.258    15.039    
                         clock uncertainty           -0.035    15.004    
    SLICE_X55Y89         FDRE (Setup_fdre_C_D)        0.031    15.035    u_DS1302/r_data_tx_reg[4]
  -------------------------------------------------------------------
                         required time                         15.035    
                         arrival time                         -14.747    
  -------------------------------------------------------------------
                         slack                                  0.287    

Slack (MET) :             1.031ns  (required time - arrival time)
  Source:                 u_uart_cmd_parser/parsed_time_reg[9]/C
                            (rising edge-triggered cell FDCE clocked by sys_clk_pin  {rise@0.000ns fall@5.000ns period=10.000ns})
  Destination:            u_DS1302/r_data_tx_reg[7]/D
                            (rising edge-triggered cell FDRE clocked by sys_clk_pin  {rise@0.000ns fall@5.000ns period=10.000ns})
  Path Group:             sys_clk_pin
  Path Type:              Setup (Max at Slow Process Corner)
  Requirement:            10.000ns  (sys_clk_pin rise@10.000ns - sys_clk_pin rise@0.000ns)
  Data Path Delay:        8.974ns  (logic 3.880ns (43.235%)  route 5.094ns (56.765%))
  Logic Levels:           13  (CARRY4=5 LUT3=2 LUT4=3 LUT5=3)
  Clock Path Skew:        -0.036ns (DCD - SCD + CPR)
    Destination Clock Delay (DCD):    4.782ns = ( 14.782 - 10.000 ) 
    Source Clock Delay      (SCD):    5.076ns
    Clock Pessimism Removal (CPR):    0.258ns
  Clock Uncertainty:      0.035ns  ((TSJ^2 + TIJ^2)^1/2 + DJ) / 2 + PE
    Total System Jitter     (TSJ):    0.071ns
    Total Input Jitter      (TIJ):    0.000ns
    Discrete Jitter          (DJ):    0.000ns
    Phase Error              (PE):    0.000ns

    Location             Delay type                Incr(ns)  Path(ns)    Netlist Resource(s)
  -------------------------------------------------------------------    -------------------
                         (clock sys_clk_pin rise edge)
                                                      0.000     0.000 r  
    W5                                                0.000     0.000 r  clk (IN)
                         net (fo=0)                   0.000     0.000    clk
    W5                   IBUF (Prop_ibuf_I_O)         1.458     1.458 r  clk_IBUF_inst/O
                         net (fo=1, routed)           1.967     3.425    clk_IBUF
    BUFGCTRL_X0Y0        BUFG (Prop_bufg_I_O)         0.096     3.521 r  clk_IBUF_BUFG_inst/O
                         net (fo=658, routed)         1.555     5.076    u_uart_cmd_parser/clk
    SLICE_X55Y87         FDCE                                         r  u_uart_cmd_parser/parsed_time_reg[9]/C
  -------------------------------------------------------------------    -------------------
    SLICE_X55Y87         FDCE (Prop_fdce_C_Q)         0.456     5.532 r  u_uart_cmd_parser/parsed_time_reg[9]/Q
                         net (fo=22, routed)          1.303     6.835    u_uart_cmd_parser/w_parsed_time[9]
    SLICE_X58Y88         LUT4 (Prop_lut4_I1_O)        0.152     6.987 r  u_uart_cmd_parser/r_data_tx[7]_i_12/O
                         net (fo=4, routed)           0.570     7.557    u_uart_cmd_parser/r_data_tx[7]_i_12_n_0
    SLICE_X56Y88         LUT5 (Prop_lut5_I0_O)        0.332     7.889 r  u_uart_cmd_parser/r_data_tx[7]_i_16/O
                         net (fo=1, routed)           0.000     7.889    u_uart_cmd_parser/r_data_tx[7]_i_16_n_0
    SLICE_X56Y88         CARRY4 (Prop_carry4_S[2]_CO[3])
                                                      0.380     8.269 r  u_uart_cmd_parser/r_data_tx_reg[7]_i_8/CO[3]
                         net (fo=1, routed)           0.000     8.269    u_uart_cmd_parser/r_data_tx_reg[7]_i_8_n_0
    SLICE_X56Y89         CARRY4 (Prop_carry4_CI_O[0])
                                                      0.219     8.488 r  u_uart_cmd_parser/r_data_tx_reg[7]_i_9/O[0]
                         net (fo=11, routed)          0.732     9.220    u_uart_cmd_parser/parsed_time_reg[13]_7[0]
    SLICE_X54Y88         LUT3 (Prop_lut3_I2_O)        0.295     9.515 r  u_uart_cmd_parser/r_data_tx[2]_i_30/O
                         net (fo=1, routed)           0.339     9.854    u_uart_cmd_parser/r_data_tx[2]_i_30_n_0
    SLICE_X57Y89         CARRY4 (Prop_carry4_DI[0]_CO[3])
                                                      0.526    10.380 r  u_uart_cmd_parser/r_data_tx_reg[2]_i_15/CO[3]
                         net (fo=1, routed)           0.000    10.380    u_uart_cmd_parser/r_data_tx_reg[2]_i_15_n_0
    SLICE_X57Y90         CARRY4 (Prop_carry4_CI_O[0])
                                                      0.222    10.602 r  u_uart_cmd_parser/r_data_tx_reg[2]_i_7/O[0]
                         net (fo=7, routed)           0.766    11.368    u_uart_cmd_parser/r_data_tx_reg[2]_i_7_n_7
    SLICE_X57Y87         LUT4 (Prop_lut4_I3_O)        0.299    11.667 r  u_uart_cmd_parser/r_data_tx[2]_i_12/O
                         net (fo=1, routed)           0.000    11.667    u_uart_cmd_parser/r_data_tx[2]_i_12_n_0
    SLICE_X57Y87         CARRY4 (Prop_carry4_S[2]_CO[2])
                                                      0.314    11.981 f  u_uart_cmd_parser/r_data_tx_reg[2]_i_6/CO[2]
                         net (fo=6, routed)           0.557    12.538    u_uart_cmd_parser/r_data_tx_reg[2]_i_6_n_1
    SLICE_X55Y88         LUT3 (Prop_lut3_I0_O)        0.313    12.851 f  u_uart_cmd_parser/r_data_tx[0]_i_3/O
                         net (fo=4, routed)           0.502    13.352    u_uart_cmd_parser/parsed_time_reg[13]_8
    SLICE_X56Y90         LUT5 (Prop_lut5_I4_O)        0.124    13.476 r  u_uart_cmd_parser/r_data_tx[7]_i_7/O
                         net (fo=1, routed)           0.161    13.637    u_uart_cmd_parser/r_data_tx[7]_i_7_n_0
    SLICE_X56Y90         LUT4 (Prop_lut4_I0_O)        0.124    13.761 r  u_uart_cmd_parser/r_data_tx[7]_i_5/O
                         net (fo=1, routed)           0.165    13.926    u_DS1302/r_data_tx_reg[7]_0
    SLICE_X56Y90         LUT5 (Prop_lut5_I1_O)        0.124    14.050 r  u_DS1302/r_data_tx[7]_i_2/O
                         net (fo=1, routed)           0.000    14.050    u_DS1302/r_data_tx[7]_i_2_n_0
    SLICE_X56Y90         FDRE                                         r  u_DS1302/r_data_tx_reg[7]/D
  -------------------------------------------------------------------    -------------------

                         (clock sys_clk_pin rise edge)
                                                     10.000    10.000 r  
    W5                                                0.000    10.000 r  clk (IN)
                         net (fo=0)                   0.000    10.000    clk
    W5                   IBUF (Prop_ibuf_I_O)         1.388    11.388 r  clk_IBUF_inst/O
                         net (fo=1, routed)           1.862    13.250    clk_IBUF
    BUFGCTRL_X0Y0        BUFG (Prop_bufg_I_O)         0.091    13.341 r  clk_IBUF_BUFG_inst/O
                         net (fo=658, routed)         1.441    14.782    u_DS1302/clk_IBUF_BUFG
    SLICE_X56Y90         FDRE                                         r  u_DS1302/r_data_tx_reg[7]/C
                         clock pessimism              0.258    15.040    
                         clock uncertainty           -0.035    15.005    
    SLICE_X56Y90         FDRE (Setup_fdre_C_D)        0.077    15.082    u_DS1302/r_data_tx_reg[7]
  -------------------------------------------------------------------
                         required time                         15.082    
                         arrival time                         -14.050    
  -------------------------------------------------------------------
                         slack                                  1.031    

Slack (MET) :             1.153ns  (required time - arrival time)
  Source:                 u_uart_cmd_parser/parsed_time_reg[2]_replica_1/C
                            (rising edge-triggered cell FDCE clocked by sys_clk_pin  {rise@0.000ns fall@5.000ns period=10.000ns})
  Destination:            u_DS1302/r_data_tx_reg[5]/D
                            (rising edge-triggered cell FDRE clocked by sys_clk_pin  {rise@0.000ns fall@5.000ns period=10.000ns})
  Path Group:             sys_clk_pin
  Path Type:              Setup (Max at Slow Process Corner)
  Requirement:            10.000ns  (sys_clk_pin rise@10.000ns - sys_clk_pin rise@0.000ns)
  Data Path Delay:        8.920ns  (logic 3.997ns (44.811%)  route 4.923ns (55.189%))
  Logic Levels:           14  (CARRY4=6 LUT3=2 LUT4=1 LUT5=2 LUT6=3)
  Clock Path Skew:        0.031ns (DCD - SCD + CPR)
    Destination Clock Delay (DCD):    4.846ns = ( 14.846 - 10.000 ) 
    Source Clock Delay      (SCD):    5.073ns
    Clock Pessimism Removal (CPR):    0.258ns
  Clock Uncertainty:      0.035ns  ((TSJ^2 + TIJ^2)^1/2 + DJ) / 2 + PE
    Total System Jitter     (TSJ):    0.071ns
    Total Input Jitter      (TIJ):    0.000ns
    Discrete Jitter          (DJ):    0.000ns
    Phase Error              (PE):    0.000ns

    Location             Delay type                Incr(ns)  Path(ns)    Netlist Resource(s)
  -------------------------------------------------------------------    -------------------
                         (clock sys_clk_pin rise edge)
                                                      0.000     0.000 r  
    W5                                                0.000     0.000 r  clk (IN)
                         net (fo=0)                   0.000     0.000    clk
    W5                   IBUF (Prop_ibuf_I_O)         1.458     1.458 r  clk_IBUF_inst/O
                         net (fo=1, routed)           1.967     3.425    clk_IBUF
    BUFGCTRL_X0Y0        BUFG (Prop_bufg_I_O)         0.096     3.521 r  clk_IBUF_BUFG_inst/O
                         net (fo=658, routed)         1.552     5.073    u_uart_cmd_parser/clk
    SLICE_X57Y84         FDCE                                         r  u_uart_cmd_parser/parsed_time_reg[2]_replica_1/C
  -------------------------------------------------------------------    -------------------
    SLICE_X57Y84         FDCE (Prop_fdce_C_Q)         0.456     5.529 r  u_uart_cmd_parser/parsed_time_reg[2]_replica_1/Q
                         net (fo=3, routed)           0.603     6.132    u_uart_cmd_parser/w_parsed_time[2]_repN_1
    SLICE_X56Y83         LUT3 (Prop_lut3_I0_O)        0.124     6.256 r  u_uart_cmd_parser/r_data_tx[0]_i_41/O
                         net (fo=2, routed)           0.174     6.430    u_uart_cmd_parser/r_data_tx[0]_i_41_n_0
    SLICE_X56Y83         LUT5 (Prop_lut5_I1_O)        0.124     6.554 r  u_uart_cmd_parser/r_data_tx[0]_i_21/O
                         net (fo=4, routed)           0.813     7.367    u_uart_cmd_parser/r_data_tx[0]_i_21_n_0
    SLICE_X56Y86         LUT6 (Prop_lut6_I0_O)        0.124     7.491 r  u_uart_cmd_parser/r_data_tx[0]_i_25/O
                         net (fo=1, routed)           0.000     7.491    u_uart_cmd_parser/r_data_tx[0]_i_25_n_0
    SLICE_X56Y86         CARRY4 (Prop_carry4_S[1]_CO[3])
                                                      0.533     8.024 r  u_uart_cmd_parser/r_data_tx_reg[0]_i_5/CO[3]
                         net (fo=1, routed)           0.000     8.024    u_uart_cmd_parser/r_data_tx_reg[0]_i_5_n_0
    SLICE_X56Y87         CARRY4 (Prop_carry4_CI_O[2])
                                                      0.239     8.263 r  u_uart_cmd_parser/r_data_tx_reg[0]_i_2/O[2]
                         net (fo=18, routed)          0.831     9.094    u_uart_cmd_parser/parsed_time_reg[9]_0[0]
    SLICE_X55Y89         LUT3 (Prop_lut3_I0_O)        0.301     9.395 r  u_uart_cmd_parser/r_data_tx[2]_i_43/O
                         net (fo=1, routed)           0.336     9.731    u_uart_cmd_parser/r_data_tx[2]_i_43_n_0
    SLICE_X57Y88         CARRY4 (Prop_carry4_DI[3]_CO[3])
                                                      0.385    10.116 r  u_uart_cmd_parser/r_data_tx_reg[2]_i_26/CO[3]
                         net (fo=1, routed)           0.000    10.116    u_uart_cmd_parser/r_data_tx_reg[2]_i_26_n_0
    SLICE_X57Y89         CARRY4 (Prop_carry4_CI_O[0])
                                                      0.222    10.338 r  u_uart_cmd_parser/r_data_tx_reg[2]_i_15/O[0]
                         net (fo=3, routed)           0.728    11.066    u_uart_cmd_parser/r_data_tx_reg[2]_i_15_n_7
    SLICE_X57Y86         LUT4 (Prop_lut4_I1_O)        0.299    11.365 r  u_uart_cmd_parser/r_data_tx[2]_i_22/O
                         net (fo=1, routed)           0.000    11.365    u_uart_cmd_parser/r_data_tx[2]_i_22_n_0
    SLICE_X57Y86         CARRY4 (Prop_carry4_S[3]_CO[3])
                                                      0.401    11.766 r  u_uart_cmd_parser/r_data_tx_reg[2]_i_8/CO[3]
                         net (fo=1, routed)           0.000    11.766    u_uart_cmd_parser/r_data_tx_reg[2]_i_8_n_0
    SLICE_X57Y87         CARRY4 (Prop_carry4_CI_CO[2])
                                                      0.228    11.994 r  u_uart_cmd_parser/r_data_tx_reg[2]_i_6/CO[2]
                         net (fo=6, routed)           0.573    12.566    u_uart_cmd_parser/r_data_tx_reg[2]_i_6_n_1
    SLICE_X59Y86         LUT6 (Prop_lut6_I3_O)        0.313    12.879 f  u_uart_cmd_parser/r_data_tx[5]_i_4/O
                         net (fo=5, routed)           0.331    13.210    u_uart_cmd_parser/r_data_tx[5]_i_4_n_0
    SLICE_X59Y87         LUT6 (Prop_lut6_I5_O)        0.124    13.334 f  u_uart_cmd_parser/r_data_tx[5]_i_2/O
                         net (fo=4, routed)           0.534    13.869    u_DS1302/r_data_tx_reg[5]_1
    SLICE_X60Y88         LUT5 (Prop_lut5_I1_O)        0.124    13.993 r  u_DS1302/r_data_tx[5]_i_1/O
                         net (fo=1, routed)           0.000    13.993    u_DS1302/r_data_tx[5]_i_1_n_0
    SLICE_X60Y88         FDRE                                         r  u_DS1302/r_data_tx_reg[5]/D
  -------------------------------------------------------------------    -------------------

                         (clock sys_clk_pin rise edge)
                                                     10.000    10.000 r  
    W5                                                0.000    10.000 r  clk (IN)
                         net (fo=0)                   0.000    10.000    clk
    W5                   IBUF (Prop_ibuf_I_O)         1.388    11.388 r  clk_IBUF_inst/O
                         net (fo=1, routed)           1.862    13.250    clk_IBUF
    BUFGCTRL_X0Y0        BUFG (Prop_bufg_I_O)         0.091    13.341 r  clk_IBUF_BUFG_inst/O
                         net (fo=658, routed)         1.505    14.846    u_DS1302/clk_IBUF_BUFG
    SLICE_X60Y88         FDRE                                         r  u_DS1302/r_data_tx_reg[5]/C
                         clock pessimism              0.258    15.104    
                         clock uncertainty           -0.035    15.069    
    SLICE_X60Y88         FDRE (Setup_fdre_C_D)        0.077    15.146    u_DS1302/r_data_tx_reg[5]
  -------------------------------------------------------------------
                         required time                         15.146    
                         arrival time                         -13.993    
  -------------------------------------------------------------------
                         slack                                  1.153    





Min Delay Paths
--------------------------------------------------------------------------------------
Slack (MET) :             0.132ns  (arrival time - required time)
  Source:                 u_debouncer_btnC/r_prev_clean_btn_reg/C
                            (rising edge-triggered cell FDCE clocked by sys_clk_pin  {rise@0.000ns fall@5.000ns period=10.000ns})
  Destination:            u_fnd_controller/r_display_mode_reg/D
                            (rising edge-triggered cell FDCE clocked by sys_clk_pin  {rise@0.000ns fall@5.000ns period=10.000ns})
  Path Group:             sys_clk_pin
  Path Type:              Hold (Min at Fast Process Corner)
  Requirement:            0.000ns  (sys_clk_pin rise@0.000ns - sys_clk_pin rise@0.000ns)
  Data Path Delay:        0.276ns  (logic 0.189ns (68.452%)  route 0.087ns (31.548%))
  Logic Levels:           1  (LUT3=1)
  Clock Path Skew:        0.013ns (DCD - SCD - CPR)
    Destination Clock Delay (DCD):    1.950ns
    Source Clock Delay      (SCD):    1.437ns
    Clock Pessimism Removal (CPR):    0.500ns

    Location             Delay type                Incr(ns)  Path(ns)    Netlist Resource(s)
  -------------------------------------------------------------------    -------------------
                         (clock sys_clk_pin rise edge)
                                                      0.000     0.000 r  
    W5                                                0.000     0.000 r  clk (IN)
                         net (fo=0)                   0.000     0.000    clk
    W5                   IBUF (Prop_ibuf_I_O)         0.226     0.226 r  clk_IBUF_inst/O
                         net (fo=1, routed)           0.631     0.858    clk_IBUF
    BUFGCTRL_X0Y0        BUFG (Prop_bufg_I_O)         0.026     0.884 r  clk_IBUF_BUFG_inst/O
                         net (fo=658, routed)         0.554     1.437    u_debouncer_btnC/clk
    SLICE_X51Y78         FDCE                                         r  u_debouncer_btnC/r_prev_clean_btn_reg/C
  -------------------------------------------------------------------    -------------------
    SLICE_X51Y78         FDCE (Prop_fdce_C_Q)         0.141     1.578 r  u_debouncer_btnC/r_prev_clean_btn_reg/Q
                         net (fo=1, routed)           0.087     1.665    u_debouncer_btnC/r_prev_clean_btn
    SLICE_X50Y78         LUT3 (Prop_lut3_I0_O)        0.048     1.713 r  u_debouncer_btnC/r_display_mode_i_1/O
                         net (fo=1, routed)           0.000     1.713    u_fnd_controller/r_display_mode_reg_3
    SLICE_X50Y78         FDCE                                         r  u_fnd_controller/r_display_mode_reg/D
  -------------------------------------------------------------------    -------------------

                         (clock sys_clk_pin rise edge)
                                                      0.000     0.000 r  
    W5                                                0.000     0.000 r  clk (IN)
                         net (fo=0)                   0.000     0.000    clk
    W5                   IBUF (Prop_ibuf_I_O)         0.414     0.414 r  clk_IBUF_inst/O
                         net (fo=1, routed)           0.685     1.099    clk_IBUF
    BUFGCTRL_X0Y0        BUFG (Prop_bufg_I_O)         0.029     1.128 r  clk_IBUF_BUFG_inst/O
                         net (fo=658, routed)         0.822     1.950    u_fnd_controller/clk
    SLICE_X50Y78         FDCE                                         r  u_fnd_controller/r_display_mode_reg/C
                         clock pessimism             -0.500     1.450    
    SLICE_X50Y78         FDCE (Hold_fdce_C_D)         0.131     1.581    u_fnd_controller/r_display_mode_reg
  -------------------------------------------------------------------
                         required time                         -1.581    
                         arrival time                           1.713    
  -------------------------------------------------------------------
                         slack                                  0.132    

Slack (MET) :             0.132ns  (arrival time - required time)
  Source:                 u_debouncer_s1/r_prev_clean_btn_reg/C
                            (rising edge-triggered cell FDCE clocked by sys_clk_pin  {rise@0.000ns fall@5.000ns period=10.000ns})
  Destination:            u_rotary_temp_set/r_current_state_reg[1]/D
                            (rising edge-triggered cell FDCE clocked by sys_clk_pin  {rise@0.000ns fall@5.000ns period=10.000ns})
  Path Group:             sys_clk_pin
  Path Type:              Hold (Min at Fast Process Corner)
  Requirement:            0.000ns  (sys_clk_pin rise@0.000ns - sys_clk_pin rise@0.000ns)
  Data Path Delay:        0.276ns  (logic 0.189ns (68.452%)  route 0.087ns (31.548%))
  Logic Levels:           1  (LUT2=1)
  Clock Path Skew:        0.013ns (DCD - SCD - CPR)
    Destination Clock Delay (DCD):    1.946ns
    Source Clock Delay      (SCD):    1.435ns
    Clock Pessimism Removal (CPR):    0.498ns

    Location             Delay type                Incr(ns)  Path(ns)    Netlist Resource(s)
  -------------------------------------------------------------------    -------------------
                         (clock sys_clk_pin rise edge)
                                                      0.000     0.000 r  
    W5                                                0.000     0.000 r  clk (IN)
                         net (fo=0)                   0.000     0.000    clk
    W5                   IBUF (Prop_ibuf_I_O)         0.226     0.226 r  clk_IBUF_inst/O
                         net (fo=1, routed)           0.631     0.858    clk_IBUF
    BUFGCTRL_X0Y0        BUFG (Prop_bufg_I_O)         0.026     0.884 r  clk_IBUF_BUFG_inst/O
                         net (fo=658, routed)         0.552     1.435    u_debouncer_s1/clk
    SLICE_X39Y79         FDCE                                         r  u_debouncer_s1/r_prev_clean_btn_reg/C
  -------------------------------------------------------------------    -------------------
    SLICE_X39Y79         FDCE (Prop_fdce_C_Q)         0.141     1.576 f  u_debouncer_s1/r_prev_clean_btn_reg/Q
                         net (fo=1, routed)           0.087     1.663    u_debouncer_s1/r_prev_clean_btn
    SLICE_X38Y79         LUT2 (Prop_lut2_I1_O)        0.048     1.711 r  u_debouncer_s1/r_current_state[1]_i_1/O
                         net (fo=1, routed)           0.000     1.711    u_rotary_temp_set/r_current_state_reg[1]_0[1]
    SLICE_X38Y79         FDCE                                         r  u_rotary_temp_set/r_current_state_reg[1]/D
  -------------------------------------------------------------------    -------------------

                         (clock sys_clk_pin rise edge)
                                                      0.000     0.000 r  
    W5                                                0.000     0.000 r  clk (IN)
                         net (fo=0)                   0.000     0.000    clk
    W5                   IBUF (Prop_ibuf_I_O)         0.414     0.414 r  clk_IBUF_inst/O
                         net (fo=1, routed)           0.685     1.099    clk_IBUF
    BUFGCTRL_X0Y0        BUFG (Prop_bufg_I_O)         0.029     1.128 r  clk_IBUF_BUFG_inst/O
                         net (fo=658, routed)         0.818     1.946    u_rotary_temp_set/clk
    SLICE_X38Y79         FDCE                                         r  u_rotary_temp_set/r_current_state_reg[1]/C
                         clock pessimism             -0.498     1.448    
    SLICE_X38Y79         FDCE (Hold_fdce_C_D)         0.131     1.579    u_rotary_temp_set/r_current_state_reg[1]
  -------------------------------------------------------------------
                         required time                         -1.579    
                         arrival time                           1.711    
  -------------------------------------------------------------------
                         slack                                  0.132    

Slack (MET) :             0.137ns  (arrival time - required time)
  Source:                 u_uart_controller/u_uart_tx/r_char_idx_reg[0]/C
                            (rising edge-triggered cell FDCE clocked by sys_clk_pin  {rise@0.000ns fall@5.000ns period=10.000ns})
  Destination:            u_uart_controller/u_uart_tx/r_data_reg_reg[2]/D
                            (rising edge-triggered cell FDCE clocked by sys_clk_pin  {rise@0.000ns fall@5.000ns period=10.000ns})
  Path Group:             sys_clk_pin
  Path Type:              Hold (Min at Fast Process Corner)
  Requirement:            0.000ns  (sys_clk_pin rise@0.000ns - sys_clk_pin rise@0.000ns)
  Data Path Delay:        0.579ns  (logic 0.186ns (32.119%)  route 0.393ns (67.881%))
  Logic Levels:           1  (LUT6=1)
  Clock Path Skew:        0.350ns (DCD - SCD - CPR)
    Destination Clock Delay (DCD):    2.044ns
    Source Clock Delay      (SCD):    1.444ns
    Clock Pessimism Removal (CPR):    0.249ns

    Location             Delay type                Incr(ns)  Path(ns)    Netlist Resource(s)
  -------------------------------------------------------------------    -------------------
                         (clock sys_clk_pin rise edge)
                                                      0.000     0.000 r  
    W5                                                0.000     0.000 r  clk (IN)
                         net (fo=0)                   0.000     0.000    clk
    W5                   IBUF (Prop_ibuf_I_O)         0.226     0.226 r  clk_IBUF_inst/O
                         net (fo=1, routed)           0.631     0.858    clk_IBUF
    BUFGCTRL_X0Y0        BUFG (Prop_bufg_I_O)         0.026     0.884 r  clk_IBUF_BUFG_inst/O
                         net (fo=658, routed)         0.561     1.444    u_uart_controller/u_uart_tx/clk
    SLICE_X39Y95         FDCE                                         r  u_uart_controller/u_uart_tx/r_char_idx_reg[0]/C
  -------------------------------------------------------------------    -------------------
    SLICE_X39Y95         FDCE (Prop_fdce_C_Q)         0.141     1.585 r  u_uart_controller/u_uart_tx/r_char_idx_reg[0]/Q
                         net (fo=14, routed)          0.393     1.978    u_uart_controller/u_uart_tx/r_char_idx[0]
    SLICE_X41Y103        LUT6 (Prop_lut6_I2_O)        0.045     2.023 r  u_uart_controller/u_uart_tx/r_data_reg[2]_i_1/O
                         net (fo=1, routed)           0.000     2.023    u_uart_controller/u_uart_tx/w_current_char[2]
    SLICE_X41Y103        FDCE                                         r  u_uart_controller/u_uart_tx/r_data_reg_reg[2]/D
  -------------------------------------------------------------------    -------------------

                         (clock sys_clk_pin rise edge)
                                                      0.000     0.000 r  
    W5                                                0.000     0.000 r  clk (IN)
                         net (fo=0)                   0.000     0.000    clk
    W5                   IBUF (Prop_ibuf_I_O)         0.414     0.414 r  clk_IBUF_inst/O
                         net (fo=1, routed)           0.685     1.099    clk_IBUF
    BUFGCTRL_X0Y0        BUFG (Prop_bufg_I_O)         0.029     1.128 r  clk_IBUF_BUFG_inst/O
                         net (fo=658, routed)         0.916     2.044    u_uart_controller/u_uart_tx/clk
    SLICE_X41Y103        FDCE                                         r  u_uart_controller/u_uart_tx/r_data_reg_reg[2]/C
                         clock pessimism             -0.249     1.795    
    SLICE_X41Y103        FDCE (Hold_fdce_C_D)         0.092     1.887    u_uart_controller/u_uart_tx/r_data_reg_reg[2]
  -------------------------------------------------------------------
                         required time                         -1.887    
                         arrival time                           2.023    
  -------------------------------------------------------------------
                         slack                                  0.137    

Slack (MET) :             0.155ns  (arrival time - required time)
  Source:                 u_debouncer_s2/r_prev_clean_btn_reg/C
                            (rising edge-triggered cell FDCE clocked by sys_clk_pin  {rise@0.000ns fall@5.000ns period=10.000ns})
  Destination:            u_rotary_temp_set/r_current_state_reg[0]/D
                            (rising edge-triggered cell FDCE clocked by sys_clk_pin  {rise@0.000ns fall@5.000ns period=10.000ns})
  Path Group:             sys_clk_pin
  Path Type:              Hold (Min at Fast Process Corner)
  Requirement:            0.000ns  (sys_clk_pin rise@0.000ns - sys_clk_pin rise@0.000ns)
  Data Path Delay:        0.275ns  (logic 0.189ns (68.807%)  route 0.086ns (31.193%))
  Logic Levels:           1  (LUT2=1)
  Clock Path Skew:        0.013ns (DCD - SCD - CPR)
    Destination Clock Delay (DCD):    1.947ns
    Source Clock Delay      (SCD):    1.435ns
    Clock Pessimism Removal (CPR):    0.499ns

    Location             Delay type                Incr(ns)  Path(ns)    Netlist Resource(s)
  -------------------------------------------------------------------    -------------------
                         (clock sys_clk_pin rise edge)
                                                      0.000     0.000 r  
    W5                                                0.000     0.000 r  clk (IN)
                         net (fo=0)                   0.000     0.000    clk
    W5                   IBUF (Prop_ibuf_I_O)         0.226     0.226 r  clk_IBUF_inst/O
                         net (fo=1, routed)           0.631     0.858    clk_IBUF
    BUFGCTRL_X0Y0        BUFG (Prop_bufg_I_O)         0.026     0.884 r  clk_IBUF_BUFG_inst/O
                         net (fo=658, routed)         0.552     1.435    u_debouncer_s2/clk
    SLICE_X44Y78         FDCE                                         r  u_debouncer_s2/r_prev_clean_btn_reg/C
  -------------------------------------------------------------------    -------------------
    SLICE_X44Y78         FDCE (Prop_fdce_C_Q)         0.141     1.576 f  u_debouncer_s2/r_prev_clean_btn_reg/Q
                         net (fo=1, routed)           0.086     1.662    u_debouncer_s2/r_prev_clean_btn
    SLICE_X45Y78         LUT2 (Prop_lut2_I1_O)        0.048     1.710 r  u_debouncer_s2/r_current_state[0]_i_1/O
                         net (fo=1, routed)           0.000     1.710    u_rotary_temp_set/r_current_state_reg[1]_0[0]
    SLICE_X45Y78         FDCE                                         r  u_rotary_temp_set/r_current_state_reg[0]/D
  -------------------------------------------------------------------    -------------------

                         (clock sys_clk_pin rise edge)
                                                      0.000     0.000 r  
    W5                                                0.000     0.000 r  clk (IN)
                         net (fo=0)                   0.000     0.000    clk
    W5                   IBUF (Prop_ibuf_I_O)         0.414     0.414 r  clk_IBUF_inst/O
                         net (fo=1, routed)           0.685     1.099    clk_IBUF
    BUFGCTRL_X0Y0        BUFG (Prop_bufg_I_O)         0.029     1.128 r  clk_IBUF_BUFG_inst/O
                         net (fo=658, routed)         0.820     1.947    u_rotary_temp_set/clk
    SLICE_X45Y78         FDCE                                         r  u_rotary_temp_set/r_current_state_reg[0]/C
                         clock pessimism             -0.499     1.448    
    SLICE_X45Y78         FDCE (Hold_fdce_C_D)         0.107     1.555    u_rotary_temp_set/r_current_state_reg[0]
  -------------------------------------------------------------------
                         required time                         -1.555    
                         arrival time                           1.710    
  -------------------------------------------------------------------
                         slack                                  0.155    

Slack (MET) :             0.159ns  (arrival time - required time)
  Source:                 u_dht11/r_read_state_reg/C
                            (rising edge-triggered cell FDCE clocked by sys_clk_pin  {rise@0.000ns fall@5.000ns period=10.000ns})
  Destination:            u_dht11/FSM_sequential_r_state_reg[1]/D
                            (rising edge-triggered cell FDCE clocked by sys_clk_pin  {rise@0.000ns fall@5.000ns period=10.000ns})
  Path Group:             sys_clk_pin
  Path Type:              Hold (Min at Fast Process Corner)
  Requirement:            0.000ns  (sys_clk_pin rise@0.000ns - sys_clk_pin rise@0.000ns)
  Data Path Delay:        0.263ns  (logic 0.186ns (70.654%)  route 0.077ns (29.346%))
  Logic Levels:           1  (LUT6=1)
  Clock Path Skew:        0.013ns (DCD - SCD - CPR)
    Destination Clock Delay (DCD):    1.951ns
    Source Clock Delay      (SCD):    1.440ns
    Clock Pessimism Removal (CPR):    0.498ns

    Location             Delay type                Incr(ns)  Path(ns)    Netlist Resource(s)
  -------------------------------------------------------------------    -------------------
                         (clock sys_clk_pin rise edge)
                                                      0.000     0.000 r  
    W5                                                0.000     0.000 r  clk (IN)
                         net (fo=0)                   0.000     0.000    clk
    W5                   IBUF (Prop_ibuf_I_O)         0.226     0.226 r  clk_IBUF_inst/O
                         net (fo=1, routed)           0.631     0.858    clk_IBUF
    BUFGCTRL_X0Y0        BUFG (Prop_bufg_I_O)         0.026     0.884 r  clk_IBUF_BUFG_inst/O
                         net (fo=658, routed)         0.557     1.440    u_dht11/clk
    SLICE_X36Y84         FDCE                                         r  u_dht11/r_read_state_reg/C
  -------------------------------------------------------------------    -------------------
    SLICE_X36Y84         FDCE (Prop_fdce_C_Q)         0.141     1.581 r  u_dht11/r_read_state_reg/Q
                         net (fo=7, routed)           0.077     1.658    u_dht11/r_read_state_reg_n_0
    SLICE_X37Y84         LUT6 (Prop_lut6_I0_O)        0.045     1.703 r  u_dht11/FSM_sequential_r_state[1]_i_1__0/O
                         net (fo=1, routed)           0.000     1.703    u_dht11/FSM_sequential_r_state[1]_i_1__0_n_0
    SLICE_X37Y84         FDCE                                         r  u_dht11/FSM_sequential_r_state_reg[1]/D
  -------------------------------------------------------------------    -------------------

                         (clock sys_clk_pin rise edge)
                                                      0.000     0.000 r  
    W5                                                0.000     0.000 r  clk (IN)
                         net (fo=0)                   0.000     0.000    clk
    W5                   IBUF (Prop_ibuf_I_O)         0.414     0.414 r  clk_IBUF_inst/O
                         net (fo=1, routed)           0.685     1.099    clk_IBUF
    BUFGCTRL_X0Y0        BUFG (Prop_bufg_I_O)         0.029     1.128 r  clk_IBUF_BUFG_inst/O
                         net (fo=658, routed)         0.823     1.951    u_dht11/clk
    SLICE_X37Y84         FDCE                                         r  u_dht11/FSM_sequential_r_state_reg[1]/C
                         clock pessimism             -0.498     1.453    
    SLICE_X37Y84         FDCE (Hold_fdce_C_D)         0.091     1.544    u_dht11/FSM_sequential_r_state_reg[1]
  -------------------------------------------------------------------
                         required time                         -1.544    
                         arrival time                           1.703    
  -------------------------------------------------------------------
                         slack                                  0.159    

Slack (MET) :             0.164ns  (arrival time - required time)
  Source:                 u_uart_controller/u_uart_rx/r_baud_count_reg[10]/C
                            (rising edge-triggered cell FDCE clocked by sys_clk_pin  {rise@0.000ns fall@5.000ns period=10.000ns})
  Destination:            u_uart_controller/u_uart_rx/r_baud_tick_reg/D
                            (rising edge-triggered cell FDCE clocked by sys_clk_pin  {rise@0.000ns fall@5.000ns period=10.000ns})
  Path Group:             sys_clk_pin
  Path Type:              Hold (Min at Fast Process Corner)
  Requirement:            0.000ns  (sys_clk_pin rise@0.000ns - sys_clk_pin rise@0.000ns)
  Data Path Delay:        0.268ns  (logic 0.186ns (69.528%)  route 0.082ns (30.472%))
  Logic Levels:           1  (LUT5=1)
  Clock Path Skew:        0.013ns (DCD - SCD - CPR)
    Destination Clock Delay (DCD):    1.980ns
    Source Clock Delay      (SCD):    1.467ns
    Clock Pessimism Removal (CPR):    0.500ns

    Location             Delay type                Incr(ns)  Path(ns)    Netlist Resource(s)
  -------------------------------------------------------------------    -------------------
                         (clock sys_clk_pin rise edge)
                                                      0.000     0.000 r  
    W5                                                0.000     0.000 r  clk (IN)
                         net (fo=0)                   0.000     0.000    clk
    W5                   IBUF (Prop_ibuf_I_O)         0.226     0.226 r  clk_IBUF_inst/O
                         net (fo=1, routed)           0.631     0.858    clk_IBUF
    BUFGCTRL_X0Y0        BUFG (Prop_bufg_I_O)         0.026     0.884 r  clk_IBUF_BUFG_inst/O
                         net (fo=658, routed)         0.584     1.467    u_uart_controller/u_uart_rx/clk
    SLICE_X63Y79         FDCE                                         r  u_uart_controller/u_uart_rx/r_baud_count_reg[10]/C
  -------------------------------------------------------------------    -------------------
    SLICE_X63Y79         FDCE (Prop_fdce_C_Q)         0.141     1.608 r  u_uart_controller/u_uart_rx/r_baud_count_reg[10]/Q
                         net (fo=12, routed)          0.082     1.690    u_uart_controller/u_uart_rx/r_baud_count_reg[10]
    SLICE_X62Y79         LUT5 (Prop_lut5_I4_O)        0.045     1.735 r  u_uart_controller/u_uart_rx/r_baud_tick_i_1__0/O
                         net (fo=1, routed)           0.000     1.735    u_uart_controller/u_uart_rx/r_baud_tick_i_1__0_n_0
    SLICE_X62Y79         FDCE                                         r  u_uart_controller/u_uart_rx/r_baud_tick_reg/D
  -------------------------------------------------------------------    -------------------

                         (clock sys_clk_pin rise edge)
                                                      0.000     0.000 r  
    W5                                                0.000     0.000 r  clk (IN)
                         net (fo=0)                   0.000     0.000    clk
    W5                   IBUF (Prop_ibuf_I_O)         0.414     0.414 r  clk_IBUF_inst/O
                         net (fo=1, routed)           0.685     1.099    clk_IBUF
    BUFGCTRL_X0Y0        BUFG (Prop_bufg_I_O)         0.029     1.128 r  clk_IBUF_BUFG_inst/O
                         net (fo=658, routed)         0.852     1.980    u_uart_controller/u_uart_rx/clk
    SLICE_X62Y79         FDCE                                         r  u_uart_controller/u_uart_rx/r_baud_tick_reg/C
                         clock pessimism             -0.500     1.480    
    SLICE_X62Y79         FDCE (Hold_fdce_C_D)         0.091     1.571    u_uart_controller/u_uart_rx/r_baud_tick_reg
  -------------------------------------------------------------------
                         required time                         -1.571    
                         arrival time                           1.735    
  -------------------------------------------------------------------
                         slack                                  0.164    

Slack (MET) :             0.172ns  (arrival time - required time)
  Source:                 u_debouncer_key/r_clean_btn_reg/C
                            (rising edge-triggered cell FDCE clocked by sys_clk_pin  {rise@0.000ns fall@5.000ns period=10.000ns})
  Destination:            u_debouncer_key/r_counter_reg[17]/D
                            (rising edge-triggered cell FDCE clocked by sys_clk_pin  {rise@0.000ns fall@5.000ns period=10.000ns})
  Path Group:             sys_clk_pin
  Path Type:              Hold (Min at Fast Process Corner)
  Requirement:            0.000ns  (sys_clk_pin rise@0.000ns - sys_clk_pin rise@0.000ns)
  Data Path Delay:        0.316ns  (logic 0.189ns (59.897%)  route 0.127ns (40.103%))
  Logic Levels:           1  (LUT4=1)
  Clock Path Skew:        0.013ns (DCD - SCD - CPR)
    Destination Clock Delay (DCD):    1.948ns
    Source Clock Delay      (SCD):    1.436ns
    Clock Pessimism Removal (CPR):    0.499ns

    Location             Delay type                Incr(ns)  Path(ns)    Netlist Resource(s)
  -------------------------------------------------------------------    -------------------
                         (clock sys_clk_pin rise edge)
                                                      0.000     0.000 r  
    W5                                                0.000     0.000 r  clk (IN)
                         net (fo=0)                   0.000     0.000    clk
    W5                   IBUF (Prop_ibuf_I_O)         0.226     0.226 r  clk_IBUF_inst/O
                         net (fo=1, routed)           0.631     0.858    clk_IBUF
    BUFGCTRL_X0Y0        BUFG (Prop_bufg_I_O)         0.026     0.884 r  clk_IBUF_BUFG_inst/O
                         net (fo=658, routed)         0.553     1.436    u_debouncer_key/clk
    SLICE_X47Y79         FDCE                                         r  u_debouncer_key/r_clean_btn_reg/C
  -------------------------------------------------------------------    -------------------
    SLICE_X47Y79         FDCE (Prop_fdce_C_Q)         0.141     1.577 r  u_debouncer_key/r_clean_btn_reg/Q
                         net (fo=23, routed)          0.127     1.704    u_debouncer_key/r_clean_btn_reg_n_0
    SLICE_X46Y79         LUT4 (Prop_lut4_I1_O)        0.048     1.752 r  u_debouncer_key/r_counter[17]_i_1__1/O
                         net (fo=1, routed)           0.000     1.752    u_debouncer_key/p_0_in[17]
    SLICE_X46Y79         FDCE                                         r  u_debouncer_key/r_counter_reg[17]/D
  -------------------------------------------------------------------    -------------------

                         (clock sys_clk_pin rise edge)
                                                      0.000     0.000 r  
    W5                                                0.000     0.000 r  clk (IN)
                         net (fo=0)                   0.000     0.000    clk
    W5                   IBUF (Prop_ibuf_I_O)         0.414     0.414 r  clk_IBUF_inst/O
                         net (fo=1, routed)           0.685     1.099    clk_IBUF
    BUFGCTRL_X0Y0        BUFG (Prop_bufg_I_O)         0.029     1.128 r  clk_IBUF_BUFG_inst/O
                         net (fo=658, routed)         0.821     1.948    u_debouncer_key/clk
    SLICE_X46Y79         FDCE                                         r  u_debouncer_key/r_counter_reg[17]/C
                         clock pessimism             -0.499     1.449    
    SLICE_X46Y79         FDCE (Hold_fdce_C_D)         0.131     1.580    u_debouncer_key/r_counter_reg[17]
  -------------------------------------------------------------------
                         required time                         -1.580    
                         arrival time                           1.752    
  -------------------------------------------------------------------
                         slack                                  0.172    

Slack (MET) :             0.179ns  (arrival time - required time)
  Source:                 u_debouncer_key/r_clean_btn_reg/C
                            (rising edge-triggered cell FDCE clocked by sys_clk_pin  {rise@0.000ns fall@5.000ns period=10.000ns})
  Destination:            u_debouncer_key/r_counter_reg[14]/D
                            (rising edge-triggered cell FDCE clocked by sys_clk_pin  {rise@0.000ns fall@5.000ns period=10.000ns})
  Path Group:             sys_clk_pin
  Path Type:              Hold (Min at Fast Process Corner)
  Requirement:            0.000ns  (sys_clk_pin rise@0.000ns - sys_clk_pin rise@0.000ns)
  Data Path Delay:        0.313ns  (logic 0.186ns (59.512%)  route 0.127ns (40.488%))
  Logic Levels:           1  (LUT4=1)
  Clock Path Skew:        0.013ns (DCD - SCD - CPR)
    Destination Clock Delay (DCD):    1.948ns
    Source Clock Delay      (SCD):    1.436ns
    Clock Pessimism Removal (CPR):    0.499ns

    Location             Delay type                Incr(ns)  Path(ns)    Netlist Resource(s)
  -------------------------------------------------------------------    -------------------
                         (clock sys_clk_pin rise edge)
                                                      0.000     0.000 r  
    W5                                                0.000     0.000 r  clk (IN)
                         net (fo=0)                   0.000     0.000    clk
    W5                   IBUF (Prop_ibuf_I_O)         0.226     0.226 r  clk_IBUF_inst/O
                         net (fo=1, routed)           0.631     0.858    clk_IBUF
    BUFGCTRL_X0Y0        BUFG (Prop_bufg_I_O)         0.026     0.884 r  clk_IBUF_BUFG_inst/O
                         net (fo=658, routed)         0.553     1.436    u_debouncer_key/clk
    SLICE_X47Y79         FDCE                                         r  u_debouncer_key/r_clean_btn_reg/C
  -------------------------------------------------------------------    -------------------
    SLICE_X47Y79         FDCE (Prop_fdce_C_Q)         0.141     1.577 r  u_debouncer_key/r_clean_btn_reg/Q
                         net (fo=23, routed)          0.127     1.704    u_debouncer_key/r_clean_btn_reg_n_0
    SLICE_X46Y79         LUT4 (Prop_lut4_I1_O)        0.045     1.749 r  u_debouncer_key/r_counter[14]_i_1__1/O
                         net (fo=1, routed)           0.000     1.749    u_debouncer_key/p_0_in[14]
    SLICE_X46Y79         FDCE                                         r  u_debouncer_key/r_counter_reg[14]/D
  -------------------------------------------------------------------    -------------------

                         (clock sys_clk_pin rise edge)
                                                      0.000     0.000 r  
    W5                                                0.000     0.000 r  clk (IN)
                         net (fo=0)                   0.000     0.000    clk
    W5                   IBUF (Prop_ibuf_I_O)         0.414     0.414 r  clk_IBUF_inst/O
                         net (fo=1, routed)           0.685     1.099    clk_IBUF
    BUFGCTRL_X0Y0        BUFG (Prop_bufg_I_O)         0.029     1.128 r  clk_IBUF_BUFG_inst/O
                         net (fo=658, routed)         0.821     1.948    u_debouncer_key/clk
    SLICE_X46Y79         FDCE                                         r  u_debouncer_key/r_counter_reg[14]/C
                         clock pessimism             -0.499     1.449    
    SLICE_X46Y79         FDCE (Hold_fdce_C_D)         0.121     1.570    u_debouncer_key/r_counter_reg[14]
  -------------------------------------------------------------------
                         required time                         -1.570    
                         arrival time                           1.749    
  -------------------------------------------------------------------
                         slack                                  0.179    

Slack (MET) :             0.179ns  (arrival time - required time)
  Source:                 u_dht11/r_dht_data_reg_reg[24]/C
                            (rising edge-triggered cell FDCE clocked by sys_clk_pin  {rise@0.000ns fall@5.000ns period=10.000ns})
  Destination:            u_dht11/r_dht_data_reg_reg[25]/D
                            (rising edge-triggered cell FDCE clocked by sys_clk_pin  {rise@0.000ns fall@5.000ns period=10.000ns})
  Path Group:             sys_clk_pin
  Path Type:              Hold (Min at Fast Process Corner)
  Requirement:            0.000ns  (sys_clk_pin rise@0.000ns - sys_clk_pin rise@0.000ns)
  Data Path Delay:        0.239ns  (logic 0.164ns (68.503%)  route 0.075ns (31.497%))
  Logic Levels:           0  
  Clock Path Skew:        0.013ns (DCD - SCD - CPR)
    Destination Clock Delay (DCD):    1.951ns
    Source Clock Delay      (SCD):    1.439ns
    Clock Pessimism Removal (CPR):    0.499ns

    Location             Delay type                Incr(ns)  Path(ns)    Netlist Resource(s)
  -------------------------------------------------------------------    -------------------
                         (clock sys_clk_pin rise edge)
                                                      0.000     0.000 r  
    W5                                                0.000     0.000 r  clk (IN)
                         net (fo=0)                   0.000     0.000    clk
    W5                   IBUF (Prop_ibuf_I_O)         0.226     0.226 r  clk_IBUF_inst/O
                         net (fo=1, routed)           0.631     0.858    clk_IBUF
    BUFGCTRL_X0Y0        BUFG (Prop_bufg_I_O)         0.026     0.884 r  clk_IBUF_BUFG_inst/O
                         net (fo=658, routed)         0.556     1.439    u_dht11/clk
    SLICE_X42Y83         FDCE                                         r  u_dht11/r_dht_data_reg_reg[24]/C
  -------------------------------------------------------------------    -------------------
    SLICE_X42Y83         FDCE (Prop_fdce_C_Q)         0.164     1.603 r  u_dht11/r_dht_data_reg_reg[24]/Q
                         net (fo=3, routed)           0.075     1.679    u_dht11/p_0_in[0]
    SLICE_X43Y83         FDCE                                         r  u_dht11/r_dht_data_reg_reg[25]/D
  -------------------------------------------------------------------    -------------------

                         (clock sys_clk_pin rise edge)
                                                      0.000     0.000 r  
    W5                                                0.000     0.000 r  clk (IN)
                         net (fo=0)                   0.000     0.000    clk
    W5                   IBUF (Prop_ibuf_I_O)         0.414     0.414 r  clk_IBUF_inst/O
                         net (fo=1, routed)           0.685     1.099    clk_IBUF
    BUFGCTRL_X0Y0        BUFG (Prop_bufg_I_O)         0.029     1.128 r  clk_IBUF_BUFG_inst/O
                         net (fo=658, routed)         0.824     1.951    u_dht11/clk
    SLICE_X43Y83         FDCE                                         r  u_dht11/r_dht_data_reg_reg[25]/C
                         clock pessimism             -0.499     1.452    
    SLICE_X43Y83         FDCE (Hold_fdce_C_D)         0.047     1.499    u_dht11/r_dht_data_reg_reg[25]
  -------------------------------------------------------------------
                         required time                         -1.499    
                         arrival time                           1.679    
  -------------------------------------------------------------------
                         slack                                  0.179    

Slack (MET) :             0.189ns  (arrival time - required time)
  Source:                 u_dht11/r_dht_data_reg_reg[21]/C
                            (rising edge-triggered cell FDCE clocked by sys_clk_pin  {rise@0.000ns fall@5.000ns period=10.000ns})
  Destination:            u_dht11/temperature_reg[5]/D
                            (rising edge-triggered cell FDCE clocked by sys_clk_pin  {rise@0.000ns fall@5.000ns period=10.000ns})
  Path Group:             sys_clk_pin
  Path Type:              Hold (Min at Fast Process Corner)
  Requirement:            0.000ns  (sys_clk_pin rise@0.000ns - sys_clk_pin rise@0.000ns)
  Data Path Delay:        0.274ns  (logic 0.141ns (51.463%)  route 0.133ns (48.537%))
  Logic Levels:           0  
  Clock Path Skew:        0.015ns (DCD - SCD - CPR)
    Destination Clock Delay (DCD):    1.953ns
    Source Clock Delay      (SCD):    1.440ns
    Clock Pessimism Removal (CPR):    0.498ns

    Location             Delay type                Incr(ns)  Path(ns)    Netlist Resource(s)
  -------------------------------------------------------------------    -------------------
                         (clock sys_clk_pin rise edge)
                                                      0.000     0.000 r  
    W5                                                0.000     0.000 r  clk (IN)
                         net (fo=0)                   0.000     0.000    clk
    W5                   IBUF (Prop_ibuf_I_O)         0.226     0.226 r  clk_IBUF_inst/O
                         net (fo=1, routed)           0.631     0.858    clk_IBUF
    BUFGCTRL_X0Y0        BUFG (Prop_bufg_I_O)         0.026     0.884 r  clk_IBUF_BUFG_inst/O
                         net (fo=658, routed)         0.557     1.440    u_dht11/clk
    SLICE_X43Y86         FDCE                                         r  u_dht11/r_dht_data_reg_reg[21]/C
  -------------------------------------------------------------------    -------------------
    SLICE_X43Y86         FDCE (Prop_fdce_C_Q)         0.141     1.581 r  u_dht11/r_dht_data_reg_reg[21]/Q
                         net (fo=6, routed)           0.133     1.714    u_dht11/r_dht_data_reg_reg_n_0_[21]
    SLICE_X43Y85         FDCE                                         r  u_dht11/temperature_reg[5]/D
  -------------------------------------------------------------------    -------------------

                         (clock sys_clk_pin rise edge)
                                                      0.000     0.000 r  
    W5                                                0.000     0.000 r  clk (IN)
                         net (fo=0)                   0.000     0.000    clk
    W5                   IBUF (Prop_ibuf_I_O)         0.414     0.414 r  clk_IBUF_inst/O
                         net (fo=1, routed)           0.685     1.099    clk_IBUF
    BUFGCTRL_X0Y0        BUFG (Prop_bufg_I_O)         0.029     1.128 r  clk_IBUF_BUFG_inst/O
                         net (fo=658, routed)         0.826     1.953    u_dht11/clk
    SLICE_X43Y85         FDCE                                         r  u_dht11/temperature_reg[5]/C
                         clock pessimism             -0.498     1.455    
    SLICE_X43Y85         FDCE (Hold_fdce_C_D)         0.070     1.525    u_dht11/temperature_reg[5]
  -------------------------------------------------------------------
                         required time                         -1.525    
                         arrival time                           1.714    
  -------------------------------------------------------------------
                         slack                                  0.189    





Pulse Width Checks
--------------------------------------------------------------------------------------
Clock Name:         sys_clk_pin
Waveform(ns):       { 0.000 5.000 }
Period(ns):         10.000
Sources:            { clk }

Check Type        Corner  Lib Pin  Reference Pin  Required(ns)  Actual(ns)  Slack(ns)  Location       Pin
Min Period        n/a     BUFG/I   n/a            2.155         10.000      7.845      BUFGCTRL_X0Y0  clk_IBUF_BUFG_inst/I
Min Period        n/a     FDCE/C   n/a            1.000         10.000      9.000      SLICE_X63Y89   u_DS1302/ce_reg/C
Min Period        n/a     FDCE/C   n/a            1.000         10.000      9.000      SLICE_X62Y95   u_DS1302/r_50_counter_reg[0]/C
Min Period        n/a     FDCE/C   n/a            1.000         10.000      9.000      SLICE_X62Y94   u_DS1302/r_50_counter_reg[1]/C
Min Period        n/a     FDCE/C   n/a            1.000         10.000      9.000      SLICE_X62Y95   u_DS1302/r_50_counter_reg[2]/C
Min Period        n/a     FDCE/C   n/a            1.000         10.000      9.000      SLICE_X62Y95   u_DS1302/r_50_counter_reg[3]/C
Min Period        n/a     FDCE/C   n/a            1.000         10.000      9.000      SLICE_X62Y94   u_DS1302/r_50_counter_reg[4]/C
Min Period        n/a     FDCE/C   n/a            1.000         10.000      9.000      SLICE_X62Y94   u_DS1302/r_50_counter_reg[5]/C
Min Period        n/a     FDCE/C   n/a            1.000         10.000      9.000      SLICE_X61Y92   u_DS1302/r_bit_counter_reg[0]/C
Min Period        n/a     FDCE/C   n/a            1.000         10.000      9.000      SLICE_X61Y92   u_DS1302/r_bit_counter_reg[1]/C
Low Pulse Width   Slow    FDCE/C   n/a            0.500         5.000       4.500      SLICE_X63Y89   u_DS1302/ce_reg/C
Low Pulse Width   Fast    FDCE/C   n/a            0.500         5.000       4.500      SLICE_X63Y89   u_DS1302/ce_reg/C
Low Pulse Width   Slow    FDCE/C   n/a            0.500         5.000       4.500      SLICE_X62Y95   u_DS1302/r_50_counter_reg[0]/C
Low Pulse Width   Fast    FDCE/C   n/a            0.500         5.000       4.500      SLICE_X62Y95   u_DS1302/r_50_counter_reg[0]/C
Low Pulse Width   Slow    FDCE/C   n/a            0.500         5.000       4.500      SLICE_X62Y94   u_DS1302/r_50_counter_reg[1]/C
Low Pulse Width   Fast    FDCE/C   n/a            0.500         5.000       4.500      SLICE_X62Y94   u_DS1302/r_50_counter_reg[1]/C
Low Pulse Width   Slow    FDCE/C   n/a            0.500         5.000       4.500      SLICE_X62Y95   u_DS1302/r_50_counter_reg[2]/C
Low Pulse Width   Fast    FDCE/C   n/a            0.500         5.000       4.500      SLICE_X62Y95   u_DS1302/r_50_counter_reg[2]/C
Low Pulse Width   Slow    FDCE/C   n/a            0.500         5.000       4.500      SLICE_X62Y95   u_DS1302/r_50_counter_reg[3]/C
Low Pulse Width   Fast    FDCE/C   n/a            0.500         5.000       4.500      SLICE_X62Y95   u_DS1302/r_50_counter_reg[3]/C
High Pulse Width  Slow    FDCE/C   n/a            0.500         5.000       4.500      SLICE_X63Y89   u_DS1302/ce_reg/C
High Pulse Width  Fast    FDCE/C   n/a            0.500         5.000       4.500      SLICE_X63Y89   u_DS1302/ce_reg/C
High Pulse Width  Slow    FDCE/C   n/a            0.500         5.000       4.500      SLICE_X62Y95   u_DS1302/r_50_counter_reg[0]/C
High Pulse Width  Fast    FDCE/C   n/a            0.500         5.000       4.500      SLICE_X62Y95   u_DS1302/r_50_counter_reg[0]/C
High Pulse Width  Slow    FDCE/C   n/a            0.500         5.000       4.500      SLICE_X62Y94   u_DS1302/r_50_counter_reg[1]/C
High Pulse Width  Fast    FDCE/C   n/a            0.500         5.000       4.500      SLICE_X62Y94   u_DS1302/r_50_counter_reg[1]/C
High Pulse Width  Slow    FDCE/C   n/a            0.500         5.000       4.500      SLICE_X62Y95   u_DS1302/r_50_counter_reg[2]/C
High Pulse Width  Fast    FDCE/C   n/a            0.500         5.000       4.500      SLICE_X62Y95   u_DS1302/r_50_counter_reg[2]/C
High Pulse Width  Slow    FDCE/C   n/a            0.500         5.000       4.500      SLICE_X62Y95   u_DS1302/r_50_counter_reg[3]/C
High Pulse Width  Fast    FDCE/C   n/a            0.500         5.000       4.500      SLICE_X62Y95   u_DS1302/r_50_counter_reg[3]/C



