Copyright 1986-2021 Xilinx, Inc. All Rights Reserved.
--------------------------------------------------------------------------------------------------------------------------------------------------------------------------------------------------------------------
| Tool Version : Vivado v.2021.1 (win64) Build 3247384 Thu Jun 10 19:36:33 MDT 2021
| Date         : Thu Feb 26 14:50:22 2026
| Host         : DESKTOP-FAVD00F running 64-bit major release  (build 9200)
| Command      : report_timing_summary -max_paths 10 -file top_pwm_dcmotor_timing_summary_routed.rpt -pb top_pwm_dcmotor_timing_summary_routed.pb -rpx top_pwm_dcmotor_timing_summary_routed.rpx -warn_on_violation
| Design       : top_pwm_dcmotor
| Device       : 7a35t-cpg236
| Speed File   : -1  PRODUCTION 1.23 2018-06-13
--------------------------------------------------------------------------------------------------------------------------------------------------------------------------------------------------------------------

Timing Summary Report

------------------------------------------------------------------------------------------------
| Timer Settings
| --------------
------------------------------------------------------------------------------------------------

  Enable Multi Corner Analysis               :  Yes
  Enable Pessimism Removal                   :  Yes
  Pessimism Removal Resolution               :  Nearest Common Node
  Enable Input Delay Default Clock           :  No
  Enable Preset / Clear Arcs                 :  No
  Disable Flight Delays                      :  No
  Ignore I/O Paths                           :  No
  Timing Early Launch at Borrowing Latches   :  No
  Borrow Time for Max Delay Exceptions       :  Yes
  Merge Timing Exceptions                    :  Yes

  Corner  Analyze    Analyze    
  Name    Max Paths  Min Paths  
  ------  ---------  ---------  
  Slow    Yes        Yes        
  Fast    Yes        Yes        


------------------------------------------------------------------------------------------------
| Report Methodology
| ------------------
------------------------------------------------------------------------------------------------

Rule       Severity  Description                    Violations  
---------  --------  -----------------------------  ----------  
TIMING-18  Warning   Missing input or output delay  5           

Note: This report is based on the most recent report_methodology run and may not be up-to-date. Run report_methodology on the current design for the latest report.



check_timing report

Table of Contents
-----------------
1. checking no_clock (0)
2. checking constant_clock (0)
3. checking pulse_width_clock (0)
4. checking unconstrained_internal_endpoints (0)
5. checking no_input_delay (3)
6. checking no_output_delay (2)
7. checking multiple_clock (0)
8. checking generated_clocks (0)
9. checking loops (0)
10. checking partial_input_delay (0)
11. checking partial_output_delay (0)
12. checking latch_loops (0)

1. checking no_clock (0)
------------------------
 There are 0 register/latch pins with no clock.


2. checking constant_clock (0)
------------------------------
 There are 0 register/latch pins with constant_clock.


3. checking pulse_width_clock (0)
---------------------------------
 There are 0 register/latch pins which need pulse_width check


4. checking unconstrained_internal_endpoints (0)
------------------------------------------------
 There are 0 pins that are not constrained for maximum delay.

 There are 0 pins that are not constrained for maximum delay due to constant clock.


5. checking no_input_delay (3)
------------------------------
 There are 3 input ports with no input delay specified. (HIGH)

 There are 0 input ports with no input delay but user has a false path constraint.


6. checking no_output_delay (2)
-------------------------------
 There are 2 ports with no output delay specified. (HIGH)

 There are 0 ports with no output delay but user has a false path constraint

 There are 0 ports with no output delay but with a timing clock defined on it or propagating through it


7. checking multiple_clock (0)
------------------------------
 There are 0 register/latch pins with multiple clocks.


8. checking generated_clocks (0)
--------------------------------
 There are 0 generated clocks that are not connected to a clock source.


9. checking loops (0)
---------------------
 There are 0 combinational loops in the design.


10. checking partial_input_delay (0)
------------------------------------
 There are 0 input ports with partial input delay specified.


11. checking partial_output_delay (0)
-------------------------------------
 There are 0 ports with partial output delay specified.


12. checking latch_loops (0)
----------------------------
 There are 0 combinational latch loops in the design through latch input



------------------------------------------------------------------------------------------------
| Design Timing Summary
| ---------------------
------------------------------------------------------------------------------------------------

    WNS(ns)      TNS(ns)  TNS Failing Endpoints  TNS Total Endpoints      WHS(ns)      THS(ns)  THS Failing Endpoints  THS Total Endpoints     WPWS(ns)     TPWS(ns)  TPWS Failing Endpoints  TPWS Total Endpoints  
    -------      -------  ---------------------  -------------------      -------      -------  ---------------------  -------------------     --------     --------  ----------------------  --------------------  
      6.324        0.000                      0                   50        0.110        0.000                      0                   50        4.500        0.000                       0                    47  


All user specified timing constraints are met.


------------------------------------------------------------------------------------------------
| Clock Summary
| -------------
------------------------------------------------------------------------------------------------

Clock        Waveform(ns)       Period(ns)      Frequency(MHz)
-----        ------------       ----------      --------------
sys_clk_pin  {0.000 5.000}      10.000          100.000         


------------------------------------------------------------------------------------------------
| Intra Clock Table
| -----------------
------------------------------------------------------------------------------------------------

Clock             WNS(ns)      TNS(ns)  TNS Failing Endpoints  TNS Total Endpoints      WHS(ns)      THS(ns)  THS Failing Endpoints  THS Total Endpoints     WPWS(ns)     TPWS(ns)  TPWS Failing Endpoints  TPWS Total Endpoints  
-----             -------      -------  ---------------------  -------------------      -------      -------  ---------------------  -------------------     --------     --------  ----------------------  --------------------  
sys_clk_pin         6.324        0.000                      0                   50        0.110        0.000                      0                   50        4.500        0.000                       0                    47  


------------------------------------------------------------------------------------------------
| Inter Clock Table
| -----------------
------------------------------------------------------------------------------------------------

From Clock    To Clock          WNS(ns)      TNS(ns)  TNS Failing Endpoints  TNS Total Endpoints      WHS(ns)      THS(ns)  THS Failing Endpoints  THS Total Endpoints  
----------    --------          -------      -------  ---------------------  -------------------      -------      -------  ---------------------  -------------------  


------------------------------------------------------------------------------------------------
| Other Path Groups Table
| -----------------------
------------------------------------------------------------------------------------------------

Path Group    From Clock    To Clock          WNS(ns)      TNS(ns)  TNS Failing Endpoints  TNS Total Endpoints      WHS(ns)      THS(ns)  THS Failing Endpoints  THS Total Endpoints  
----------    ----------    --------          -------      -------  ---------------------  -------------------      -------      -------  ---------------------  -------------------  


------------------------------------------------------------------------------------------------
| Timing Details
| --------------
------------------------------------------------------------------------------------------------


---------------------------------------------------------------------------------------------------
From Clock:  sys_clk_pin
  To Clock:  sys_clk_pin

Setup :            0  Failing Endpoints,  Worst Slack        6.324ns,  Total Violation        0.000ns
Hold  :            0  Failing Endpoints,  Worst Slack        0.110ns,  Total Violation        0.000ns
PW    :            0  Failing Endpoints,  Worst Slack        4.500ns,  Total Violation        0.000ns
---------------------------------------------------------------------------------------------------


Max Delay Paths
--------------------------------------------------------------------------------------
Slack (MET) :             6.324ns  (required time - arrival time)
  Source:                 u_decrease_duty_btn/r_counter_reg[2]/C
                            (rising edge-triggered cell FDCE clocked by sys_clk_pin  {rise@0.000ns fall@5.000ns period=10.000ns})
  Destination:            u_decrease_duty_btn/r_counter_reg[14]/D
                            (rising edge-triggered cell FDCE clocked by sys_clk_pin  {rise@0.000ns fall@5.000ns period=10.000ns})
  Path Group:             sys_clk_pin
  Path Type:              Setup (Max at Slow Process Corner)
  Requirement:            10.000ns  (sys_clk_pin rise@10.000ns - sys_clk_pin rise@0.000ns)
  Data Path Delay:        3.543ns  (logic 1.995ns (56.306%)  route 1.548ns (43.694%))
  Logic Levels:           5  (CARRY4=4 LUT6=1)
  Clock Path Skew:        -0.129ns (DCD - SCD + CPR)
    Destination Clock Delay (DCD):    4.849ns = ( 14.849 - 10.000 ) 
    Source Clock Delay      (SCD):    5.157ns
    Clock Pessimism Removal (CPR):    0.180ns
  Clock Uncertainty:      0.035ns  ((TSJ^2 + TIJ^2)^1/2 + DJ) / 2 + PE
    Total System Jitter     (TSJ):    0.071ns
    Total Input Jitter      (TIJ):    0.000ns
    Discrete Jitter          (DJ):    0.000ns
    Phase Error              (PE):    0.000ns

    Location             Delay type                Incr(ns)  Path(ns)    Netlist Resource(s)
  -------------------------------------------------------------------    -------------------
                         (clock sys_clk_pin rise edge)
                                                      0.000     0.000 r  
    W5                                                0.000     0.000 r  clk (IN)
                         net (fo=0)                   0.000     0.000    clk
    W5                   IBUF (Prop_ibuf_I_O)         1.458     1.458 r  clk_IBUF_inst/O
                         net (fo=1, routed)           1.967     3.425    clk_IBUF
    BUFGCTRL_X0Y0        BUFG (Prop_bufg_I_O)         0.096     3.521 r  clk_IBUF_BUFG_inst/O
                         net (fo=46, routed)          1.636     5.157    u_decrease_duty_btn/CLK
    SLICE_X4Y49          FDCE                                         r  u_decrease_duty_btn/r_counter_reg[2]/C
  -------------------------------------------------------------------    -------------------
    SLICE_X4Y49          FDCE (Prop_fdce_C_Q)         0.456     5.613 r  u_decrease_duty_btn/r_counter_reg[2]/Q
                         net (fo=2, routed)           0.734     6.347    u_decrease_duty_btn/r_counter_reg_n_0_[2]
    SLICE_X5Y49          CARRY4 (Prop_carry4_S[1]_CO[3])
                                                      0.674     7.021 r  u_decrease_duty_btn/r_counter0_carry/CO[3]
                         net (fo=1, routed)           0.001     7.022    u_decrease_duty_btn/r_counter0_carry_n_0
    SLICE_X5Y50          CARRY4 (Prop_carry4_CI_CO[3])
                                                      0.114     7.136 r  u_decrease_duty_btn/r_counter0_carry__0/CO[3]
                         net (fo=1, routed)           0.000     7.136    u_decrease_duty_btn/r_counter0_carry__0_n_0
    SLICE_X5Y51          CARRY4 (Prop_carry4_CI_CO[3])
                                                      0.114     7.250 r  u_decrease_duty_btn/r_counter0_carry__1/CO[3]
                         net (fo=1, routed)           0.000     7.250    u_decrease_duty_btn/r_counter0_carry__1_n_0
    SLICE_X5Y52          CARRY4 (Prop_carry4_CI_O[1])
                                                      0.334     7.584 r  u_decrease_duty_btn/r_counter0_carry__2/O[1]
                         net (fo=1, routed)           0.814     8.397    u_decrease_duty_btn/r_counter0_carry__2_n_6
    SLICE_X4Y52          LUT6 (Prop_lut6_I5_O)        0.303     8.700 r  u_decrease_duty_btn/r_counter[14]_i_1__0/O
                         net (fo=1, routed)           0.000     8.700    u_decrease_duty_btn/r_counter[14]_i_1__0_n_0
    SLICE_X4Y52          FDCE                                         r  u_decrease_duty_btn/r_counter_reg[14]/D
  -------------------------------------------------------------------    -------------------

                         (clock sys_clk_pin rise edge)
                                                     10.000    10.000 r  
    W5                                                0.000    10.000 r  clk (IN)
                         net (fo=0)                   0.000    10.000    clk
    W5                   IBUF (Prop_ibuf_I_O)         1.388    11.388 r  clk_IBUF_inst/O
                         net (fo=1, routed)           1.862    13.250    clk_IBUF
    BUFGCTRL_X0Y0        BUFG (Prop_bufg_I_O)         0.091    13.341 r  clk_IBUF_BUFG_inst/O
                         net (fo=46, routed)          1.508    14.849    u_decrease_duty_btn/CLK
    SLICE_X4Y52          FDCE                                         r  u_decrease_duty_btn/r_counter_reg[14]/C
                         clock pessimism              0.180    15.029    
                         clock uncertainty           -0.035    14.993    
    SLICE_X4Y52          FDCE (Setup_fdce_C_D)        0.031    15.024    u_decrease_duty_btn/r_counter_reg[14]
  -------------------------------------------------------------------
                         required time                         15.024    
                         arrival time                          -8.700    
  -------------------------------------------------------------------
                         slack                                  6.324    

Slack (MET) :             6.375ns  (required time - arrival time)
  Source:                 u_increase_duty_btn/r_counter_reg[0]/C
                            (rising edge-triggered cell FDCE clocked by sys_clk_pin  {rise@0.000ns fall@5.000ns period=10.000ns})
  Destination:            u_increase_duty_btn/r_clean_btn_reg/CE
                            (rising edge-triggered cell FDCE clocked by sys_clk_pin  {rise@0.000ns fall@5.000ns period=10.000ns})
  Path Group:             sys_clk_pin
  Path Type:              Setup (Max at Slow Process Corner)
  Requirement:            10.000ns  (sys_clk_pin rise@10.000ns - sys_clk_pin rise@0.000ns)
  Data Path Delay:        3.255ns  (logic 0.890ns (27.342%)  route 2.365ns (72.658%))
  Logic Levels:           3  (LUT5=1 LUT6=2)
  Clock Path Skew:        -0.130ns (DCD - SCD + CPR)
    Destination Clock Delay (DCD):    4.851ns = ( 14.851 - 10.000 ) 
    Source Clock Delay      (SCD):    5.160ns
    Clock Pessimism Removal (CPR):    0.180ns
  Clock Uncertainty:      0.035ns  ((TSJ^2 + TIJ^2)^1/2 + DJ) / 2 + PE
    Total System Jitter     (TSJ):    0.071ns
    Total Input Jitter      (TIJ):    0.000ns
    Discrete Jitter          (DJ):    0.000ns
    Phase Error              (PE):    0.000ns

    Location             Delay type                Incr(ns)  Path(ns)    Netlist Resource(s)
  -------------------------------------------------------------------    -------------------
                         (clock sys_clk_pin rise edge)
                                                      0.000     0.000 r  
    W5                                                0.000     0.000 r  clk (IN)
                         net (fo=0)                   0.000     0.000    clk
    W5                   IBUF (Prop_ibuf_I_O)         1.458     1.458 r  clk_IBUF_inst/O
                         net (fo=1, routed)           1.967     3.425    clk_IBUF
    BUFGCTRL_X0Y0        BUFG (Prop_bufg_I_O)         0.096     3.521 r  clk_IBUF_BUFG_inst/O
                         net (fo=46, routed)          1.639     5.160    u_increase_duty_btn/CLK
    SLICE_X2Y49          FDCE                                         r  u_increase_duty_btn/r_counter_reg[0]/C
  -------------------------------------------------------------------    -------------------
    SLICE_X2Y49          FDCE (Prop_fdce_C_Q)         0.518     5.678 r  u_increase_duty_btn/r_counter_reg[0]/Q
                         net (fo=3, routed)           0.978     6.657    u_increase_duty_btn/r_counter[0]
    SLICE_X0Y49          LUT5 (Prop_lut5_I2_O)        0.124     6.781 f  u_increase_duty_btn/r_clean_btn_i_5/O
                         net (fo=1, routed)           0.607     7.387    u_increase_duty_btn/r_clean_btn_i_5_n_0
    SLICE_X0Y50          LUT6 (Prop_lut6_I4_O)        0.124     7.511 f  u_increase_duty_btn/r_clean_btn_i_3/O
                         net (fo=18, routed)          0.457     7.969    u_increase_duty_btn/r_clean_btn_i_3_n_0
    SLICE_X2Y50          LUT6 (Prop_lut6_I3_O)        0.124     8.093 r  u_increase_duty_btn/r_clean_btn_i_1/O
                         net (fo=1, routed)           0.323     8.415    u_increase_duty_btn/r_clean_btn
    SLICE_X1Y50          FDCE                                         r  u_increase_duty_btn/r_clean_btn_reg/CE
  -------------------------------------------------------------------    -------------------

                         (clock sys_clk_pin rise edge)
                                                     10.000    10.000 r  
    W5                                                0.000    10.000 r  clk (IN)
                         net (fo=0)                   0.000    10.000    clk
    W5                   IBUF (Prop_ibuf_I_O)         1.388    11.388 r  clk_IBUF_inst/O
                         net (fo=1, routed)           1.862    13.250    clk_IBUF
    BUFGCTRL_X0Y0        BUFG (Prop_bufg_I_O)         0.091    13.341 r  clk_IBUF_BUFG_inst/O
                         net (fo=46, routed)          1.510    14.851    u_increase_duty_btn/CLK
    SLICE_X1Y50          FDCE                                         r  u_increase_duty_btn/r_clean_btn_reg/C
                         clock pessimism              0.180    15.031    
                         clock uncertainty           -0.035    14.995    
    SLICE_X1Y50          FDCE (Setup_fdce_C_CE)      -0.205    14.790    u_increase_duty_btn/r_clean_btn_reg
  -------------------------------------------------------------------
                         required time                         14.790    
                         arrival time                          -8.415    
  -------------------------------------------------------------------
                         slack                                  6.375    

Slack (MET) :             6.378ns  (required time - arrival time)
  Source:                 u_decrease_duty_btn/r_counter_reg[2]/C
                            (rising edge-triggered cell FDCE clocked by sys_clk_pin  {rise@0.000ns fall@5.000ns period=10.000ns})
  Destination:            u_decrease_duty_btn/r_counter_reg[15]/D
                            (rising edge-triggered cell FDCE clocked by sys_clk_pin  {rise@0.000ns fall@5.000ns period=10.000ns})
  Path Group:             sys_clk_pin
  Path Type:              Setup (Max at Slow Process Corner)
  Requirement:            10.000ns  (sys_clk_pin rise@10.000ns - sys_clk_pin rise@0.000ns)
  Data Path Delay:        3.489ns  (logic 1.899ns (54.425%)  route 1.590ns (45.575%))
  Logic Levels:           5  (CARRY4=4 LUT6=1)
  Clock Path Skew:        -0.129ns (DCD - SCD + CPR)
    Destination Clock Delay (DCD):    4.849ns = ( 14.849 - 10.000 ) 
    Source Clock Delay      (SCD):    5.157ns
    Clock Pessimism Removal (CPR):    0.180ns
  Clock Uncertainty:      0.035ns  ((TSJ^2 + TIJ^2)^1/2 + DJ) / 2 + PE
    Total System Jitter     (TSJ):    0.071ns
    Total Input Jitter      (TIJ):    0.000ns
    Discrete Jitter          (DJ):    0.000ns
    Phase Error              (PE):    0.000ns

    Location             Delay type                Incr(ns)  Path(ns)    Netlist Resource(s)
  -------------------------------------------------------------------    -------------------
                         (clock sys_clk_pin rise edge)
                                                      0.000     0.000 r  
    W5                                                0.000     0.000 r  clk (IN)
                         net (fo=0)                   0.000     0.000    clk
    W5                   IBUF (Prop_ibuf_I_O)         1.458     1.458 r  clk_IBUF_inst/O
                         net (fo=1, routed)           1.967     3.425    clk_IBUF
    BUFGCTRL_X0Y0        BUFG (Prop_bufg_I_O)         0.096     3.521 r  clk_IBUF_BUFG_inst/O
                         net (fo=46, routed)          1.636     5.157    u_decrease_duty_btn/CLK
    SLICE_X4Y49          FDCE                                         r  u_decrease_duty_btn/r_counter_reg[2]/C
  -------------------------------------------------------------------    -------------------
    SLICE_X4Y49          FDCE (Prop_fdce_C_Q)         0.456     5.613 r  u_decrease_duty_btn/r_counter_reg[2]/Q
                         net (fo=2, routed)           0.734     6.347    u_decrease_duty_btn/r_counter_reg_n_0_[2]
    SLICE_X5Y49          CARRY4 (Prop_carry4_S[1]_CO[3])
                                                      0.674     7.021 r  u_decrease_duty_btn/r_counter0_carry/CO[3]
                         net (fo=1, routed)           0.001     7.022    u_decrease_duty_btn/r_counter0_carry_n_0
    SLICE_X5Y50          CARRY4 (Prop_carry4_CI_CO[3])
                                                      0.114     7.136 r  u_decrease_duty_btn/r_counter0_carry__0/CO[3]
                         net (fo=1, routed)           0.000     7.136    u_decrease_duty_btn/r_counter0_carry__0_n_0
    SLICE_X5Y51          CARRY4 (Prop_carry4_CI_CO[3])
                                                      0.114     7.250 r  u_decrease_duty_btn/r_counter0_carry__1/CO[3]
                         net (fo=1, routed)           0.000     7.250    u_decrease_duty_btn/r_counter0_carry__1_n_0
    SLICE_X5Y52          CARRY4 (Prop_carry4_CI_O[2])
                                                      0.239     7.489 r  u_decrease_duty_btn/r_counter0_carry__2/O[2]
                         net (fo=1, routed)           0.856     8.344    u_decrease_duty_btn/r_counter0_carry__2_n_5
    SLICE_X4Y52          LUT6 (Prop_lut6_I5_O)        0.302     8.646 r  u_decrease_duty_btn/r_counter[15]_i_1__0/O
                         net (fo=1, routed)           0.000     8.646    u_decrease_duty_btn/r_counter[15]_i_1__0_n_0
    SLICE_X4Y52          FDCE                                         r  u_decrease_duty_btn/r_counter_reg[15]/D
  -------------------------------------------------------------------    -------------------

                         (clock sys_clk_pin rise edge)
                                                     10.000    10.000 r  
    W5                                                0.000    10.000 r  clk (IN)
                         net (fo=0)                   0.000    10.000    clk
    W5                   IBUF (Prop_ibuf_I_O)         1.388    11.388 r  clk_IBUF_inst/O
                         net (fo=1, routed)           1.862    13.250    clk_IBUF
    BUFGCTRL_X0Y0        BUFG (Prop_bufg_I_O)         0.091    13.341 r  clk_IBUF_BUFG_inst/O
                         net (fo=46, routed)          1.508    14.849    u_decrease_duty_btn/CLK
    SLICE_X4Y52          FDCE                                         r  u_decrease_duty_btn/r_counter_reg[15]/C
                         clock pessimism              0.180    15.029    
                         clock uncertainty           -0.035    14.993    
    SLICE_X4Y52          FDCE (Setup_fdce_C_D)        0.031    15.024    u_decrease_duty_btn/r_counter_reg[15]
  -------------------------------------------------------------------
                         required time                         15.024    
                         arrival time                          -8.646    
  -------------------------------------------------------------------
                         slack                                  6.378    

Slack (MET) :             6.448ns  (required time - arrival time)
  Source:                 u_decrease_duty_btn/r_counter_reg[2]/C
                            (rising edge-triggered cell FDCE clocked by sys_clk_pin  {rise@0.000ns fall@5.000ns period=10.000ns})
  Destination:            u_decrease_duty_btn/r_counter_reg[10]/D
                            (rising edge-triggered cell FDCE clocked by sys_clk_pin  {rise@0.000ns fall@5.000ns period=10.000ns})
  Path Group:             sys_clk_pin
  Path Type:              Setup (Max at Slow Process Corner)
  Requirement:            10.000ns  (sys_clk_pin rise@10.000ns - sys_clk_pin rise@0.000ns)
  Data Path Delay:        3.417ns  (logic 1.881ns (55.043%)  route 1.536ns (44.957%))
  Logic Levels:           4  (CARRY4=3 LUT6=1)
  Clock Path Skew:        -0.129ns (DCD - SCD + CPR)
    Destination Clock Delay (DCD):    4.849ns = ( 14.849 - 10.000 ) 
    Source Clock Delay      (SCD):    5.157ns
    Clock Pessimism Removal (CPR):    0.180ns
  Clock Uncertainty:      0.035ns  ((TSJ^2 + TIJ^2)^1/2 + DJ) / 2 + PE
    Total System Jitter     (TSJ):    0.071ns
    Total Input Jitter      (TIJ):    0.000ns
    Discrete Jitter          (DJ):    0.000ns
    Phase Error              (PE):    0.000ns

    Location             Delay type                Incr(ns)  Path(ns)    Netlist Resource(s)
  -------------------------------------------------------------------    -------------------
                         (clock sys_clk_pin rise edge)
                                                      0.000     0.000 r  
    W5                                                0.000     0.000 r  clk (IN)
                         net (fo=0)                   0.000     0.000    clk
    W5                   IBUF (Prop_ibuf_I_O)         1.458     1.458 r  clk_IBUF_inst/O
                         net (fo=1, routed)           1.967     3.425    clk_IBUF
    BUFGCTRL_X0Y0        BUFG (Prop_bufg_I_O)         0.096     3.521 r  clk_IBUF_BUFG_inst/O
                         net (fo=46, routed)          1.636     5.157    u_decrease_duty_btn/CLK
    SLICE_X4Y49          FDCE                                         r  u_decrease_duty_btn/r_counter_reg[2]/C
  -------------------------------------------------------------------    -------------------
    SLICE_X4Y49          FDCE (Prop_fdce_C_Q)         0.456     5.613 r  u_decrease_duty_btn/r_counter_reg[2]/Q
                         net (fo=2, routed)           0.734     6.347    u_decrease_duty_btn/r_counter_reg_n_0_[2]
    SLICE_X5Y49          CARRY4 (Prop_carry4_S[1]_CO[3])
                                                      0.674     7.021 r  u_decrease_duty_btn/r_counter0_carry/CO[3]
                         net (fo=1, routed)           0.001     7.022    u_decrease_duty_btn/r_counter0_carry_n_0
    SLICE_X5Y50          CARRY4 (Prop_carry4_CI_CO[3])
                                                      0.114     7.136 r  u_decrease_duty_btn/r_counter0_carry__0/CO[3]
                         net (fo=1, routed)           0.000     7.136    u_decrease_duty_btn/r_counter0_carry__0_n_0
    SLICE_X5Y51          CARRY4 (Prop_carry4_CI_O[1])
                                                      0.334     7.470 r  u_decrease_duty_btn/r_counter0_carry__1/O[1]
                         net (fo=1, routed)           0.802     8.272    u_decrease_duty_btn/r_counter0_carry__1_n_6
    SLICE_X4Y51          LUT6 (Prop_lut6_I5_O)        0.303     8.575 r  u_decrease_duty_btn/r_counter[10]_i_1__0/O
                         net (fo=1, routed)           0.000     8.575    u_decrease_duty_btn/r_counter[10]_i_1__0_n_0
    SLICE_X4Y51          FDCE                                         r  u_decrease_duty_btn/r_counter_reg[10]/D
  -------------------------------------------------------------------    -------------------

                         (clock sys_clk_pin rise edge)
                                                     10.000    10.000 r  
    W5                                                0.000    10.000 r  clk (IN)
                         net (fo=0)                   0.000    10.000    clk
    W5                   IBUF (Prop_ibuf_I_O)         1.388    11.388 r  clk_IBUF_inst/O
                         net (fo=1, routed)           1.862    13.250    clk_IBUF
    BUFGCTRL_X0Y0        BUFG (Prop_bufg_I_O)         0.091    13.341 r  clk_IBUF_BUFG_inst/O
                         net (fo=46, routed)          1.508    14.849    u_decrease_duty_btn/CLK
    SLICE_X4Y51          FDCE                                         r  u_decrease_duty_btn/r_counter_reg[10]/C
                         clock pessimism              0.180    15.029    
                         clock uncertainty           -0.035    14.993    
    SLICE_X4Y51          FDCE (Setup_fdce_C_D)        0.029    15.022    u_decrease_duty_btn/r_counter_reg[10]
  -------------------------------------------------------------------
                         required time                         15.022    
                         arrival time                          -8.575    
  -------------------------------------------------------------------
                         slack                                  6.448    

Slack (MET) :             6.497ns  (required time - arrival time)
  Source:                 u_increase_duty_btn/r_counter_reg[0]/C
                            (rising edge-triggered cell FDCE clocked by sys_clk_pin  {rise@0.000ns fall@5.000ns period=10.000ns})
  Destination:            u_increase_duty_btn/r_counter_reg[16]/D
                            (rising edge-triggered cell FDCE clocked by sys_clk_pin  {rise@0.000ns fall@5.000ns period=10.000ns})
  Path Group:             sys_clk_pin
  Path Type:              Setup (Max at Slow Process Corner)
  Requirement:            10.000ns  (sys_clk_pin rise@10.000ns - sys_clk_pin rise@0.000ns)
  Data Path Delay:        3.415ns  (logic 0.890ns (26.061%)  route 2.525ns (73.939%))
  Logic Levels:           3  (LUT5=1 LUT6=2)
  Clock Path Skew:        -0.130ns (DCD - SCD + CPR)
    Destination Clock Delay (DCD):    4.851ns = ( 14.851 - 10.000 ) 
    Source Clock Delay      (SCD):    5.160ns
    Clock Pessimism Removal (CPR):    0.180ns
  Clock Uncertainty:      0.035ns  ((TSJ^2 + TIJ^2)^1/2 + DJ) / 2 + PE
    Total System Jitter     (TSJ):    0.071ns
    Total Input Jitter      (TIJ):    0.000ns
    Discrete Jitter          (DJ):    0.000ns
    Phase Error              (PE):    0.000ns

    Location             Delay type                Incr(ns)  Path(ns)    Netlist Resource(s)
  -------------------------------------------------------------------    -------------------
                         (clock sys_clk_pin rise edge)
                                                      0.000     0.000 r  
    W5                                                0.000     0.000 r  clk (IN)
                         net (fo=0)                   0.000     0.000    clk
    W5                   IBUF (Prop_ibuf_I_O)         1.458     1.458 r  clk_IBUF_inst/O
                         net (fo=1, routed)           1.967     3.425    clk_IBUF
    BUFGCTRL_X0Y0        BUFG (Prop_bufg_I_O)         0.096     3.521 r  clk_IBUF_BUFG_inst/O
                         net (fo=46, routed)          1.639     5.160    u_increase_duty_btn/CLK
    SLICE_X2Y49          FDCE                                         r  u_increase_duty_btn/r_counter_reg[0]/C
  -------------------------------------------------------------------    -------------------
    SLICE_X2Y49          FDCE (Prop_fdce_C_Q)         0.518     5.678 f  u_increase_duty_btn/r_counter_reg[0]/Q
                         net (fo=3, routed)           0.978     6.657    u_increase_duty_btn/r_counter[0]
    SLICE_X0Y49          LUT5 (Prop_lut5_I2_O)        0.124     6.781 r  u_increase_duty_btn/r_clean_btn_i_5/O
                         net (fo=1, routed)           0.607     7.387    u_increase_duty_btn/r_clean_btn_i_5_n_0
    SLICE_X0Y50          LUT6 (Prop_lut6_I4_O)        0.124     7.511 r  u_increase_duty_btn/r_clean_btn_i_3/O
                         net (fo=18, routed)          0.940     8.451    u_increase_duty_btn/r_clean_btn_i_3_n_0
    SLICE_X2Y52          LUT6 (Prop_lut6_I1_O)        0.124     8.575 r  u_increase_duty_btn/r_counter[16]_i_1/O
                         net (fo=1, routed)           0.000     8.575    u_increase_duty_btn/p_0_in[16]
    SLICE_X2Y52          FDCE                                         r  u_increase_duty_btn/r_counter_reg[16]/D
  -------------------------------------------------------------------    -------------------

                         (clock sys_clk_pin rise edge)
                                                     10.000    10.000 r  
    W5                                                0.000    10.000 r  clk (IN)
                         net (fo=0)                   0.000    10.000    clk
    W5                   IBUF (Prop_ibuf_I_O)         1.388    11.388 r  clk_IBUF_inst/O
                         net (fo=1, routed)           1.862    13.250    clk_IBUF
    BUFGCTRL_X0Y0        BUFG (Prop_bufg_I_O)         0.091    13.341 r  clk_IBUF_BUFG_inst/O
                         net (fo=46, routed)          1.510    14.851    u_increase_duty_btn/CLK
    SLICE_X2Y52          FDCE                                         r  u_increase_duty_btn/r_counter_reg[16]/C
                         clock pessimism              0.180    15.031    
                         clock uncertainty           -0.035    14.995    
    SLICE_X2Y52          FDCE (Setup_fdce_C_D)        0.077    15.072    u_increase_duty_btn/r_counter_reg[16]
  -------------------------------------------------------------------
                         required time                         15.072    
                         arrival time                          -8.575    
  -------------------------------------------------------------------
                         slack                                  6.497    

Slack (MET) :             6.531ns  (required time - arrival time)
  Source:                 u_decrease_duty_btn/r_counter_reg[2]/C
                            (rising edge-triggered cell FDCE clocked by sys_clk_pin  {rise@0.000ns fall@5.000ns period=10.000ns})
  Destination:            u_decrease_duty_btn/r_counter_reg[16]/D
                            (rising edge-triggered cell FDCE clocked by sys_clk_pin  {rise@0.000ns fall@5.000ns period=10.000ns})
  Path Group:             sys_clk_pin
  Path Type:              Setup (Max at Slow Process Corner)
  Requirement:            10.000ns  (sys_clk_pin rise@10.000ns - sys_clk_pin rise@0.000ns)
  Data Path Delay:        3.337ns  (logic 1.977ns (59.248%)  route 1.360ns (40.752%))
  Logic Levels:           5  (CARRY4=4 LUT6=1)
  Clock Path Skew:        -0.129ns (DCD - SCD + CPR)
    Destination Clock Delay (DCD):    4.849ns = ( 14.849 - 10.000 ) 
    Source Clock Delay      (SCD):    5.157ns
    Clock Pessimism Removal (CPR):    0.180ns
  Clock Uncertainty:      0.035ns  ((TSJ^2 + TIJ^2)^1/2 + DJ) / 2 + PE
    Total System Jitter     (TSJ):    0.071ns
    Total Input Jitter      (TIJ):    0.000ns
    Discrete Jitter          (DJ):    0.000ns
    Phase Error              (PE):    0.000ns

    Location             Delay type                Incr(ns)  Path(ns)    Netlist Resource(s)
  -------------------------------------------------------------------    -------------------
                         (clock sys_clk_pin rise edge)
                                                      0.000     0.000 r  
    W5                                                0.000     0.000 r  clk (IN)
                         net (fo=0)                   0.000     0.000    clk
    W5                   IBUF (Prop_ibuf_I_O)         1.458     1.458 r  clk_IBUF_inst/O
                         net (fo=1, routed)           1.967     3.425    clk_IBUF
    BUFGCTRL_X0Y0        BUFG (Prop_bufg_I_O)         0.096     3.521 r  clk_IBUF_BUFG_inst/O
                         net (fo=46, routed)          1.636     5.157    u_decrease_duty_btn/CLK
    SLICE_X4Y49          FDCE                                         r  u_decrease_duty_btn/r_counter_reg[2]/C
  -------------------------------------------------------------------    -------------------
    SLICE_X4Y49          FDCE (Prop_fdce_C_Q)         0.456     5.613 r  u_decrease_duty_btn/r_counter_reg[2]/Q
                         net (fo=2, routed)           0.734     6.347    u_decrease_duty_btn/r_counter_reg_n_0_[2]
    SLICE_X5Y49          CARRY4 (Prop_carry4_S[1]_CO[3])
                                                      0.674     7.021 r  u_decrease_duty_btn/r_counter0_carry/CO[3]
                         net (fo=1, routed)           0.001     7.022    u_decrease_duty_btn/r_counter0_carry_n_0
    SLICE_X5Y50          CARRY4 (Prop_carry4_CI_CO[3])
                                                      0.114     7.136 r  u_decrease_duty_btn/r_counter0_carry__0/CO[3]
                         net (fo=1, routed)           0.000     7.136    u_decrease_duty_btn/r_counter0_carry__0_n_0
    SLICE_X5Y51          CARRY4 (Prop_carry4_CI_CO[3])
                                                      0.114     7.250 r  u_decrease_duty_btn/r_counter0_carry__1/CO[3]
                         net (fo=1, routed)           0.000     7.250    u_decrease_duty_btn/r_counter0_carry__1_n_0
    SLICE_X5Y52          CARRY4 (Prop_carry4_CI_O[3])
                                                      0.313     7.563 r  u_decrease_duty_btn/r_counter0_carry__2/O[3]
                         net (fo=1, routed)           0.625     8.188    u_decrease_duty_btn/r_counter0_carry__2_n_4
    SLICE_X4Y52          LUT6 (Prop_lut6_I5_O)        0.306     8.494 r  u_decrease_duty_btn/r_counter[16]_i_1__0/O
                         net (fo=1, routed)           0.000     8.494    u_decrease_duty_btn/r_counter[16]_i_1__0_n_0
    SLICE_X4Y52          FDCE                                         r  u_decrease_duty_btn/r_counter_reg[16]/D
  -------------------------------------------------------------------    -------------------

                         (clock sys_clk_pin rise edge)
                                                     10.000    10.000 r  
    W5                                                0.000    10.000 r  clk (IN)
                         net (fo=0)                   0.000    10.000    clk
    W5                   IBUF (Prop_ibuf_I_O)         1.388    11.388 r  clk_IBUF_inst/O
                         net (fo=1, routed)           1.862    13.250    clk_IBUF
    BUFGCTRL_X0Y0        BUFG (Prop_bufg_I_O)         0.091    13.341 r  clk_IBUF_BUFG_inst/O
                         net (fo=46, routed)          1.508    14.849    u_decrease_duty_btn/CLK
    SLICE_X4Y52          FDCE                                         r  u_decrease_duty_btn/r_counter_reg[16]/C
                         clock pessimism              0.180    15.029    
                         clock uncertainty           -0.035    14.993    
    SLICE_X4Y52          FDCE (Setup_fdce_C_D)        0.032    15.025    u_decrease_duty_btn/r_counter_reg[16]
  -------------------------------------------------------------------
                         required time                         15.025    
                         arrival time                          -8.494    
  -------------------------------------------------------------------
                         slack                                  6.531    

Slack (MET) :             6.582ns  (required time - arrival time)
  Source:                 u_increase_duty_btn/r_counter_reg[0]/C
                            (rising edge-triggered cell FDCE clocked by sys_clk_pin  {rise@0.000ns fall@5.000ns period=10.000ns})
  Destination:            u_increase_duty_btn/r_counter_reg[6]/D
                            (rising edge-triggered cell FDCE clocked by sys_clk_pin  {rise@0.000ns fall@5.000ns period=10.000ns})
  Path Group:             sys_clk_pin
  Path Type:              Setup (Max at Slow Process Corner)
  Requirement:            10.000ns  (sys_clk_pin rise@10.000ns - sys_clk_pin rise@0.000ns)
  Data Path Delay:        3.330ns  (logic 0.890ns (26.724%)  route 2.440ns (73.276%))
  Logic Levels:           3  (LUT5=1 LUT6=2)
  Clock Path Skew:        -0.130ns (DCD - SCD + CPR)
    Destination Clock Delay (DCD):    4.851ns = ( 14.851 - 10.000 ) 
    Source Clock Delay      (SCD):    5.160ns
    Clock Pessimism Removal (CPR):    0.180ns
  Clock Uncertainty:      0.035ns  ((TSJ^2 + TIJ^2)^1/2 + DJ) / 2 + PE
    Total System Jitter     (TSJ):    0.071ns
    Total Input Jitter      (TIJ):    0.000ns
    Discrete Jitter          (DJ):    0.000ns
    Phase Error              (PE):    0.000ns

    Location             Delay type                Incr(ns)  Path(ns)    Netlist Resource(s)
  -------------------------------------------------------------------    -------------------
                         (clock sys_clk_pin rise edge)
                                                      0.000     0.000 r  
    W5                                                0.000     0.000 r  clk (IN)
                         net (fo=0)                   0.000     0.000    clk
    W5                   IBUF (Prop_ibuf_I_O)         1.458     1.458 r  clk_IBUF_inst/O
                         net (fo=1, routed)           1.967     3.425    clk_IBUF
    BUFGCTRL_X0Y0        BUFG (Prop_bufg_I_O)         0.096     3.521 r  clk_IBUF_BUFG_inst/O
                         net (fo=46, routed)          1.639     5.160    u_increase_duty_btn/CLK
    SLICE_X2Y49          FDCE                                         r  u_increase_duty_btn/r_counter_reg[0]/C
  -------------------------------------------------------------------    -------------------
    SLICE_X2Y49          FDCE (Prop_fdce_C_Q)         0.518     5.678 f  u_increase_duty_btn/r_counter_reg[0]/Q
                         net (fo=3, routed)           0.978     6.657    u_increase_duty_btn/r_counter[0]
    SLICE_X0Y49          LUT5 (Prop_lut5_I2_O)        0.124     6.781 r  u_increase_duty_btn/r_clean_btn_i_5/O
                         net (fo=1, routed)           0.607     7.387    u_increase_duty_btn/r_clean_btn_i_5_n_0
    SLICE_X0Y50          LUT6 (Prop_lut6_I4_O)        0.124     7.511 r  u_increase_duty_btn/r_clean_btn_i_3/O
                         net (fo=18, routed)          0.855     8.367    u_increase_duty_btn/r_clean_btn_i_3_n_0
    SLICE_X2Y50          LUT6 (Prop_lut6_I1_O)        0.124     8.491 r  u_increase_duty_btn/r_counter[6]_i_1/O
                         net (fo=1, routed)           0.000     8.491    u_increase_duty_btn/p_0_in[6]
    SLICE_X2Y50          FDCE                                         r  u_increase_duty_btn/r_counter_reg[6]/D
  -------------------------------------------------------------------    -------------------

                         (clock sys_clk_pin rise edge)
                                                     10.000    10.000 r  
    W5                                                0.000    10.000 r  clk (IN)
                         net (fo=0)                   0.000    10.000    clk
    W5                   IBUF (Prop_ibuf_I_O)         1.388    11.388 r  clk_IBUF_inst/O
                         net (fo=1, routed)           1.862    13.250    clk_IBUF
    BUFGCTRL_X0Y0        BUFG (Prop_bufg_I_O)         0.091    13.341 r  clk_IBUF_BUFG_inst/O
                         net (fo=46, routed)          1.510    14.851    u_increase_duty_btn/CLK
    SLICE_X2Y50          FDCE                                         r  u_increase_duty_btn/r_counter_reg[6]/C
                         clock pessimism              0.180    15.031    
                         clock uncertainty           -0.035    14.995    
    SLICE_X2Y50          FDCE (Setup_fdce_C_D)        0.077    15.072    u_increase_duty_btn/r_counter_reg[6]
  -------------------------------------------------------------------
                         required time                         15.072    
                         arrival time                          -8.491    
  -------------------------------------------------------------------
                         slack                                  6.582    

Slack (MET) :             6.582ns  (required time - arrival time)
  Source:                 u_increase_duty_btn/r_counter_reg[0]/C
                            (rising edge-triggered cell FDCE clocked by sys_clk_pin  {rise@0.000ns fall@5.000ns period=10.000ns})
  Destination:            u_increase_duty_btn/r_counter_reg[15]/D
                            (rising edge-triggered cell FDCE clocked by sys_clk_pin  {rise@0.000ns fall@5.000ns period=10.000ns})
  Path Group:             sys_clk_pin
  Path Type:              Setup (Max at Slow Process Corner)
  Requirement:            10.000ns  (sys_clk_pin rise@10.000ns - sys_clk_pin rise@0.000ns)
  Data Path Delay:        3.284ns  (logic 0.890ns (27.104%)  route 2.394ns (72.896%))
  Logic Levels:           3  (LUT5=1 LUT6=2)
  Clock Path Skew:        -0.130ns (DCD - SCD + CPR)
    Destination Clock Delay (DCD):    4.851ns = ( 14.851 - 10.000 ) 
    Source Clock Delay      (SCD):    5.160ns
    Clock Pessimism Removal (CPR):    0.180ns
  Clock Uncertainty:      0.035ns  ((TSJ^2 + TIJ^2)^1/2 + DJ) / 2 + PE
    Total System Jitter     (TSJ):    0.071ns
    Total Input Jitter      (TIJ):    0.000ns
    Discrete Jitter          (DJ):    0.000ns
    Phase Error              (PE):    0.000ns

    Location             Delay type                Incr(ns)  Path(ns)    Netlist Resource(s)
  -------------------------------------------------------------------    -------------------
                         (clock sys_clk_pin rise edge)
                                                      0.000     0.000 r  
    W5                                                0.000     0.000 r  clk (IN)
                         net (fo=0)                   0.000     0.000    clk
    W5                   IBUF (Prop_ibuf_I_O)         1.458     1.458 r  clk_IBUF_inst/O
                         net (fo=1, routed)           1.967     3.425    clk_IBUF
    BUFGCTRL_X0Y0        BUFG (Prop_bufg_I_O)         0.096     3.521 r  clk_IBUF_BUFG_inst/O
                         net (fo=46, routed)          1.639     5.160    u_increase_duty_btn/CLK
    SLICE_X2Y49          FDCE                                         r  u_increase_duty_btn/r_counter_reg[0]/C
  -------------------------------------------------------------------    -------------------
    SLICE_X2Y49          FDCE (Prop_fdce_C_Q)         0.518     5.678 f  u_increase_duty_btn/r_counter_reg[0]/Q
                         net (fo=3, routed)           0.978     6.657    u_increase_duty_btn/r_counter[0]
    SLICE_X0Y49          LUT5 (Prop_lut5_I2_O)        0.124     6.781 r  u_increase_duty_btn/r_clean_btn_i_5/O
                         net (fo=1, routed)           0.607     7.387    u_increase_duty_btn/r_clean_btn_i_5_n_0
    SLICE_X0Y50          LUT6 (Prop_lut6_I4_O)        0.124     7.511 r  u_increase_duty_btn/r_clean_btn_i_3/O
                         net (fo=18, routed)          0.809     8.320    u_increase_duty_btn/r_clean_btn_i_3_n_0
    SLICE_X0Y52          LUT6 (Prop_lut6_I1_O)        0.124     8.444 r  u_increase_duty_btn/r_counter[15]_i_1/O
                         net (fo=1, routed)           0.000     8.444    u_increase_duty_btn/p_0_in[15]
    SLICE_X0Y52          FDCE                                         r  u_increase_duty_btn/r_counter_reg[15]/D
  -------------------------------------------------------------------    -------------------

                         (clock sys_clk_pin rise edge)
                                                     10.000    10.000 r  
    W5                                                0.000    10.000 r  clk (IN)
                         net (fo=0)                   0.000    10.000    clk
    W5                   IBUF (Prop_ibuf_I_O)         1.388    11.388 r  clk_IBUF_inst/O
                         net (fo=1, routed)           1.862    13.250    clk_IBUF
    BUFGCTRL_X0Y0        BUFG (Prop_bufg_I_O)         0.091    13.341 r  clk_IBUF_BUFG_inst/O
                         net (fo=46, routed)          1.510    14.851    u_increase_duty_btn/CLK
    SLICE_X0Y52          FDCE                                         r  u_increase_duty_btn/r_counter_reg[15]/C
                         clock pessimism              0.180    15.031    
                         clock uncertainty           -0.035    14.995    
    SLICE_X0Y52          FDCE (Setup_fdce_C_D)        0.031    15.026    u_increase_duty_btn/r_counter_reg[15]
  -------------------------------------------------------------------
                         required time                         15.026    
                         arrival time                          -8.444    
  -------------------------------------------------------------------
                         slack                                  6.582    

Slack (MET) :             6.596ns  (required time - arrival time)
  Source:                 u_increase_duty_btn/r_counter_reg[0]/C
                            (rising edge-triggered cell FDCE clocked by sys_clk_pin  {rise@0.000ns fall@5.000ns period=10.000ns})
  Destination:            u_increase_duty_btn/r_counter_reg[7]/D
                            (rising edge-triggered cell FDCE clocked by sys_clk_pin  {rise@0.000ns fall@5.000ns period=10.000ns})
  Path Group:             sys_clk_pin
  Path Type:              Setup (Max at Slow Process Corner)
  Requirement:            10.000ns  (sys_clk_pin rise@10.000ns - sys_clk_pin rise@0.000ns)
  Data Path Delay:        3.320ns  (logic 0.890ns (26.805%)  route 2.430ns (73.195%))
  Logic Levels:           3  (LUT5=1 LUT6=2)
  Clock Path Skew:        -0.130ns (DCD - SCD + CPR)
    Destination Clock Delay (DCD):    4.851ns = ( 14.851 - 10.000 ) 
    Source Clock Delay      (SCD):    5.160ns
    Clock Pessimism Removal (CPR):    0.180ns
  Clock Uncertainty:      0.035ns  ((TSJ^2 + TIJ^2)^1/2 + DJ) / 2 + PE
    Total System Jitter     (TSJ):    0.071ns
    Total Input Jitter      (TIJ):    0.000ns
    Discrete Jitter          (DJ):    0.000ns
    Phase Error              (PE):    0.000ns

    Location             Delay type                Incr(ns)  Path(ns)    Netlist Resource(s)
  -------------------------------------------------------------------    -------------------
                         (clock sys_clk_pin rise edge)
                                                      0.000     0.000 r  
    W5                                                0.000     0.000 r  clk (IN)
                         net (fo=0)                   0.000     0.000    clk
    W5                   IBUF (Prop_ibuf_I_O)         1.458     1.458 r  clk_IBUF_inst/O
                         net (fo=1, routed)           1.967     3.425    clk_IBUF
    BUFGCTRL_X0Y0        BUFG (Prop_bufg_I_O)         0.096     3.521 r  clk_IBUF_BUFG_inst/O
                         net (fo=46, routed)          1.639     5.160    u_increase_duty_btn/CLK
    SLICE_X2Y49          FDCE                                         r  u_increase_duty_btn/r_counter_reg[0]/C
  -------------------------------------------------------------------    -------------------
    SLICE_X2Y49          FDCE (Prop_fdce_C_Q)         0.518     5.678 f  u_increase_duty_btn/r_counter_reg[0]/Q
                         net (fo=3, routed)           0.978     6.657    u_increase_duty_btn/r_counter[0]
    SLICE_X0Y49          LUT5 (Prop_lut5_I2_O)        0.124     6.781 r  u_increase_duty_btn/r_clean_btn_i_5/O
                         net (fo=1, routed)           0.607     7.387    u_increase_duty_btn/r_clean_btn_i_5_n_0
    SLICE_X0Y50          LUT6 (Prop_lut6_I4_O)        0.124     7.511 r  u_increase_duty_btn/r_clean_btn_i_3/O
                         net (fo=18, routed)          0.845     8.357    u_increase_duty_btn/r_clean_btn_i_3_n_0
    SLICE_X2Y50          LUT6 (Prop_lut6_I1_O)        0.124     8.481 r  u_increase_duty_btn/r_counter[7]_i_1/O
                         net (fo=1, routed)           0.000     8.481    u_increase_duty_btn/p_0_in[7]
    SLICE_X2Y50          FDCE                                         r  u_increase_duty_btn/r_counter_reg[7]/D
  -------------------------------------------------------------------    -------------------

                         (clock sys_clk_pin rise edge)
                                                     10.000    10.000 r  
    W5                                                0.000    10.000 r  clk (IN)
                         net (fo=0)                   0.000    10.000    clk
    W5                   IBUF (Prop_ibuf_I_O)         1.388    11.388 r  clk_IBUF_inst/O
                         net (fo=1, routed)           1.862    13.250    clk_IBUF
    BUFGCTRL_X0Y0        BUFG (Prop_bufg_I_O)         0.091    13.341 r  clk_IBUF_BUFG_inst/O
                         net (fo=46, routed)          1.510    14.851    u_increase_duty_btn/CLK
    SLICE_X2Y50          FDCE                                         r  u_increase_duty_btn/r_counter_reg[7]/C
                         clock pessimism              0.180    15.031    
                         clock uncertainty           -0.035    14.995    
    SLICE_X2Y50          FDCE (Setup_fdce_C_D)        0.081    15.076    u_increase_duty_btn/r_counter_reg[7]
  -------------------------------------------------------------------
                         required time                         15.076    
                         arrival time                          -8.481    
  -------------------------------------------------------------------
                         slack                                  6.596    

Slack (MET) :             6.608ns  (required time - arrival time)
  Source:                 u_decrease_duty_btn/r_counter_reg[2]/C
                            (rising edge-triggered cell FDCE clocked by sys_clk_pin  {rise@0.000ns fall@5.000ns period=10.000ns})
  Destination:            u_decrease_duty_btn/r_counter_reg[12]/D
                            (rising edge-triggered cell FDCE clocked by sys_clk_pin  {rise@0.000ns fall@5.000ns period=10.000ns})
  Path Group:             sys_clk_pin
  Path Type:              Setup (Max at Slow Process Corner)
  Requirement:            10.000ns  (sys_clk_pin rise@10.000ns - sys_clk_pin rise@0.000ns)
  Data Path Delay:        3.259ns  (logic 1.863ns (57.159%)  route 1.396ns (42.841%))
  Logic Levels:           4  (CARRY4=3 LUT6=1)
  Clock Path Skew:        -0.129ns (DCD - SCD + CPR)
    Destination Clock Delay (DCD):    4.849ns = ( 14.849 - 10.000 ) 
    Source Clock Delay      (SCD):    5.157ns
    Clock Pessimism Removal (CPR):    0.180ns
  Clock Uncertainty:      0.035ns  ((TSJ^2 + TIJ^2)^1/2 + DJ) / 2 + PE
    Total System Jitter     (TSJ):    0.071ns
    Total Input Jitter      (TIJ):    0.000ns
    Discrete Jitter          (DJ):    0.000ns
    Phase Error              (PE):    0.000ns

    Location             Delay type                Incr(ns)  Path(ns)    Netlist Resource(s)
  -------------------------------------------------------------------    -------------------
                         (clock sys_clk_pin rise edge)
                                                      0.000     0.000 r  
    W5                                                0.000     0.000 r  clk (IN)
                         net (fo=0)                   0.000     0.000    clk
    W5                   IBUF (Prop_ibuf_I_O)         1.458     1.458 r  clk_IBUF_inst/O
                         net (fo=1, routed)           1.967     3.425    clk_IBUF
    BUFGCTRL_X0Y0        BUFG (Prop_bufg_I_O)         0.096     3.521 r  clk_IBUF_BUFG_inst/O
                         net (fo=46, routed)          1.636     5.157    u_decrease_duty_btn/CLK
    SLICE_X4Y49          FDCE                                         r  u_decrease_duty_btn/r_counter_reg[2]/C
  -------------------------------------------------------------------    -------------------
    SLICE_X4Y49          FDCE (Prop_fdce_C_Q)         0.456     5.613 r  u_decrease_duty_btn/r_counter_reg[2]/Q
                         net (fo=2, routed)           0.734     6.347    u_decrease_duty_btn/r_counter_reg_n_0_[2]
    SLICE_X5Y49          CARRY4 (Prop_carry4_S[1]_CO[3])
                                                      0.674     7.021 r  u_decrease_duty_btn/r_counter0_carry/CO[3]
                         net (fo=1, routed)           0.001     7.022    u_decrease_duty_btn/r_counter0_carry_n_0
    SLICE_X5Y50          CARRY4 (Prop_carry4_CI_CO[3])
                                                      0.114     7.136 r  u_decrease_duty_btn/r_counter0_carry__0/CO[3]
                         net (fo=1, routed)           0.000     7.136    u_decrease_duty_btn/r_counter0_carry__0_n_0
    SLICE_X5Y51          CARRY4 (Prop_carry4_CI_O[3])
                                                      0.313     7.449 r  u_decrease_duty_btn/r_counter0_carry__1/O[3]
                         net (fo=1, routed)           0.662     8.111    u_decrease_duty_btn/r_counter0_carry__1_n_4
    SLICE_X4Y51          LUT6 (Prop_lut6_I5_O)        0.306     8.417 r  u_decrease_duty_btn/r_counter[12]_i_1__0/O
                         net (fo=1, routed)           0.000     8.417    u_decrease_duty_btn/r_counter[12]_i_1__0_n_0
    SLICE_X4Y51          FDCE                                         r  u_decrease_duty_btn/r_counter_reg[12]/D
  -------------------------------------------------------------------    -------------------

                         (clock sys_clk_pin rise edge)
                                                     10.000    10.000 r  
    W5                                                0.000    10.000 r  clk (IN)
                         net (fo=0)                   0.000    10.000    clk
    W5                   IBUF (Prop_ibuf_I_O)         1.388    11.388 r  clk_IBUF_inst/O
                         net (fo=1, routed)           1.862    13.250    clk_IBUF
    BUFGCTRL_X0Y0        BUFG (Prop_bufg_I_O)         0.091    13.341 r  clk_IBUF_BUFG_inst/O
                         net (fo=46, routed)          1.508    14.849    u_decrease_duty_btn/CLK
    SLICE_X4Y51          FDCE                                         r  u_decrease_duty_btn/r_counter_reg[12]/C
                         clock pessimism              0.180    15.029    
                         clock uncertainty           -0.035    14.993    
    SLICE_X4Y51          FDCE (Setup_fdce_C_D)        0.031    15.024    u_decrease_duty_btn/r_counter_reg[12]
  -------------------------------------------------------------------
                         required time                         15.024    
                         arrival time                          -8.417    
  -------------------------------------------------------------------
                         slack                                  6.608    





Min Delay Paths
--------------------------------------------------------------------------------------
Slack (MET) :             0.110ns  (arrival time - required time)
  Source:                 u_increase_duty_btn/r_counter_reg[16]/C
                            (rising edge-triggered cell FDCE clocked by sys_clk_pin  {rise@0.000ns fall@5.000ns period=10.000ns})
  Destination:            u_increase_duty_btn/r_counter_reg[3]/D
                            (rising edge-triggered cell FDCE clocked by sys_clk_pin  {rise@0.000ns fall@5.000ns period=10.000ns})
  Path Group:             sys_clk_pin
  Path Type:              Hold (Min at Fast Process Corner)
  Requirement:            0.000ns  (sys_clk_pin rise@0.000ns - sys_clk_pin rise@0.000ns)
  Data Path Delay:        0.475ns  (logic 0.209ns (44.008%)  route 0.266ns (55.992%))
  Logic Levels:           1  (LUT6=1)
  Clock Path Skew:        0.273ns (DCD - SCD - CPR)
    Destination Clock Delay (DCD):    1.994ns
    Source Clock Delay      (SCD):    1.477ns
    Clock Pessimism Removal (CPR):    0.244ns

    Location             Delay type                Incr(ns)  Path(ns)    Netlist Resource(s)
  -------------------------------------------------------------------    -------------------
                         (clock sys_clk_pin rise edge)
                                                      0.000     0.000 r  
    W5                                                0.000     0.000 r  clk (IN)
                         net (fo=0)                   0.000     0.000    clk
    W5                   IBUF (Prop_ibuf_I_O)         0.226     0.226 r  clk_IBUF_inst/O
                         net (fo=1, routed)           0.631     0.858    clk_IBUF
    BUFGCTRL_X0Y0        BUFG (Prop_bufg_I_O)         0.026     0.884 r  clk_IBUF_BUFG_inst/O
                         net (fo=46, routed)          0.594     1.477    u_increase_duty_btn/CLK
    SLICE_X2Y52          FDCE                                         r  u_increase_duty_btn/r_counter_reg[16]/C
  -------------------------------------------------------------------    -------------------
    SLICE_X2Y52          FDCE (Prop_fdce_C_Q)         0.164     1.641 f  u_increase_duty_btn/r_counter_reg[16]/Q
                         net (fo=19, routed)          0.266     1.907    u_increase_duty_btn/r_counter[16]
    SLICE_X0Y49          LUT6 (Prop_lut6_I2_O)        0.045     1.952 r  u_increase_duty_btn/r_counter[3]_i_1/O
                         net (fo=1, routed)           0.000     1.952    u_increase_duty_btn/p_0_in[3]
    SLICE_X0Y49          FDCE                                         r  u_increase_duty_btn/r_counter_reg[3]/D
  -------------------------------------------------------------------    -------------------

                         (clock sys_clk_pin rise edge)
                                                      0.000     0.000 r  
    W5                                                0.000     0.000 r  clk (IN)
                         net (fo=0)                   0.000     0.000    clk
    W5                   IBUF (Prop_ibuf_I_O)         0.414     0.414 r  clk_IBUF_inst/O
                         net (fo=1, routed)           0.685     1.099    clk_IBUF
    BUFGCTRL_X0Y0        BUFG (Prop_bufg_I_O)         0.029     1.128 r  clk_IBUF_BUFG_inst/O
                         net (fo=46, routed)          0.867     1.994    u_increase_duty_btn/CLK
    SLICE_X0Y49          FDCE                                         r  u_increase_duty_btn/r_counter_reg[3]/C
                         clock pessimism             -0.244     1.750    
    SLICE_X0Y49          FDCE (Hold_fdce_C_D)         0.092     1.842    u_increase_duty_btn/r_counter_reg[3]
  -------------------------------------------------------------------
                         required time                         -1.842    
                         arrival time                           1.952    
  -------------------------------------------------------------------
                         slack                                  0.110    

Slack (MET) :             0.181ns  (arrival time - required time)
  Source:                 u_increase_duty_btn/r_clean_btn_reg/C
                            (rising edge-triggered cell FDCE clocked by sys_clk_pin  {rise@0.000ns fall@5.000ns period=10.000ns})
  Destination:            u_increase_duty_btn/r_prev_clean_btn_reg/D
                            (rising edge-triggered cell FDCE clocked by sys_clk_pin  {rise@0.000ns fall@5.000ns period=10.000ns})
  Path Group:             sys_clk_pin
  Path Type:              Hold (Min at Fast Process Corner)
  Requirement:            0.000ns  (sys_clk_pin rise@0.000ns - sys_clk_pin rise@0.000ns)
  Data Path Delay:        0.512ns  (logic 0.141ns (27.548%)  route 0.371ns (72.452%))
  Logic Levels:           0  
  Clock Path Skew:        0.273ns (DCD - SCD - CPR)
    Destination Clock Delay (DCD):    1.994ns
    Source Clock Delay      (SCD):    1.477ns
    Clock Pessimism Removal (CPR):    0.244ns

    Location             Delay type                Incr(ns)  Path(ns)    Netlist Resource(s)
  -------------------------------------------------------------------    -------------------
                         (clock sys_clk_pin rise edge)
                                                      0.000     0.000 r  
    W5                                                0.000     0.000 r  clk (IN)
                         net (fo=0)                   0.000     0.000    clk
    W5                   IBUF (Prop_ibuf_I_O)         0.226     0.226 r  clk_IBUF_inst/O
                         net (fo=1, routed)           0.631     0.858    clk_IBUF
    BUFGCTRL_X0Y0        BUFG (Prop_bufg_I_O)         0.026     0.884 r  clk_IBUF_BUFG_inst/O
                         net (fo=46, routed)          0.594     1.477    u_increase_duty_btn/CLK
    SLICE_X1Y50          FDCE                                         r  u_increase_duty_btn/r_clean_btn_reg/C
  -------------------------------------------------------------------    -------------------
    SLICE_X1Y50          FDCE (Prop_fdce_C_Q)         0.141     1.618 r  u_increase_duty_btn/r_clean_btn_reg/Q
                         net (fo=4, routed)           0.371     1.989    u_increase_duty_btn/r_clean_btn_reg_0
    SLICE_X1Y49          FDCE                                         r  u_increase_duty_btn/r_prev_clean_btn_reg/D
  -------------------------------------------------------------------    -------------------

                         (clock sys_clk_pin rise edge)
                                                      0.000     0.000 r  
    W5                                                0.000     0.000 r  clk (IN)
                         net (fo=0)                   0.000     0.000    clk
    W5                   IBUF (Prop_ibuf_I_O)         0.414     0.414 r  clk_IBUF_inst/O
                         net (fo=1, routed)           0.685     1.099    clk_IBUF
    BUFGCTRL_X0Y0        BUFG (Prop_bufg_I_O)         0.029     1.128 r  clk_IBUF_BUFG_inst/O
                         net (fo=46, routed)          0.867     1.994    u_increase_duty_btn/CLK
    SLICE_X1Y49          FDCE                                         r  u_increase_duty_btn/r_prev_clean_btn_reg/C
                         clock pessimism             -0.244     1.750    
    SLICE_X1Y49          FDCE (Hold_fdce_C_D)         0.058     1.808    u_increase_duty_btn/r_prev_clean_btn_reg
  -------------------------------------------------------------------
                         required time                         -1.808    
                         arrival time                           1.989    
  -------------------------------------------------------------------
                         slack                                  0.181    

Slack (MET) :             0.181ns  (arrival time - required time)
  Source:                 u_pwm_duty_control/r_duty_cycle_reg[1]/C
                            (rising edge-triggered cell FDCE clocked by sys_clk_pin  {rise@0.000ns fall@5.000ns period=10.000ns})
  Destination:            u_pwm_duty_control/r_duty_cycle_reg[2]/D
                            (rising edge-triggered cell FDPE clocked by sys_clk_pin  {rise@0.000ns fall@5.000ns period=10.000ns})
  Path Group:             sys_clk_pin
  Path Type:              Hold (Min at Fast Process Corner)
  Requirement:            0.000ns  (sys_clk_pin rise@0.000ns - sys_clk_pin rise@0.000ns)
  Data Path Delay:        0.285ns  (logic 0.186ns (65.218%)  route 0.099ns (34.781%))
  Logic Levels:           1  (LUT6=1)
  Clock Path Skew:        0.013ns (DCD - SCD - CPR)
    Destination Clock Delay (DCD):    1.994ns
    Source Clock Delay      (SCD):    1.479ns
    Clock Pessimism Removal (CPR):    0.502ns

    Location             Delay type                Incr(ns)  Path(ns)    Netlist Resource(s)
  -------------------------------------------------------------------    -------------------
                         (clock sys_clk_pin rise edge)
                                                      0.000     0.000 r  
    W5                                                0.000     0.000 r  clk (IN)
                         net (fo=0)                   0.000     0.000    clk
    W5                   IBUF (Prop_ibuf_I_O)         0.226     0.226 r  clk_IBUF_inst/O
                         net (fo=1, routed)           0.631     0.858    clk_IBUF
    BUFGCTRL_X0Y0        BUFG (Prop_bufg_I_O)         0.026     0.884 r  clk_IBUF_BUFG_inst/O
                         net (fo=46, routed)          0.596     1.479    u_pwm_duty_control/CLK
    SLICE_X0Y48          FDCE                                         r  u_pwm_duty_control/r_duty_cycle_reg[1]/C
  -------------------------------------------------------------------    -------------------
    SLICE_X0Y48          FDCE (Prop_fdce_C_Q)         0.141     1.620 r  u_pwm_duty_control/r_duty_cycle_reg[1]/Q
                         net (fo=6, routed)           0.099     1.719    u_pwm_duty_control/r_duty_cycle_reg_n_0_[1]
    SLICE_X1Y48          LUT6 (Prop_lut6_I5_O)        0.045     1.764 r  u_pwm_duty_control/r_duty_cycle[2]_i_1/O
                         net (fo=1, routed)           0.000     1.764    u_pwm_duty_control/r_duty_cycle[2]_i_1_n_0
    SLICE_X1Y48          FDPE                                         r  u_pwm_duty_control/r_duty_cycle_reg[2]/D
  -------------------------------------------------------------------    -------------------

                         (clock sys_clk_pin rise edge)
                                                      0.000     0.000 r  
    W5                                                0.000     0.000 r  clk (IN)
                         net (fo=0)                   0.000     0.000    clk
    W5                   IBUF (Prop_ibuf_I_O)         0.414     0.414 r  clk_IBUF_inst/O
                         net (fo=1, routed)           0.685     1.099    clk_IBUF
    BUFGCTRL_X0Y0        BUFG (Prop_bufg_I_O)         0.029     1.128 r  clk_IBUF_BUFG_inst/O
                         net (fo=46, routed)          0.867     1.994    u_pwm_duty_control/CLK
    SLICE_X1Y48          FDPE                                         r  u_pwm_duty_control/r_duty_cycle_reg[2]/C
                         clock pessimism             -0.502     1.492    
    SLICE_X1Y48          FDPE (Hold_fdpe_C_D)         0.091     1.583    u_pwm_duty_control/r_duty_cycle_reg[2]
  -------------------------------------------------------------------
                         required time                         -1.583    
                         arrival time                           1.764    
  -------------------------------------------------------------------
                         slack                                  0.181    

Slack (MET) :             0.191ns  (arrival time - required time)
  Source:                 u_pwm_duty_control/r_duty_cycle_reg[2]/C
                            (rising edge-triggered cell FDPE clocked by sys_clk_pin  {rise@0.000ns fall@5.000ns period=10.000ns})
  Destination:            u_pwm_duty_control/r_duty_cycle_reg[3]/D
                            (rising edge-triggered cell FDCE clocked by sys_clk_pin  {rise@0.000ns fall@5.000ns period=10.000ns})
  Path Group:             sys_clk_pin
  Path Type:              Hold (Min at Fast Process Corner)
  Requirement:            0.000ns  (sys_clk_pin rise@0.000ns - sys_clk_pin rise@0.000ns)
  Data Path Delay:        0.295ns  (logic 0.186ns (63.050%)  route 0.109ns (36.950%))
  Logic Levels:           1  (LUT6=1)
  Clock Path Skew:        0.013ns (DCD - SCD - CPR)
    Destination Clock Delay (DCD):    1.994ns
    Source Clock Delay      (SCD):    1.479ns
    Clock Pessimism Removal (CPR):    0.502ns

    Location             Delay type                Incr(ns)  Path(ns)    Netlist Resource(s)
  -------------------------------------------------------------------    -------------------
                         (clock sys_clk_pin rise edge)
                                                      0.000     0.000 r  
    W5                                                0.000     0.000 r  clk (IN)
                         net (fo=0)                   0.000     0.000    clk
    W5                   IBUF (Prop_ibuf_I_O)         0.226     0.226 r  clk_IBUF_inst/O
                         net (fo=1, routed)           0.631     0.858    clk_IBUF
    BUFGCTRL_X0Y0        BUFG (Prop_bufg_I_O)         0.026     0.884 r  clk_IBUF_BUFG_inst/O
                         net (fo=46, routed)          0.596     1.479    u_pwm_duty_control/CLK
    SLICE_X1Y48          FDPE                                         r  u_pwm_duty_control/r_duty_cycle_reg[2]/C
  -------------------------------------------------------------------    -------------------
    SLICE_X1Y48          FDPE (Prop_fdpe_C_Q)         0.141     1.620 r  u_pwm_duty_control/r_duty_cycle_reg[2]/Q
                         net (fo=7, routed)           0.109     1.729    u_pwm_duty_control/r_duty_cycle_reg_n_0_[2]
    SLICE_X0Y48          LUT6 (Prop_lut6_I4_O)        0.045     1.774 r  u_pwm_duty_control/r_duty_cycle[3]_i_2/O
                         net (fo=1, routed)           0.000     1.774    u_pwm_duty_control/r_duty_cycle[3]_i_2_n_0
    SLICE_X0Y48          FDCE                                         r  u_pwm_duty_control/r_duty_cycle_reg[3]/D
  -------------------------------------------------------------------    -------------------

                         (clock sys_clk_pin rise edge)
                                                      0.000     0.000 r  
    W5                                                0.000     0.000 r  clk (IN)
                         net (fo=0)                   0.000     0.000    clk
    W5                   IBUF (Prop_ibuf_I_O)         0.414     0.414 r  clk_IBUF_inst/O
                         net (fo=1, routed)           0.685     1.099    clk_IBUF
    BUFGCTRL_X0Y0        BUFG (Prop_bufg_I_O)         0.029     1.128 r  clk_IBUF_BUFG_inst/O
                         net (fo=46, routed)          0.867     1.994    u_pwm_duty_control/CLK
    SLICE_X0Y48          FDCE                                         r  u_pwm_duty_control/r_duty_cycle_reg[3]/C
                         clock pessimism             -0.502     1.492    
    SLICE_X0Y48          FDCE (Hold_fdce_C_D)         0.091     1.583    u_pwm_duty_control/r_duty_cycle_reg[3]
  -------------------------------------------------------------------
                         required time                         -1.583    
                         arrival time                           1.774    
  -------------------------------------------------------------------
                         slack                                  0.191    

Slack (MET) :             0.196ns  (arrival time - required time)
  Source:                 u_increase_duty_btn/r_counter_reg[10]/C
                            (rising edge-triggered cell FDCE clocked by sys_clk_pin  {rise@0.000ns fall@5.000ns period=10.000ns})
  Destination:            u_increase_duty_btn/r_counter_reg[4]/D
                            (rising edge-triggered cell FDCE clocked by sys_clk_pin  {rise@0.000ns fall@5.000ns period=10.000ns})
  Path Group:             sys_clk_pin
  Path Type:              Hold (Min at Fast Process Corner)
  Requirement:            0.000ns  (sys_clk_pin rise@0.000ns - sys_clk_pin rise@0.000ns)
  Data Path Delay:        0.590ns  (logic 0.231ns (39.141%)  route 0.359ns (60.859%))
  Logic Levels:           2  (LUT6=2)
  Clock Path Skew:        0.273ns (DCD - SCD - CPR)
    Destination Clock Delay (DCD):    1.994ns
    Source Clock Delay      (SCD):    1.477ns
    Clock Pessimism Removal (CPR):    0.244ns

    Location             Delay type                Incr(ns)  Path(ns)    Netlist Resource(s)
  -------------------------------------------------------------------    -------------------
                         (clock sys_clk_pin rise edge)
                                                      0.000     0.000 r  
    W5                                                0.000     0.000 r  clk (IN)
                         net (fo=0)                   0.000     0.000    clk
    W5                   IBUF (Prop_ibuf_I_O)         0.226     0.226 r  clk_IBUF_inst/O
                         net (fo=1, routed)           0.631     0.858    clk_IBUF
    BUFGCTRL_X0Y0        BUFG (Prop_bufg_I_O)         0.026     0.884 r  clk_IBUF_BUFG_inst/O
                         net (fo=46, routed)          0.594     1.477    u_increase_duty_btn/CLK
    SLICE_X0Y51          FDCE                                         r  u_increase_duty_btn/r_counter_reg[10]/C
  -------------------------------------------------------------------    -------------------
    SLICE_X0Y51          FDCE (Prop_fdce_C_Q)         0.141     1.618 f  u_increase_duty_btn/r_counter_reg[10]/Q
                         net (fo=2, routed)           0.215     1.833    u_increase_duty_btn/r_counter[10]
    SLICE_X0Y50          LUT6 (Prop_lut6_I1_O)        0.045     1.878 r  u_increase_duty_btn/r_clean_btn_i_3/O
                         net (fo=18, routed)          0.144     2.022    u_increase_duty_btn/r_clean_btn_i_3_n_0
    SLICE_X2Y49          LUT6 (Prop_lut6_I1_O)        0.045     2.067 r  u_increase_duty_btn/r_counter[4]_i_1/O
                         net (fo=1, routed)           0.000     2.067    u_increase_duty_btn/p_0_in[4]
    SLICE_X2Y49          FDCE                                         r  u_increase_duty_btn/r_counter_reg[4]/D
  -------------------------------------------------------------------    -------------------

                         (clock sys_clk_pin rise edge)
                                                      0.000     0.000 r  
    W5                                                0.000     0.000 r  clk (IN)
                         net (fo=0)                   0.000     0.000    clk
    W5                   IBUF (Prop_ibuf_I_O)         0.414     0.414 r  clk_IBUF_inst/O
                         net (fo=1, routed)           0.685     1.099    clk_IBUF
    BUFGCTRL_X0Y0        BUFG (Prop_bufg_I_O)         0.029     1.128 r  clk_IBUF_BUFG_inst/O
                         net (fo=46, routed)          0.867     1.994    u_increase_duty_btn/CLK
    SLICE_X2Y49          FDCE                                         r  u_increase_duty_btn/r_counter_reg[4]/C
                         clock pessimism             -0.244     1.750    
    SLICE_X2Y49          FDCE (Hold_fdce_C_D)         0.121     1.871    u_increase_duty_btn/r_counter_reg[4]
  -------------------------------------------------------------------
                         required time                         -1.871    
                         arrival time                           2.067    
  -------------------------------------------------------------------
                         slack                                  0.196    

Slack (MET) :             0.198ns  (arrival time - required time)
  Source:                 u_decrease_duty_btn/r_counter_reg[15]/C
                            (rising edge-triggered cell FDCE clocked by sys_clk_pin  {rise@0.000ns fall@5.000ns period=10.000ns})
  Destination:            u_decrease_duty_btn/r_counter_reg[1]/D
                            (rising edge-triggered cell FDCE clocked by sys_clk_pin  {rise@0.000ns fall@5.000ns period=10.000ns})
  Path Group:             sys_clk_pin
  Path Type:              Hold (Min at Fast Process Corner)
  Requirement:            0.000ns  (sys_clk_pin rise@0.000ns - sys_clk_pin rise@0.000ns)
  Data Path Delay:        0.562ns  (logic 0.186ns (33.098%)  route 0.376ns (66.902%))
  Logic Levels:           1  (LUT6=1)
  Clock Path Skew:        0.273ns (DCD - SCD - CPR)
    Destination Clock Delay (DCD):    1.992ns
    Source Clock Delay      (SCD):    1.475ns
    Clock Pessimism Removal (CPR):    0.244ns

    Location             Delay type                Incr(ns)  Path(ns)    Netlist Resource(s)
  -------------------------------------------------------------------    -------------------
                         (clock sys_clk_pin rise edge)
                                                      0.000     0.000 r  
    W5                                                0.000     0.000 r  clk (IN)
                         net (fo=0)                   0.000     0.000    clk
    W5                   IBUF (Prop_ibuf_I_O)         0.226     0.226 r  clk_IBUF_inst/O
                         net (fo=1, routed)           0.631     0.858    clk_IBUF
    BUFGCTRL_X0Y0        BUFG (Prop_bufg_I_O)         0.026     0.884 r  clk_IBUF_BUFG_inst/O
                         net (fo=46, routed)          0.592     1.475    u_decrease_duty_btn/CLK
    SLICE_X4Y52          FDCE                                         r  u_decrease_duty_btn/r_counter_reg[15]/C
  -------------------------------------------------------------------    -------------------
    SLICE_X4Y52          FDCE (Prop_fdce_C_Q)         0.141     1.616 f  u_decrease_duty_btn/r_counter_reg[15]/Q
                         net (fo=19, routed)          0.376     1.992    u_decrease_duty_btn/r_counter_reg_n_0_[15]
    SLICE_X4Y49          LUT6 (Prop_lut6_I3_O)        0.045     2.037 r  u_decrease_duty_btn/r_counter[1]_i_1__0/O
                         net (fo=1, routed)           0.000     2.037    u_decrease_duty_btn/r_counter[1]_i_1__0_n_0
    SLICE_X4Y49          FDCE                                         r  u_decrease_duty_btn/r_counter_reg[1]/D
  -------------------------------------------------------------------    -------------------

                         (clock sys_clk_pin rise edge)
                                                      0.000     0.000 r  
    W5                                                0.000     0.000 r  clk (IN)
                         net (fo=0)                   0.000     0.000    clk
    W5                   IBUF (Prop_ibuf_I_O)         0.414     0.414 r  clk_IBUF_inst/O
                         net (fo=1, routed)           0.685     1.099    clk_IBUF
    BUFGCTRL_X0Y0        BUFG (Prop_bufg_I_O)         0.029     1.128 r  clk_IBUF_BUFG_inst/O
                         net (fo=46, routed)          0.865     1.992    u_decrease_duty_btn/CLK
    SLICE_X4Y49          FDCE                                         r  u_decrease_duty_btn/r_counter_reg[1]/C
                         clock pessimism             -0.244     1.748    
    SLICE_X4Y49          FDCE (Hold_fdce_C_D)         0.091     1.839    u_decrease_duty_btn/r_counter_reg[1]
  -------------------------------------------------------------------
                         required time                         -1.839    
                         arrival time                           2.037    
  -------------------------------------------------------------------
                         slack                                  0.198    

Slack (MET) :             0.199ns  (arrival time - required time)
  Source:                 u_increase_duty_btn/r_counter_reg[10]/C
                            (rising edge-triggered cell FDCE clocked by sys_clk_pin  {rise@0.000ns fall@5.000ns period=10.000ns})
  Destination:            u_increase_duty_btn/r_counter_reg[0]/D
                            (rising edge-triggered cell FDCE clocked by sys_clk_pin  {rise@0.000ns fall@5.000ns period=10.000ns})
  Path Group:             sys_clk_pin
  Path Type:              Hold (Min at Fast Process Corner)
  Requirement:            0.000ns  (sys_clk_pin rise@0.000ns - sys_clk_pin rise@0.000ns)
  Data Path Delay:        0.592ns  (logic 0.231ns (39.009%)  route 0.361ns (60.991%))
  Logic Levels:           2  (LUT6=2)
  Clock Path Skew:        0.273ns (DCD - SCD - CPR)
    Destination Clock Delay (DCD):    1.994ns
    Source Clock Delay      (SCD):    1.477ns
    Clock Pessimism Removal (CPR):    0.244ns

    Location             Delay type                Incr(ns)  Path(ns)    Netlist Resource(s)
  -------------------------------------------------------------------    -------------------
                         (clock sys_clk_pin rise edge)
                                                      0.000     0.000 r  
    W5                                                0.000     0.000 r  clk (IN)
                         net (fo=0)                   0.000     0.000    clk
    W5                   IBUF (Prop_ibuf_I_O)         0.226     0.226 r  clk_IBUF_inst/O
                         net (fo=1, routed)           0.631     0.858    clk_IBUF
    BUFGCTRL_X0Y0        BUFG (Prop_bufg_I_O)         0.026     0.884 r  clk_IBUF_BUFG_inst/O
                         net (fo=46, routed)          0.594     1.477    u_increase_duty_btn/CLK
    SLICE_X0Y51          FDCE                                         r  u_increase_duty_btn/r_counter_reg[10]/C
  -------------------------------------------------------------------    -------------------
    SLICE_X0Y51          FDCE (Prop_fdce_C_Q)         0.141     1.618 f  u_increase_duty_btn/r_counter_reg[10]/Q
                         net (fo=2, routed)           0.215     1.833    u_increase_duty_btn/r_counter[10]
    SLICE_X0Y50          LUT6 (Prop_lut6_I1_O)        0.045     1.878 r  u_increase_duty_btn/r_clean_btn_i_3/O
                         net (fo=18, routed)          0.146     2.024    u_increase_duty_btn/r_clean_btn_i_3_n_0
    SLICE_X2Y49          LUT6 (Prop_lut6_I1_O)        0.045     2.069 r  u_increase_duty_btn/r_counter[0]_i_1/O
                         net (fo=1, routed)           0.000     2.069    u_increase_duty_btn/p_0_in[0]
    SLICE_X2Y49          FDCE                                         r  u_increase_duty_btn/r_counter_reg[0]/D
  -------------------------------------------------------------------    -------------------

                         (clock sys_clk_pin rise edge)
                                                      0.000     0.000 r  
    W5                                                0.000     0.000 r  clk (IN)
                         net (fo=0)                   0.000     0.000    clk
    W5                   IBUF (Prop_ibuf_I_O)         0.414     0.414 r  clk_IBUF_inst/O
                         net (fo=1, routed)           0.685     1.099    clk_IBUF
    BUFGCTRL_X0Y0        BUFG (Prop_bufg_I_O)         0.029     1.128 r  clk_IBUF_BUFG_inst/O
                         net (fo=46, routed)          0.867     1.994    u_increase_duty_btn/CLK
    SLICE_X2Y49          FDCE                                         r  u_increase_duty_btn/r_counter_reg[0]/C
                         clock pessimism             -0.244     1.750    
    SLICE_X2Y49          FDCE (Hold_fdce_C_D)         0.120     1.870    u_increase_duty_btn/r_counter_reg[0]
  -------------------------------------------------------------------
                         required time                         -1.870    
                         arrival time                           2.069    
  -------------------------------------------------------------------
                         slack                                  0.199    

Slack (MET) :             0.203ns  (arrival time - required time)
  Source:                 u_decrease_duty_btn/r_counter_reg[16]/C
                            (rising edge-triggered cell FDCE clocked by sys_clk_pin  {rise@0.000ns fall@5.000ns period=10.000ns})
  Destination:            u_decrease_duty_btn/r_counter_reg[2]/D
                            (rising edge-triggered cell FDCE clocked by sys_clk_pin  {rise@0.000ns fall@5.000ns period=10.000ns})
  Path Group:             sys_clk_pin
  Path Type:              Hold (Min at Fast Process Corner)
  Requirement:            0.000ns  (sys_clk_pin rise@0.000ns - sys_clk_pin rise@0.000ns)
  Data Path Delay:        0.568ns  (logic 0.186ns (32.736%)  route 0.382ns (67.264%))
  Logic Levels:           1  (LUT6=1)
  Clock Path Skew:        0.273ns (DCD - SCD - CPR)
    Destination Clock Delay (DCD):    1.992ns
    Source Clock Delay      (SCD):    1.475ns
    Clock Pessimism Removal (CPR):    0.244ns

    Location             Delay type                Incr(ns)  Path(ns)    Netlist Resource(s)
  -------------------------------------------------------------------    -------------------
                         (clock sys_clk_pin rise edge)
                                                      0.000     0.000 r  
    W5                                                0.000     0.000 r  clk (IN)
                         net (fo=0)                   0.000     0.000    clk
    W5                   IBUF (Prop_ibuf_I_O)         0.226     0.226 r  clk_IBUF_inst/O
                         net (fo=1, routed)           0.631     0.858    clk_IBUF
    BUFGCTRL_X0Y0        BUFG (Prop_bufg_I_O)         0.026     0.884 r  clk_IBUF_BUFG_inst/O
                         net (fo=46, routed)          0.592     1.475    u_decrease_duty_btn/CLK
    SLICE_X4Y52          FDCE                                         r  u_decrease_duty_btn/r_counter_reg[16]/C
  -------------------------------------------------------------------    -------------------
    SLICE_X4Y52          FDCE (Prop_fdce_C_Q)         0.141     1.616 f  u_decrease_duty_btn/r_counter_reg[16]/Q
                         net (fo=19, routed)          0.382     1.998    u_decrease_duty_btn/r_counter_reg_n_0_[16]
    SLICE_X4Y49          LUT6 (Prop_lut6_I2_O)        0.045     2.043 r  u_decrease_duty_btn/r_counter[2]_i_1__0/O
                         net (fo=1, routed)           0.000     2.043    u_decrease_duty_btn/r_counter[2]_i_1__0_n_0
    SLICE_X4Y49          FDCE                                         r  u_decrease_duty_btn/r_counter_reg[2]/D
  -------------------------------------------------------------------    -------------------

                         (clock sys_clk_pin rise edge)
                                                      0.000     0.000 r  
    W5                                                0.000     0.000 r  clk (IN)
                         net (fo=0)                   0.000     0.000    clk
    W5                   IBUF (Prop_ibuf_I_O)         0.414     0.414 r  clk_IBUF_inst/O
                         net (fo=1, routed)           0.685     1.099    clk_IBUF
    BUFGCTRL_X0Y0        BUFG (Prop_bufg_I_O)         0.029     1.128 r  clk_IBUF_BUFG_inst/O
                         net (fo=46, routed)          0.865     1.992    u_decrease_duty_btn/CLK
    SLICE_X4Y49          FDCE                                         r  u_decrease_duty_btn/r_counter_reg[2]/C
                         clock pessimism             -0.244     1.748    
    SLICE_X4Y49          FDCE (Hold_fdce_C_D)         0.092     1.840    u_decrease_duty_btn/r_counter_reg[2]
  -------------------------------------------------------------------
                         required time                         -1.840    
                         arrival time                           2.043    
  -------------------------------------------------------------------
                         slack                                  0.203    

Slack (MET) :             0.218ns  (arrival time - required time)
  Source:                 u_decrease_duty_btn/r_prev_clean_btn_reg/C
                            (rising edge-triggered cell FDCE clocked by sys_clk_pin  {rise@0.000ns fall@5.000ns period=10.000ns})
  Destination:            u_pwm_duty_control/r_duty_cycle_reg[1]/D
                            (rising edge-triggered cell FDCE clocked by sys_clk_pin  {rise@0.000ns fall@5.000ns period=10.000ns})
  Path Group:             sys_clk_pin
  Path Type:              Hold (Min at Fast Process Corner)
  Requirement:            0.000ns  (sys_clk_pin rise@0.000ns - sys_clk_pin rise@0.000ns)
  Data Path Delay:        0.326ns  (logic 0.186ns (57.141%)  route 0.140ns (42.859%))
  Logic Levels:           1  (LUT6=1)
  Clock Path Skew:        0.016ns (DCD - SCD - CPR)
    Destination Clock Delay (DCD):    1.994ns
    Source Clock Delay      (SCD):    1.479ns
    Clock Pessimism Removal (CPR):    0.499ns

    Location             Delay type                Incr(ns)  Path(ns)    Netlist Resource(s)
  -------------------------------------------------------------------    -------------------
                         (clock sys_clk_pin rise edge)
                                                      0.000     0.000 r  
    W5                                                0.000     0.000 r  clk (IN)
                         net (fo=0)                   0.000     0.000    clk
    W5                   IBUF (Prop_ibuf_I_O)         0.226     0.226 r  clk_IBUF_inst/O
                         net (fo=1, routed)           0.631     0.858    clk_IBUF
    BUFGCTRL_X0Y0        BUFG (Prop_bufg_I_O)         0.026     0.884 r  clk_IBUF_BUFG_inst/O
                         net (fo=46, routed)          0.596     1.479    u_decrease_duty_btn/CLK
    SLICE_X1Y49          FDCE                                         r  u_decrease_duty_btn/r_prev_clean_btn_reg/C
  -------------------------------------------------------------------    -------------------
    SLICE_X1Y49          FDCE (Prop_fdce_C_Q)         0.141     1.620 r  u_decrease_duty_btn/r_prev_clean_btn_reg/Q
                         net (fo=4, routed)           0.140     1.760    u_pwm_duty_control/r_prev_clean_btn_0
    SLICE_X0Y48          LUT6 (Prop_lut6_I5_O)        0.045     1.805 r  u_pwm_duty_control/r_duty_cycle[1]_i_1/O
                         net (fo=1, routed)           0.000     1.805    u_pwm_duty_control/r_duty_cycle[1]_i_1_n_0
    SLICE_X0Y48          FDCE                                         r  u_pwm_duty_control/r_duty_cycle_reg[1]/D
  -------------------------------------------------------------------    -------------------

                         (clock sys_clk_pin rise edge)
                                                      0.000     0.000 r  
    W5                                                0.000     0.000 r  clk (IN)
                         net (fo=0)                   0.000     0.000    clk
    W5                   IBUF (Prop_ibuf_I_O)         0.414     0.414 r  clk_IBUF_inst/O
                         net (fo=1, routed)           0.685     1.099    clk_IBUF
    BUFGCTRL_X0Y0        BUFG (Prop_bufg_I_O)         0.029     1.128 r  clk_IBUF_BUFG_inst/O
                         net (fo=46, routed)          0.867     1.994    u_pwm_duty_control/CLK
    SLICE_X0Y48          FDCE                                         r  u_pwm_duty_control/r_duty_cycle_reg[1]/C
                         clock pessimism             -0.499     1.495    
    SLICE_X0Y48          FDCE (Hold_fdce_C_D)         0.092     1.587    u_pwm_duty_control/r_duty_cycle_reg[1]
  -------------------------------------------------------------------
                         required time                         -1.587    
                         arrival time                           1.805    
  -------------------------------------------------------------------
                         slack                                  0.218    

Slack (MET) :             0.253ns  (arrival time - required time)
  Source:                 u_decrease_duty_btn/r_counter_reg[15]/C
                            (rising edge-triggered cell FDCE clocked by sys_clk_pin  {rise@0.000ns fall@5.000ns period=10.000ns})
  Destination:            u_decrease_duty_btn/r_counter_reg[4]/D
                            (rising edge-triggered cell FDCE clocked by sys_clk_pin  {rise@0.000ns fall@5.000ns period=10.000ns})
  Path Group:             sys_clk_pin
  Path Type:              Hold (Min at Fast Process Corner)
  Requirement:            0.000ns  (sys_clk_pin rise@0.000ns - sys_clk_pin rise@0.000ns)
  Data Path Delay:        0.647ns  (logic 0.186ns (28.748%)  route 0.461ns (71.252%))
  Logic Levels:           1  (LUT6=1)
  Clock Path Skew:        0.273ns (DCD - SCD - CPR)
    Destination Clock Delay (DCD):    1.992ns
    Source Clock Delay      (SCD):    1.475ns
    Clock Pessimism Removal (CPR):    0.244ns

    Location             Delay type                Incr(ns)  Path(ns)    Netlist Resource(s)
  -------------------------------------------------------------------    -------------------
                         (clock sys_clk_pin rise edge)
                                                      0.000     0.000 r  
    W5                                                0.000     0.000 r  clk (IN)
                         net (fo=0)                   0.000     0.000    clk
    W5                   IBUF (Prop_ibuf_I_O)         0.226     0.226 r  clk_IBUF_inst/O
                         net (fo=1, routed)           0.631     0.858    clk_IBUF
    BUFGCTRL_X0Y0        BUFG (Prop_bufg_I_O)         0.026     0.884 r  clk_IBUF_BUFG_inst/O
                         net (fo=46, routed)          0.592     1.475    u_decrease_duty_btn/CLK
    SLICE_X4Y52          FDCE                                         r  u_decrease_duty_btn/r_counter_reg[15]/C
  -------------------------------------------------------------------    -------------------
    SLICE_X4Y52          FDCE (Prop_fdce_C_Q)         0.141     1.616 f  u_decrease_duty_btn/r_counter_reg[15]/Q
                         net (fo=19, routed)          0.461     2.077    u_decrease_duty_btn/r_counter_reg_n_0_[15]
    SLICE_X6Y49          LUT6 (Prop_lut6_I3_O)        0.045     2.122 r  u_decrease_duty_btn/r_counter[4]_i_1__0/O
                         net (fo=1, routed)           0.000     2.122    u_decrease_duty_btn/r_counter[4]_i_1__0_n_0
    SLICE_X6Y49          FDCE                                         r  u_decrease_duty_btn/r_counter_reg[4]/D
  -------------------------------------------------------------------    -------------------

                         (clock sys_clk_pin rise edge)
                                                      0.000     0.000 r  
    W5                                                0.000     0.000 r  clk (IN)
                         net (fo=0)                   0.000     0.000    clk
    W5                   IBUF (Prop_ibuf_I_O)         0.414     0.414 r  clk_IBUF_inst/O
                         net (fo=1, routed)           0.685     1.099    clk_IBUF
    BUFGCTRL_X0Y0        BUFG (Prop_bufg_I_O)         0.029     1.128 r  clk_IBUF_BUFG_inst/O
                         net (fo=46, routed)          0.865     1.992    u_decrease_duty_btn/CLK
    SLICE_X6Y49          FDCE                                         r  u_decrease_duty_btn/r_counter_reg[4]/C
                         clock pessimism             -0.244     1.748    
    SLICE_X6Y49          FDCE (Hold_fdce_C_D)         0.121     1.869    u_decrease_duty_btn/r_counter_reg[4]
  -------------------------------------------------------------------
                         required time                         -1.869    
                         arrival time                           2.122    
  -------------------------------------------------------------------
                         slack                                  0.253    





Pulse Width Checks
--------------------------------------------------------------------------------------
Clock Name:         sys_clk_pin
Waveform(ns):       { 0.000 5.000 }
Period(ns):         10.000
Sources:            { clk }

Check Type        Corner  Lib Pin  Reference Pin  Required(ns)  Actual(ns)  Slack(ns)  Location       Pin
Min Period        n/a     BUFG/I   n/a            2.155         10.000      7.845      BUFGCTRL_X0Y0  clk_IBUF_BUFG_inst/I
Min Period        n/a     FDCE/C   n/a            1.000         10.000      9.000      SLICE_X3Y49    u_decrease_duty_btn/r_clean_btn_reg/C
Min Period        n/a     FDCE/C   n/a            1.000         10.000      9.000      SLICE_X6Y49    u_decrease_duty_btn/r_counter_reg[0]/C
Min Period        n/a     FDCE/C   n/a            1.000         10.000      9.000      SLICE_X4Y51    u_decrease_duty_btn/r_counter_reg[10]/C
Min Period        n/a     FDCE/C   n/a            1.000         10.000      9.000      SLICE_X6Y51    u_decrease_duty_btn/r_counter_reg[11]/C
Min Period        n/a     FDCE/C   n/a            1.000         10.000      9.000      SLICE_X4Y51    u_decrease_duty_btn/r_counter_reg[12]/C
Min Period        n/a     FDCE/C   n/a            1.000         10.000      9.000      SLICE_X4Y52    u_decrease_duty_btn/r_counter_reg[13]/C
Min Period        n/a     FDCE/C   n/a            1.000         10.000      9.000      SLICE_X4Y52    u_decrease_duty_btn/r_counter_reg[14]/C
Min Period        n/a     FDCE/C   n/a            1.000         10.000      9.000      SLICE_X4Y52    u_decrease_duty_btn/r_counter_reg[15]/C
Min Period        n/a     FDCE/C   n/a            1.000         10.000      9.000      SLICE_X4Y52    u_decrease_duty_btn/r_counter_reg[16]/C
Low Pulse Width   Slow    FDCE/C   n/a            0.500         5.000       4.500      SLICE_X3Y49    u_decrease_duty_btn/r_clean_btn_reg/C
Low Pulse Width   Fast    FDCE/C   n/a            0.500         5.000       4.500      SLICE_X3Y49    u_decrease_duty_btn/r_clean_btn_reg/C
Low Pulse Width   Slow    FDCE/C   n/a            0.500         5.000       4.500      SLICE_X6Y49    u_decrease_duty_btn/r_counter_reg[0]/C
Low Pulse Width   Fast    FDCE/C   n/a            0.500         5.000       4.500      SLICE_X6Y49    u_decrease_duty_btn/r_counter_reg[0]/C
Low Pulse Width   Slow    FDCE/C   n/a            0.500         5.000       4.500      SLICE_X4Y51    u_decrease_duty_btn/r_counter_reg[10]/C
Low Pulse Width   Fast    FDCE/C   n/a            0.500         5.000       4.500      SLICE_X4Y51    u_decrease_duty_btn/r_counter_reg[10]/C
Low Pulse Width   Slow    FDCE/C   n/a            0.500         5.000       4.500      SLICE_X6Y51    u_decrease_duty_btn/r_counter_reg[11]/C
Low Pulse Width   Fast    FDCE/C   n/a            0.500         5.000       4.500      SLICE_X6Y51    u_decrease_duty_btn/r_counter_reg[11]/C
Low Pulse Width   Slow    FDCE/C   n/a            0.500         5.000       4.500      SLICE_X4Y51    u_decrease_duty_btn/r_counter_reg[12]/C
Low Pulse Width   Fast    FDCE/C   n/a            0.500         5.000       4.500      SLICE_X4Y51    u_decrease_duty_btn/r_counter_reg[12]/C
High Pulse Width  Slow    FDCE/C   n/a            0.500         5.000       4.500      SLICE_X3Y49    u_decrease_duty_btn/r_clean_btn_reg/C
High Pulse Width  Fast    FDCE/C   n/a            0.500         5.000       4.500      SLICE_X3Y49    u_decrease_duty_btn/r_clean_btn_reg/C
High Pulse Width  Slow    FDCE/C   n/a            0.500         5.000       4.500      SLICE_X6Y49    u_decrease_duty_btn/r_counter_reg[0]/C
High Pulse Width  Fast    FDCE/C   n/a            0.500         5.000       4.500      SLICE_X6Y49    u_decrease_duty_btn/r_counter_reg[0]/C
High Pulse Width  Slow    FDCE/C   n/a            0.500         5.000       4.500      SLICE_X4Y51    u_decrease_duty_btn/r_counter_reg[10]/C
High Pulse Width  Fast    FDCE/C   n/a            0.500         5.000       4.500      SLICE_X4Y51    u_decrease_duty_btn/r_counter_reg[10]/C
High Pulse Width  Slow    FDCE/C   n/a            0.500         5.000       4.500      SLICE_X6Y51    u_decrease_duty_btn/r_counter_reg[11]/C
High Pulse Width  Fast    FDCE/C   n/a            0.500         5.000       4.500      SLICE_X6Y51    u_decrease_duty_btn/r_counter_reg[11]/C
High Pulse Width  Slow    FDCE/C   n/a            0.500         5.000       4.500      SLICE_X4Y51    u_decrease_duty_btn/r_counter_reg[12]/C
High Pulse Width  Fast    FDCE/C   n/a            0.500         5.000       4.500      SLICE_X4Y51    u_decrease_duty_btn/r_counter_reg[12]/C



