Copyright 1986-2021 Xilinx, Inc. All Rights Reserved.
--------------------------------------------------------------------------------------------------------------------------------------------------------------------------------------------------------------
| Tool Version : Vivado v.2021.1 (win64) Build 3247384 Thu Jun 10 19:36:33 MDT 2021
| Date         : Mon Mar  2 19:52:15 2026
| Host         : DESKTOP-FAVD00F running 64-bit major release  (build 9200)
| Command      : report_timing_summary -max_paths 10 -file top_microwave_timing_summary_routed.rpt -pb top_microwave_timing_summary_routed.pb -rpx top_microwave_timing_summary_routed.rpx -warn_on_violation
| Design       : top_microwave
| Device       : 7a35t-cpg236
| Speed File   : -1  PRODUCTION 1.23 2018-06-13
--------------------------------------------------------------------------------------------------------------------------------------------------------------------------------------------------------------

Timing Summary Report

------------------------------------------------------------------------------------------------
| Timer Settings
| --------------
------------------------------------------------------------------------------------------------

  Enable Multi Corner Analysis               :  Yes
  Enable Pessimism Removal                   :  Yes
  Pessimism Removal Resolution               :  Nearest Common Node
  Enable Input Delay Default Clock           :  No
  Enable Preset / Clear Arcs                 :  No
  Disable Flight Delays                      :  No
  Ignore I/O Paths                           :  No
  Timing Early Launch at Borrowing Latches   :  No
  Borrow Time for Max Delay Exceptions       :  Yes
  Merge Timing Exceptions                    :  Yes

  Corner  Analyze    Analyze    
  Name    Max Paths  Min Paths  
  ------  ---------  ---------  
  Slow    Yes        Yes        
  Fast    Yes        Yes        


------------------------------------------------------------------------------------------------
| Report Methodology
| ------------------
------------------------------------------------------------------------------------------------

Rule       Severity          Description                    Violations  
---------  ----------------  -----------------------------  ----------  
TIMING-17  Critical Warning  Non-clocked sequential cell    1           
TIMING-18  Warning           Missing input or output delay  21          

Note: This report is based on the most recent report_methodology run and may not be up-to-date. Run report_methodology on the current design for the latest report.



check_timing report

Table of Contents
-----------------
1. checking no_clock (2)
2. checking constant_clock (0)
3. checking pulse_width_clock (0)
4. checking unconstrained_internal_endpoints (2)
5. checking no_input_delay (6)
6. checking no_output_delay (14)
7. checking multiple_clock (0)
8. checking generated_clocks (0)
9. checking loops (0)
10. checking partial_input_delay (0)
11. checking partial_output_delay (0)
12. checking latch_loops (0)

1. checking no_clock (2)
------------------------
 There is 1 register/latch pin with no clock driven by root clock pin: u_btn0_debouncer/r_clean_btn_reg/Q (HIGH)

 There is 1 register/latch pin with no clock driven by root clock pin: u_btn0_debouncer/r_prev_clean_btn_reg/Q (HIGH)


2. checking constant_clock (0)
------------------------------
 There are 0 register/latch pins with constant_clock.


3. checking pulse_width_clock (0)
---------------------------------
 There are 0 register/latch pins which need pulse_width check


4. checking unconstrained_internal_endpoints (2)
------------------------------------------------
 There are 2 pins that are not constrained for maximum delay. (HIGH)

 There are 0 pins that are not constrained for maximum delay due to constant clock.


5. checking no_input_delay (6)
------------------------------
 There are 6 input ports with no input delay specified. (HIGH)

 There are 0 input ports with no input delay but user has a false path constraint.


6. checking no_output_delay (14)
--------------------------------
 There are 14 ports with no output delay specified. (HIGH)

 There are 0 ports with no output delay but user has a false path constraint

 There are 0 ports with no output delay but with a timing clock defined on it or propagating through it


7. checking multiple_clock (0)
------------------------------
 There are 0 register/latch pins with multiple clocks.


8. checking generated_clocks (0)
--------------------------------
 There are 0 generated clocks that are not connected to a clock source.


9. checking loops (0)
---------------------
 There are 0 combinational loops in the design.


10. checking partial_input_delay (0)
------------------------------------
 There are 0 input ports with partial input delay specified.


11. checking partial_output_delay (0)
-------------------------------------
 There are 0 ports with partial output delay specified.


12. checking latch_loops (0)
----------------------------
 There are 0 combinational latch loops in the design through latch input



------------------------------------------------------------------------------------------------
| Design Timing Summary
| ---------------------
------------------------------------------------------------------------------------------------

    WNS(ns)      TNS(ns)  TNS Failing Endpoints  TNS Total Endpoints      WHS(ns)      THS(ns)  THS Failing Endpoints  THS Total Endpoints     WPWS(ns)     TPWS(ns)  TPWS Failing Endpoints  TPWS Total Endpoints  
    -------      -------  ---------------------  -------------------      -------      -------  ---------------------  -------------------     --------     --------  ----------------------  --------------------  
      0.695        0.000                      0                  516        0.222        0.000                      0                  516        4.500        0.000                       0                   334  


All user specified timing constraints are met.


------------------------------------------------------------------------------------------------
| Clock Summary
| -------------
------------------------------------------------------------------------------------------------

Clock        Waveform(ns)       Period(ns)      Frequency(MHz)
-----        ------------       ----------      --------------
sys_clk_pin  {0.000 5.000}      10.000          100.000         


------------------------------------------------------------------------------------------------
| Intra Clock Table
| -----------------
------------------------------------------------------------------------------------------------

Clock             WNS(ns)      TNS(ns)  TNS Failing Endpoints  TNS Total Endpoints      WHS(ns)      THS(ns)  THS Failing Endpoints  THS Total Endpoints     WPWS(ns)     TPWS(ns)  TPWS Failing Endpoints  TPWS Total Endpoints  
-----             -------      -------  ---------------------  -------------------      -------      -------  ---------------------  -------------------     --------     --------  ----------------------  --------------------  
sys_clk_pin         0.695        0.000                      0                  516        0.222        0.000                      0                  516        4.500        0.000                       0                   334  


------------------------------------------------------------------------------------------------
| Inter Clock Table
| -----------------
------------------------------------------------------------------------------------------------

From Clock    To Clock          WNS(ns)      TNS(ns)  TNS Failing Endpoints  TNS Total Endpoints      WHS(ns)      THS(ns)  THS Failing Endpoints  THS Total Endpoints  
----------    --------          -------      -------  ---------------------  -------------------      -------      -------  ---------------------  -------------------  


------------------------------------------------------------------------------------------------
| Other Path Groups Table
| -----------------------
------------------------------------------------------------------------------------------------

Path Group    From Clock    To Clock          WNS(ns)      TNS(ns)  TNS Failing Endpoints  TNS Total Endpoints      WHS(ns)      THS(ns)  THS Failing Endpoints  THS Total Endpoints  
----------    ----------    --------          -------      -------  ---------------------  -------------------      -------      -------  ---------------------  -------------------  


------------------------------------------------------------------------------------------------
| Timing Details
| --------------
------------------------------------------------------------------------------------------------


---------------------------------------------------------------------------------------------------
From Clock:  sys_clk_pin
  To Clock:  sys_clk_pin

Setup :            0  Failing Endpoints,  Worst Slack        0.695ns,  Total Violation        0.000ns
Hold  :            0  Failing Endpoints,  Worst Slack        0.222ns,  Total Violation        0.000ns
PW    :            0  Failing Endpoints,  Worst Slack        4.500ns,  Total Violation        0.000ns
---------------------------------------------------------------------------------------------------


Max Delay Paths
--------------------------------------------------------------------------------------
Slack (MET) :             0.695ns  (required time - arrival time)
  Source:                 u_melody/r_dur_cnt_reg[16]/C
                            (rising edge-triggered cell FDRE clocked by sys_clk_pin  {rise@0.000ns fall@5.000ns period=10.000ns})
  Destination:            u_melody/r_freq_cnt_reg[1]/R
                            (rising edge-triggered cell FDRE clocked by sys_clk_pin  {rise@0.000ns fall@5.000ns period=10.000ns})
  Path Group:             sys_clk_pin
  Path Type:              Setup (Max at Slow Process Corner)
  Requirement:            10.000ns  (sys_clk_pin rise@10.000ns - sys_clk_pin rise@0.000ns)
  Data Path Delay:        8.815ns  (logic 3.152ns (35.758%)  route 5.663ns (64.242%))
  Logic Levels:           12  (CARRY4=4 LUT2=1 LUT4=2 LUT5=2 LUT6=3)
  Clock Path Skew:        -0.026ns (DCD - SCD + CPR)
    Destination Clock Delay (DCD):    4.854ns = ( 14.854 - 10.000 ) 
    Source Clock Delay      (SCD):    5.154ns
    Clock Pessimism Removal (CPR):    0.274ns
  Clock Uncertainty:      0.035ns  ((TSJ^2 + TIJ^2)^1/2 + DJ) / 2 + PE
    Total System Jitter     (TSJ):    0.071ns
    Total Input Jitter      (TIJ):    0.000ns
    Discrete Jitter          (DJ):    0.000ns
    Phase Error              (PE):    0.000ns

    Location             Delay type                Incr(ns)  Path(ns)    Netlist Resource(s)
  -------------------------------------------------------------------    -------------------
                         (clock sys_clk_pin rise edge)
                                                      0.000     0.000 r  
    W5                                                0.000     0.000 r  clk (IN)
                         net (fo=0)                   0.000     0.000    clk
    W5                   IBUF (Prop_ibuf_I_O)         1.458     1.458 r  clk_IBUF_inst/O
                         net (fo=1, routed)           1.967     3.425    clk_IBUF
    BUFGCTRL_X0Y0        BUFG (Prop_bufg_I_O)         0.096     3.521 r  clk_IBUF_BUFG_inst/O
                         net (fo=333, routed)         1.633     5.154    u_melody/clk_IBUF_BUFG
    SLICE_X2Y13          FDRE                                         r  u_melody/r_dur_cnt_reg[16]/C
  -------------------------------------------------------------------    -------------------
    SLICE_X2Y13          FDRE (Prop_fdre_C_Q)         0.518     5.672 f  u_melody/r_dur_cnt_reg[16]/Q
                         net (fo=5, routed)           0.809     6.482    u_melody/r_dur_cnt_reg_n_0_[16]
    SLICE_X3Y14          LUT2 (Prop_lut2_I1_O)        0.152     6.634 f  u_melody/i__carry_i_19/O
                         net (fo=2, routed)           0.448     7.081    u_melody/i__carry_i_19_n_0
    SLICE_X3Y14          LUT6 (Prop_lut6_I2_O)        0.326     7.407 r  u_melody/i__carry_i_15/O
                         net (fo=1, routed)           0.433     7.841    u_melody/i__carry_i_15_n_0
    SLICE_X3Y14          LUT5 (Prop_lut5_I2_O)        0.124     7.965 r  u_melody/i__carry_i_13/O
                         net (fo=2, routed)           0.603     8.568    u_melody/i__carry_i_13_n_0
    SLICE_X3Y15          LUT5 (Prop_lut5_I4_O)        0.124     8.692 r  u_melody/i__carry__0_i_10/O
                         net (fo=8, routed)           0.287     8.979    u_melody/i__carry__0_i_10_n_0
    SLICE_X3Y15          LUT4 (Prop_lut4_I3_O)        0.124     9.103 r  u_melody/i__carry__0_i_11/O
                         net (fo=8, routed)           0.554     9.656    u_melody/i__carry__0_i_11_n_0
    SLICE_X4Y16          LUT6 (Prop_lut6_I0_O)        0.124     9.780 r  u_melody/i__carry__2_i_1/O
                         net (fo=1, routed)           0.623    10.403    u_melody/i__carry__2_i_1_n_0
    SLICE_X3Y19          CARRY4 (Prop_carry4_DI[3]_CO[3])
                                                      0.385    10.788 r  u_melody/r_buzzer1_inferred__0/i__carry__2/CO[3]
                         net (fo=1, routed)           0.000    10.788    u_melody/r_buzzer1_inferred__0/i__carry__2_n_0
    SLICE_X3Y20          CARRY4 (Prop_carry4_CI_O[0])
                                                      0.222    11.010 r  u_melody/r_buzzer1_inferred__0/i__carry__3/O[0]
                         net (fo=2, routed)           0.609    11.619    u_melody/r_buzzer1_inferred__0/i__carry__3_n_7
    SLICE_X2Y19          LUT4 (Prop_lut4_I0_O)        0.299    11.918 r  u_melody/r_buzzer0_carry__1_i_6/O
                         net (fo=1, routed)           0.000    11.918    u_melody/r_buzzer0_carry__1_i_6_n_0
    SLICE_X2Y19          CARRY4 (Prop_carry4_S[0]_CO[3])
                                                      0.513    12.431 r  u_melody/r_buzzer0_carry__1/CO[3]
                         net (fo=1, routed)           0.000    12.431    u_melody/r_buzzer0_carry__1_n_0
    SLICE_X2Y20          CARRY4 (Prop_carry4_CI_CO[3])
                                                      0.117    12.548 r  u_melody/r_buzzer0_carry__2/CO[3]
                         net (fo=2, routed)           0.604    13.153    u_melody/r_buzzer0_carry__2_n_0
    SLICE_X0Y20          LUT6 (Prop_lut6_I4_O)        0.124    13.277 r  u_melody/r_freq_cnt[21]_i_1/O
                         net (fo=22, routed)          0.693    13.969    u_melody/r_freq_cnt[21]_i_1_n_0
    SLICE_X1Y15          FDRE                                         r  u_melody/r_freq_cnt_reg[1]/R
  -------------------------------------------------------------------    -------------------

                         (clock sys_clk_pin rise edge)
                                                     10.000    10.000 r  
    W5                                                0.000    10.000 r  clk (IN)
                         net (fo=0)                   0.000    10.000    clk
    W5                   IBUF (Prop_ibuf_I_O)         1.388    11.388 r  clk_IBUF_inst/O
                         net (fo=1, routed)           1.862    13.250    clk_IBUF
    BUFGCTRL_X0Y0        BUFG (Prop_bufg_I_O)         0.091    13.341 r  clk_IBUF_BUFG_inst/O
                         net (fo=333, routed)         1.513    14.854    u_melody/clk_IBUF_BUFG
    SLICE_X1Y15          FDRE                                         r  u_melody/r_freq_cnt_reg[1]/C
                         clock pessimism              0.274    15.128    
                         clock uncertainty           -0.035    15.093    
    SLICE_X1Y15          FDRE (Setup_fdre_C_R)       -0.429    14.664    u_melody/r_freq_cnt_reg[1]
  -------------------------------------------------------------------
                         required time                         14.664    
                         arrival time                         -13.969    
  -------------------------------------------------------------------
                         slack                                  0.695    

Slack (MET) :             0.695ns  (required time - arrival time)
  Source:                 u_melody/r_dur_cnt_reg[16]/C
                            (rising edge-triggered cell FDRE clocked by sys_clk_pin  {rise@0.000ns fall@5.000ns period=10.000ns})
  Destination:            u_melody/r_freq_cnt_reg[2]/R
                            (rising edge-triggered cell FDRE clocked by sys_clk_pin  {rise@0.000ns fall@5.000ns period=10.000ns})
  Path Group:             sys_clk_pin
  Path Type:              Setup (Max at Slow Process Corner)
  Requirement:            10.000ns  (sys_clk_pin rise@10.000ns - sys_clk_pin rise@0.000ns)
  Data Path Delay:        8.815ns  (logic 3.152ns (35.758%)  route 5.663ns (64.242%))
  Logic Levels:           12  (CARRY4=4 LUT2=1 LUT4=2 LUT5=2 LUT6=3)
  Clock Path Skew:        -0.026ns (DCD - SCD + CPR)
    Destination Clock Delay (DCD):    4.854ns = ( 14.854 - 10.000 ) 
    Source Clock Delay      (SCD):    5.154ns
    Clock Pessimism Removal (CPR):    0.274ns
  Clock Uncertainty:      0.035ns  ((TSJ^2 + TIJ^2)^1/2 + DJ) / 2 + PE
    Total System Jitter     (TSJ):    0.071ns
    Total Input Jitter      (TIJ):    0.000ns
    Discrete Jitter          (DJ):    0.000ns
    Phase Error              (PE):    0.000ns

    Location             Delay type                Incr(ns)  Path(ns)    Netlist Resource(s)
  -------------------------------------------------------------------    -------------------
                         (clock sys_clk_pin rise edge)
                                                      0.000     0.000 r  
    W5                                                0.000     0.000 r  clk (IN)
                         net (fo=0)                   0.000     0.000    clk
    W5                   IBUF (Prop_ibuf_I_O)         1.458     1.458 r  clk_IBUF_inst/O
                         net (fo=1, routed)           1.967     3.425    clk_IBUF
    BUFGCTRL_X0Y0        BUFG (Prop_bufg_I_O)         0.096     3.521 r  clk_IBUF_BUFG_inst/O
                         net (fo=333, routed)         1.633     5.154    u_melody/clk_IBUF_BUFG
    SLICE_X2Y13          FDRE                                         r  u_melody/r_dur_cnt_reg[16]/C
  -------------------------------------------------------------------    -------------------
    SLICE_X2Y13          FDRE (Prop_fdre_C_Q)         0.518     5.672 f  u_melody/r_dur_cnt_reg[16]/Q
                         net (fo=5, routed)           0.809     6.482    u_melody/r_dur_cnt_reg_n_0_[16]
    SLICE_X3Y14          LUT2 (Prop_lut2_I1_O)        0.152     6.634 f  u_melody/i__carry_i_19/O
                         net (fo=2, routed)           0.448     7.081    u_melody/i__carry_i_19_n_0
    SLICE_X3Y14          LUT6 (Prop_lut6_I2_O)        0.326     7.407 r  u_melody/i__carry_i_15/O
                         net (fo=1, routed)           0.433     7.841    u_melody/i__carry_i_15_n_0
    SLICE_X3Y14          LUT5 (Prop_lut5_I2_O)        0.124     7.965 r  u_melody/i__carry_i_13/O
                         net (fo=2, routed)           0.603     8.568    u_melody/i__carry_i_13_n_0
    SLICE_X3Y15          LUT5 (Prop_lut5_I4_O)        0.124     8.692 r  u_melody/i__carry__0_i_10/O
                         net (fo=8, routed)           0.287     8.979    u_melody/i__carry__0_i_10_n_0
    SLICE_X3Y15          LUT4 (Prop_lut4_I3_O)        0.124     9.103 r  u_melody/i__carry__0_i_11/O
                         net (fo=8, routed)           0.554     9.656    u_melody/i__carry__0_i_11_n_0
    SLICE_X4Y16          LUT6 (Prop_lut6_I0_O)        0.124     9.780 r  u_melody/i__carry__2_i_1/O
                         net (fo=1, routed)           0.623    10.403    u_melody/i__carry__2_i_1_n_0
    SLICE_X3Y19          CARRY4 (Prop_carry4_DI[3]_CO[3])
                                                      0.385    10.788 r  u_melody/r_buzzer1_inferred__0/i__carry__2/CO[3]
                         net (fo=1, routed)           0.000    10.788    u_melody/r_buzzer1_inferred__0/i__carry__2_n_0
    SLICE_X3Y20          CARRY4 (Prop_carry4_CI_O[0])
                                                      0.222    11.010 r  u_melody/r_buzzer1_inferred__0/i__carry__3/O[0]
                         net (fo=2, routed)           0.609    11.619    u_melody/r_buzzer1_inferred__0/i__carry__3_n_7
    SLICE_X2Y19          LUT4 (Prop_lut4_I0_O)        0.299    11.918 r  u_melody/r_buzzer0_carry__1_i_6/O
                         net (fo=1, routed)           0.000    11.918    u_melody/r_buzzer0_carry__1_i_6_n_0
    SLICE_X2Y19          CARRY4 (Prop_carry4_S[0]_CO[3])
                                                      0.513    12.431 r  u_melody/r_buzzer0_carry__1/CO[3]
                         net (fo=1, routed)           0.000    12.431    u_melody/r_buzzer0_carry__1_n_0
    SLICE_X2Y20          CARRY4 (Prop_carry4_CI_CO[3])
                                                      0.117    12.548 r  u_melody/r_buzzer0_carry__2/CO[3]
                         net (fo=2, routed)           0.604    13.153    u_melody/r_buzzer0_carry__2_n_0
    SLICE_X0Y20          LUT6 (Prop_lut6_I4_O)        0.124    13.277 r  u_melody/r_freq_cnt[21]_i_1/O
                         net (fo=22, routed)          0.693    13.969    u_melody/r_freq_cnt[21]_i_1_n_0
    SLICE_X1Y15          FDRE                                         r  u_melody/r_freq_cnt_reg[2]/R
  -------------------------------------------------------------------    -------------------

                         (clock sys_clk_pin rise edge)
                                                     10.000    10.000 r  
    W5                                                0.000    10.000 r  clk (IN)
                         net (fo=0)                   0.000    10.000    clk
    W5                   IBUF (Prop_ibuf_I_O)         1.388    11.388 r  clk_IBUF_inst/O
                         net (fo=1, routed)           1.862    13.250    clk_IBUF
    BUFGCTRL_X0Y0        BUFG (Prop_bufg_I_O)         0.091    13.341 r  clk_IBUF_BUFG_inst/O
                         net (fo=333, routed)         1.513    14.854    u_melody/clk_IBUF_BUFG
    SLICE_X1Y15          FDRE                                         r  u_melody/r_freq_cnt_reg[2]/C
                         clock pessimism              0.274    15.128    
                         clock uncertainty           -0.035    15.093    
    SLICE_X1Y15          FDRE (Setup_fdre_C_R)       -0.429    14.664    u_melody/r_freq_cnt_reg[2]
  -------------------------------------------------------------------
                         required time                         14.664    
                         arrival time                         -13.969    
  -------------------------------------------------------------------
                         slack                                  0.695    

Slack (MET) :             0.695ns  (required time - arrival time)
  Source:                 u_melody/r_dur_cnt_reg[16]/C
                            (rising edge-triggered cell FDRE clocked by sys_clk_pin  {rise@0.000ns fall@5.000ns period=10.000ns})
  Destination:            u_melody/r_freq_cnt_reg[3]/R
                            (rising edge-triggered cell FDRE clocked by sys_clk_pin  {rise@0.000ns fall@5.000ns period=10.000ns})
  Path Group:             sys_clk_pin
  Path Type:              Setup (Max at Slow Process Corner)
  Requirement:            10.000ns  (sys_clk_pin rise@10.000ns - sys_clk_pin rise@0.000ns)
  Data Path Delay:        8.815ns  (logic 3.152ns (35.758%)  route 5.663ns (64.242%))
  Logic Levels:           12  (CARRY4=4 LUT2=1 LUT4=2 LUT5=2 LUT6=3)
  Clock Path Skew:        -0.026ns (DCD - SCD + CPR)
    Destination Clock Delay (DCD):    4.854ns = ( 14.854 - 10.000 ) 
    Source Clock Delay      (SCD):    5.154ns
    Clock Pessimism Removal (CPR):    0.274ns
  Clock Uncertainty:      0.035ns  ((TSJ^2 + TIJ^2)^1/2 + DJ) / 2 + PE
    Total System Jitter     (TSJ):    0.071ns
    Total Input Jitter      (TIJ):    0.000ns
    Discrete Jitter          (DJ):    0.000ns
    Phase Error              (PE):    0.000ns

    Location             Delay type                Incr(ns)  Path(ns)    Netlist Resource(s)
  -------------------------------------------------------------------    -------------------
                         (clock sys_clk_pin rise edge)
                                                      0.000     0.000 r  
    W5                                                0.000     0.000 r  clk (IN)
                         net (fo=0)                   0.000     0.000    clk
    W5                   IBUF (Prop_ibuf_I_O)         1.458     1.458 r  clk_IBUF_inst/O
                         net (fo=1, routed)           1.967     3.425    clk_IBUF
    BUFGCTRL_X0Y0        BUFG (Prop_bufg_I_O)         0.096     3.521 r  clk_IBUF_BUFG_inst/O
                         net (fo=333, routed)         1.633     5.154    u_melody/clk_IBUF_BUFG
    SLICE_X2Y13          FDRE                                         r  u_melody/r_dur_cnt_reg[16]/C
  -------------------------------------------------------------------    -------------------
    SLICE_X2Y13          FDRE (Prop_fdre_C_Q)         0.518     5.672 f  u_melody/r_dur_cnt_reg[16]/Q
                         net (fo=5, routed)           0.809     6.482    u_melody/r_dur_cnt_reg_n_0_[16]
    SLICE_X3Y14          LUT2 (Prop_lut2_I1_O)        0.152     6.634 f  u_melody/i__carry_i_19/O
                         net (fo=2, routed)           0.448     7.081    u_melody/i__carry_i_19_n_0
    SLICE_X3Y14          LUT6 (Prop_lut6_I2_O)        0.326     7.407 r  u_melody/i__carry_i_15/O
                         net (fo=1, routed)           0.433     7.841    u_melody/i__carry_i_15_n_0
    SLICE_X3Y14          LUT5 (Prop_lut5_I2_O)        0.124     7.965 r  u_melody/i__carry_i_13/O
                         net (fo=2, routed)           0.603     8.568    u_melody/i__carry_i_13_n_0
    SLICE_X3Y15          LUT5 (Prop_lut5_I4_O)        0.124     8.692 r  u_melody/i__carry__0_i_10/O
                         net (fo=8, routed)           0.287     8.979    u_melody/i__carry__0_i_10_n_0
    SLICE_X3Y15          LUT4 (Prop_lut4_I3_O)        0.124     9.103 r  u_melody/i__carry__0_i_11/O
                         net (fo=8, routed)           0.554     9.656    u_melody/i__carry__0_i_11_n_0
    SLICE_X4Y16          LUT6 (Prop_lut6_I0_O)        0.124     9.780 r  u_melody/i__carry__2_i_1/O
                         net (fo=1, routed)           0.623    10.403    u_melody/i__carry__2_i_1_n_0
    SLICE_X3Y19          CARRY4 (Prop_carry4_DI[3]_CO[3])
                                                      0.385    10.788 r  u_melody/r_buzzer1_inferred__0/i__carry__2/CO[3]
                         net (fo=1, routed)           0.000    10.788    u_melody/r_buzzer1_inferred__0/i__carry__2_n_0
    SLICE_X3Y20          CARRY4 (Prop_carry4_CI_O[0])
                                                      0.222    11.010 r  u_melody/r_buzzer1_inferred__0/i__carry__3/O[0]
                         net (fo=2, routed)           0.609    11.619    u_melody/r_buzzer1_inferred__0/i__carry__3_n_7
    SLICE_X2Y19          LUT4 (Prop_lut4_I0_O)        0.299    11.918 r  u_melody/r_buzzer0_carry__1_i_6/O
                         net (fo=1, routed)           0.000    11.918    u_melody/r_buzzer0_carry__1_i_6_n_0
    SLICE_X2Y19          CARRY4 (Prop_carry4_S[0]_CO[3])
                                                      0.513    12.431 r  u_melody/r_buzzer0_carry__1/CO[3]
                         net (fo=1, routed)           0.000    12.431    u_melody/r_buzzer0_carry__1_n_0
    SLICE_X2Y20          CARRY4 (Prop_carry4_CI_CO[3])
                                                      0.117    12.548 r  u_melody/r_buzzer0_carry__2/CO[3]
                         net (fo=2, routed)           0.604    13.153    u_melody/r_buzzer0_carry__2_n_0
    SLICE_X0Y20          LUT6 (Prop_lut6_I4_O)        0.124    13.277 r  u_melody/r_freq_cnt[21]_i_1/O
                         net (fo=22, routed)          0.693    13.969    u_melody/r_freq_cnt[21]_i_1_n_0
    SLICE_X1Y15          FDRE                                         r  u_melody/r_freq_cnt_reg[3]/R
  -------------------------------------------------------------------    -------------------

                         (clock sys_clk_pin rise edge)
                                                     10.000    10.000 r  
    W5                                                0.000    10.000 r  clk (IN)
                         net (fo=0)                   0.000    10.000    clk
    W5                   IBUF (Prop_ibuf_I_O)         1.388    11.388 r  clk_IBUF_inst/O
                         net (fo=1, routed)           1.862    13.250    clk_IBUF
    BUFGCTRL_X0Y0        BUFG (Prop_bufg_I_O)         0.091    13.341 r  clk_IBUF_BUFG_inst/O
                         net (fo=333, routed)         1.513    14.854    u_melody/clk_IBUF_BUFG
    SLICE_X1Y15          FDRE                                         r  u_melody/r_freq_cnt_reg[3]/C
                         clock pessimism              0.274    15.128    
                         clock uncertainty           -0.035    15.093    
    SLICE_X1Y15          FDRE (Setup_fdre_C_R)       -0.429    14.664    u_melody/r_freq_cnt_reg[3]
  -------------------------------------------------------------------
                         required time                         14.664    
                         arrival time                         -13.969    
  -------------------------------------------------------------------
                         slack                                  0.695    

Slack (MET) :             0.695ns  (required time - arrival time)
  Source:                 u_melody/r_dur_cnt_reg[16]/C
                            (rising edge-triggered cell FDRE clocked by sys_clk_pin  {rise@0.000ns fall@5.000ns period=10.000ns})
  Destination:            u_melody/r_freq_cnt_reg[4]/R
                            (rising edge-triggered cell FDRE clocked by sys_clk_pin  {rise@0.000ns fall@5.000ns period=10.000ns})
  Path Group:             sys_clk_pin
  Path Type:              Setup (Max at Slow Process Corner)
  Requirement:            10.000ns  (sys_clk_pin rise@10.000ns - sys_clk_pin rise@0.000ns)
  Data Path Delay:        8.815ns  (logic 3.152ns (35.758%)  route 5.663ns (64.242%))
  Logic Levels:           12  (CARRY4=4 LUT2=1 LUT4=2 LUT5=2 LUT6=3)
  Clock Path Skew:        -0.026ns (DCD - SCD + CPR)
    Destination Clock Delay (DCD):    4.854ns = ( 14.854 - 10.000 ) 
    Source Clock Delay      (SCD):    5.154ns
    Clock Pessimism Removal (CPR):    0.274ns
  Clock Uncertainty:      0.035ns  ((TSJ^2 + TIJ^2)^1/2 + DJ) / 2 + PE
    Total System Jitter     (TSJ):    0.071ns
    Total Input Jitter      (TIJ):    0.000ns
    Discrete Jitter          (DJ):    0.000ns
    Phase Error              (PE):    0.000ns

    Location             Delay type                Incr(ns)  Path(ns)    Netlist Resource(s)
  -------------------------------------------------------------------    -------------------
                         (clock sys_clk_pin rise edge)
                                                      0.000     0.000 r  
    W5                                                0.000     0.000 r  clk (IN)
                         net (fo=0)                   0.000     0.000    clk
    W5                   IBUF (Prop_ibuf_I_O)         1.458     1.458 r  clk_IBUF_inst/O
                         net (fo=1, routed)           1.967     3.425    clk_IBUF
    BUFGCTRL_X0Y0        BUFG (Prop_bufg_I_O)         0.096     3.521 r  clk_IBUF_BUFG_inst/O
                         net (fo=333, routed)         1.633     5.154    u_melody/clk_IBUF_BUFG
    SLICE_X2Y13          FDRE                                         r  u_melody/r_dur_cnt_reg[16]/C
  -------------------------------------------------------------------    -------------------
    SLICE_X2Y13          FDRE (Prop_fdre_C_Q)         0.518     5.672 f  u_melody/r_dur_cnt_reg[16]/Q
                         net (fo=5, routed)           0.809     6.482    u_melody/r_dur_cnt_reg_n_0_[16]
    SLICE_X3Y14          LUT2 (Prop_lut2_I1_O)        0.152     6.634 f  u_melody/i__carry_i_19/O
                         net (fo=2, routed)           0.448     7.081    u_melody/i__carry_i_19_n_0
    SLICE_X3Y14          LUT6 (Prop_lut6_I2_O)        0.326     7.407 r  u_melody/i__carry_i_15/O
                         net (fo=1, routed)           0.433     7.841    u_melody/i__carry_i_15_n_0
    SLICE_X3Y14          LUT5 (Prop_lut5_I2_O)        0.124     7.965 r  u_melody/i__carry_i_13/O
                         net (fo=2, routed)           0.603     8.568    u_melody/i__carry_i_13_n_0
    SLICE_X3Y15          LUT5 (Prop_lut5_I4_O)        0.124     8.692 r  u_melody/i__carry__0_i_10/O
                         net (fo=8, routed)           0.287     8.979    u_melody/i__carry__0_i_10_n_0
    SLICE_X3Y15          LUT4 (Prop_lut4_I3_O)        0.124     9.103 r  u_melody/i__carry__0_i_11/O
                         net (fo=8, routed)           0.554     9.656    u_melody/i__carry__0_i_11_n_0
    SLICE_X4Y16          LUT6 (Prop_lut6_I0_O)        0.124     9.780 r  u_melody/i__carry__2_i_1/O
                         net (fo=1, routed)           0.623    10.403    u_melody/i__carry__2_i_1_n_0
    SLICE_X3Y19          CARRY4 (Prop_carry4_DI[3]_CO[3])
                                                      0.385    10.788 r  u_melody/r_buzzer1_inferred__0/i__carry__2/CO[3]
                         net (fo=1, routed)           0.000    10.788    u_melody/r_buzzer1_inferred__0/i__carry__2_n_0
    SLICE_X3Y20          CARRY4 (Prop_carry4_CI_O[0])
                                                      0.222    11.010 r  u_melody/r_buzzer1_inferred__0/i__carry__3/O[0]
                         net (fo=2, routed)           0.609    11.619    u_melody/r_buzzer1_inferred__0/i__carry__3_n_7
    SLICE_X2Y19          LUT4 (Prop_lut4_I0_O)        0.299    11.918 r  u_melody/r_buzzer0_carry__1_i_6/O
                         net (fo=1, routed)           0.000    11.918    u_melody/r_buzzer0_carry__1_i_6_n_0
    SLICE_X2Y19          CARRY4 (Prop_carry4_S[0]_CO[3])
                                                      0.513    12.431 r  u_melody/r_buzzer0_carry__1/CO[3]
                         net (fo=1, routed)           0.000    12.431    u_melody/r_buzzer0_carry__1_n_0
    SLICE_X2Y20          CARRY4 (Prop_carry4_CI_CO[3])
                                                      0.117    12.548 r  u_melody/r_buzzer0_carry__2/CO[3]
                         net (fo=2, routed)           0.604    13.153    u_melody/r_buzzer0_carry__2_n_0
    SLICE_X0Y20          LUT6 (Prop_lut6_I4_O)        0.124    13.277 r  u_melody/r_freq_cnt[21]_i_1/O
                         net (fo=22, routed)          0.693    13.969    u_melody/r_freq_cnt[21]_i_1_n_0
    SLICE_X1Y15          FDRE                                         r  u_melody/r_freq_cnt_reg[4]/R
  -------------------------------------------------------------------    -------------------

                         (clock sys_clk_pin rise edge)
                                                     10.000    10.000 r  
    W5                                                0.000    10.000 r  clk (IN)
                         net (fo=0)                   0.000    10.000    clk
    W5                   IBUF (Prop_ibuf_I_O)         1.388    11.388 r  clk_IBUF_inst/O
                         net (fo=1, routed)           1.862    13.250    clk_IBUF
    BUFGCTRL_X0Y0        BUFG (Prop_bufg_I_O)         0.091    13.341 r  clk_IBUF_BUFG_inst/O
                         net (fo=333, routed)         1.513    14.854    u_melody/clk_IBUF_BUFG
    SLICE_X1Y15          FDRE                                         r  u_melody/r_freq_cnt_reg[4]/C
                         clock pessimism              0.274    15.128    
                         clock uncertainty           -0.035    15.093    
    SLICE_X1Y15          FDRE (Setup_fdre_C_R)       -0.429    14.664    u_melody/r_freq_cnt_reg[4]
  -------------------------------------------------------------------
                         required time                         14.664    
                         arrival time                         -13.969    
  -------------------------------------------------------------------
                         slack                                  0.695    

Slack (MET) :             0.697ns  (required time - arrival time)
  Source:                 u_melody/r_dur_cnt_reg[16]/C
                            (rising edge-triggered cell FDRE clocked by sys_clk_pin  {rise@0.000ns fall@5.000ns period=10.000ns})
  Destination:            u_melody/r_freq_cnt_reg[5]/R
                            (rising edge-triggered cell FDRE clocked by sys_clk_pin  {rise@0.000ns fall@5.000ns period=10.000ns})
  Path Group:             sys_clk_pin
  Path Type:              Setup (Max at Slow Process Corner)
  Requirement:            10.000ns  (sys_clk_pin rise@10.000ns - sys_clk_pin rise@0.000ns)
  Data Path Delay:        8.812ns  (logic 3.152ns (35.771%)  route 5.660ns (64.229%))
  Logic Levels:           12  (CARRY4=4 LUT2=1 LUT4=2 LUT5=2 LUT6=3)
  Clock Path Skew:        -0.027ns (DCD - SCD + CPR)
    Destination Clock Delay (DCD):    4.853ns = ( 14.853 - 10.000 ) 
    Source Clock Delay      (SCD):    5.154ns
    Clock Pessimism Removal (CPR):    0.274ns
  Clock Uncertainty:      0.035ns  ((TSJ^2 + TIJ^2)^1/2 + DJ) / 2 + PE
    Total System Jitter     (TSJ):    0.071ns
    Total Input Jitter      (TIJ):    0.000ns
    Discrete Jitter          (DJ):    0.000ns
    Phase Error              (PE):    0.000ns

    Location             Delay type                Incr(ns)  Path(ns)    Netlist Resource(s)
  -------------------------------------------------------------------    -------------------
                         (clock sys_clk_pin rise edge)
                                                      0.000     0.000 r  
    W5                                                0.000     0.000 r  clk (IN)
                         net (fo=0)                   0.000     0.000    clk
    W5                   IBUF (Prop_ibuf_I_O)         1.458     1.458 r  clk_IBUF_inst/O
                         net (fo=1, routed)           1.967     3.425    clk_IBUF
    BUFGCTRL_X0Y0        BUFG (Prop_bufg_I_O)         0.096     3.521 r  clk_IBUF_BUFG_inst/O
                         net (fo=333, routed)         1.633     5.154    u_melody/clk_IBUF_BUFG
    SLICE_X2Y13          FDRE                                         r  u_melody/r_dur_cnt_reg[16]/C
  -------------------------------------------------------------------    -------------------
    SLICE_X2Y13          FDRE (Prop_fdre_C_Q)         0.518     5.672 f  u_melody/r_dur_cnt_reg[16]/Q
                         net (fo=5, routed)           0.809     6.482    u_melody/r_dur_cnt_reg_n_0_[16]
    SLICE_X3Y14          LUT2 (Prop_lut2_I1_O)        0.152     6.634 f  u_melody/i__carry_i_19/O
                         net (fo=2, routed)           0.448     7.081    u_melody/i__carry_i_19_n_0
    SLICE_X3Y14          LUT6 (Prop_lut6_I2_O)        0.326     7.407 r  u_melody/i__carry_i_15/O
                         net (fo=1, routed)           0.433     7.841    u_melody/i__carry_i_15_n_0
    SLICE_X3Y14          LUT5 (Prop_lut5_I2_O)        0.124     7.965 r  u_melody/i__carry_i_13/O
                         net (fo=2, routed)           0.603     8.568    u_melody/i__carry_i_13_n_0
    SLICE_X3Y15          LUT5 (Prop_lut5_I4_O)        0.124     8.692 r  u_melody/i__carry__0_i_10/O
                         net (fo=8, routed)           0.287     8.979    u_melody/i__carry__0_i_10_n_0
    SLICE_X3Y15          LUT4 (Prop_lut4_I3_O)        0.124     9.103 r  u_melody/i__carry__0_i_11/O
                         net (fo=8, routed)           0.554     9.656    u_melody/i__carry__0_i_11_n_0
    SLICE_X4Y16          LUT6 (Prop_lut6_I0_O)        0.124     9.780 r  u_melody/i__carry__2_i_1/O
                         net (fo=1, routed)           0.623    10.403    u_melody/i__carry__2_i_1_n_0
    SLICE_X3Y19          CARRY4 (Prop_carry4_DI[3]_CO[3])
                                                      0.385    10.788 r  u_melody/r_buzzer1_inferred__0/i__carry__2/CO[3]
                         net (fo=1, routed)           0.000    10.788    u_melody/r_buzzer1_inferred__0/i__carry__2_n_0
    SLICE_X3Y20          CARRY4 (Prop_carry4_CI_O[0])
                                                      0.222    11.010 r  u_melody/r_buzzer1_inferred__0/i__carry__3/O[0]
                         net (fo=2, routed)           0.609    11.619    u_melody/r_buzzer1_inferred__0/i__carry__3_n_7
    SLICE_X2Y19          LUT4 (Prop_lut4_I0_O)        0.299    11.918 r  u_melody/r_buzzer0_carry__1_i_6/O
                         net (fo=1, routed)           0.000    11.918    u_melody/r_buzzer0_carry__1_i_6_n_0
    SLICE_X2Y19          CARRY4 (Prop_carry4_S[0]_CO[3])
                                                      0.513    12.431 r  u_melody/r_buzzer0_carry__1/CO[3]
                         net (fo=1, routed)           0.000    12.431    u_melody/r_buzzer0_carry__1_n_0
    SLICE_X2Y20          CARRY4 (Prop_carry4_CI_CO[3])
                                                      0.117    12.548 r  u_melody/r_buzzer0_carry__2/CO[3]
                         net (fo=2, routed)           0.604    13.153    u_melody/r_buzzer0_carry__2_n_0
    SLICE_X0Y20          LUT6 (Prop_lut6_I4_O)        0.124    13.277 r  u_melody/r_freq_cnt[21]_i_1/O
                         net (fo=22, routed)          0.689    13.966    u_melody/r_freq_cnt[21]_i_1_n_0
    SLICE_X1Y16          FDRE                                         r  u_melody/r_freq_cnt_reg[5]/R
  -------------------------------------------------------------------    -------------------

                         (clock sys_clk_pin rise edge)
                                                     10.000    10.000 r  
    W5                                                0.000    10.000 r  clk (IN)
                         net (fo=0)                   0.000    10.000    clk
    W5                   IBUF (Prop_ibuf_I_O)         1.388    11.388 r  clk_IBUF_inst/O
                         net (fo=1, routed)           1.862    13.250    clk_IBUF
    BUFGCTRL_X0Y0        BUFG (Prop_bufg_I_O)         0.091    13.341 r  clk_IBUF_BUFG_inst/O
                         net (fo=333, routed)         1.512    14.853    u_melody/clk_IBUF_BUFG
    SLICE_X1Y16          FDRE                                         r  u_melody/r_freq_cnt_reg[5]/C
                         clock pessimism              0.274    15.127    
                         clock uncertainty           -0.035    15.092    
    SLICE_X1Y16          FDRE (Setup_fdre_C_R)       -0.429    14.663    u_melody/r_freq_cnt_reg[5]
  -------------------------------------------------------------------
                         required time                         14.663    
                         arrival time                         -13.966    
  -------------------------------------------------------------------
                         slack                                  0.697    

Slack (MET) :             0.697ns  (required time - arrival time)
  Source:                 u_melody/r_dur_cnt_reg[16]/C
                            (rising edge-triggered cell FDRE clocked by sys_clk_pin  {rise@0.000ns fall@5.000ns period=10.000ns})
  Destination:            u_melody/r_freq_cnt_reg[6]/R
                            (rising edge-triggered cell FDRE clocked by sys_clk_pin  {rise@0.000ns fall@5.000ns period=10.000ns})
  Path Group:             sys_clk_pin
  Path Type:              Setup (Max at Slow Process Corner)
  Requirement:            10.000ns  (sys_clk_pin rise@10.000ns - sys_clk_pin rise@0.000ns)
  Data Path Delay:        8.812ns  (logic 3.152ns (35.771%)  route 5.660ns (64.229%))
  Logic Levels:           12  (CARRY4=4 LUT2=1 LUT4=2 LUT5=2 LUT6=3)
  Clock Path Skew:        -0.027ns (DCD - SCD + CPR)
    Destination Clock Delay (DCD):    4.853ns = ( 14.853 - 10.000 ) 
    Source Clock Delay      (SCD):    5.154ns
    Clock Pessimism Removal (CPR):    0.274ns
  Clock Uncertainty:      0.035ns  ((TSJ^2 + TIJ^2)^1/2 + DJ) / 2 + PE
    Total System Jitter     (TSJ):    0.071ns
    Total Input Jitter      (TIJ):    0.000ns
    Discrete Jitter          (DJ):    0.000ns
    Phase Error              (PE):    0.000ns

    Location             Delay type                Incr(ns)  Path(ns)    Netlist Resource(s)
  -------------------------------------------------------------------    -------------------
                         (clock sys_clk_pin rise edge)
                                                      0.000     0.000 r  
    W5                                                0.000     0.000 r  clk (IN)
                         net (fo=0)                   0.000     0.000    clk
    W5                   IBUF (Prop_ibuf_I_O)         1.458     1.458 r  clk_IBUF_inst/O
                         net (fo=1, routed)           1.967     3.425    clk_IBUF
    BUFGCTRL_X0Y0        BUFG (Prop_bufg_I_O)         0.096     3.521 r  clk_IBUF_BUFG_inst/O
                         net (fo=333, routed)         1.633     5.154    u_melody/clk_IBUF_BUFG
    SLICE_X2Y13          FDRE                                         r  u_melody/r_dur_cnt_reg[16]/C
  -------------------------------------------------------------------    -------------------
    SLICE_X2Y13          FDRE (Prop_fdre_C_Q)         0.518     5.672 f  u_melody/r_dur_cnt_reg[16]/Q
                         net (fo=5, routed)           0.809     6.482    u_melody/r_dur_cnt_reg_n_0_[16]
    SLICE_X3Y14          LUT2 (Prop_lut2_I1_O)        0.152     6.634 f  u_melody/i__carry_i_19/O
                         net (fo=2, routed)           0.448     7.081    u_melody/i__carry_i_19_n_0
    SLICE_X3Y14          LUT6 (Prop_lut6_I2_O)        0.326     7.407 r  u_melody/i__carry_i_15/O
                         net (fo=1, routed)           0.433     7.841    u_melody/i__carry_i_15_n_0
    SLICE_X3Y14          LUT5 (Prop_lut5_I2_O)        0.124     7.965 r  u_melody/i__carry_i_13/O
                         net (fo=2, routed)           0.603     8.568    u_melody/i__carry_i_13_n_0
    SLICE_X3Y15          LUT5 (Prop_lut5_I4_O)        0.124     8.692 r  u_melody/i__carry__0_i_10/O
                         net (fo=8, routed)           0.287     8.979    u_melody/i__carry__0_i_10_n_0
    SLICE_X3Y15          LUT4 (Prop_lut4_I3_O)        0.124     9.103 r  u_melody/i__carry__0_i_11/O
                         net (fo=8, routed)           0.554     9.656    u_melody/i__carry__0_i_11_n_0
    SLICE_X4Y16          LUT6 (Prop_lut6_I0_O)        0.124     9.780 r  u_melody/i__carry__2_i_1/O
                         net (fo=1, routed)           0.623    10.403    u_melody/i__carry__2_i_1_n_0
    SLICE_X3Y19          CARRY4 (Prop_carry4_DI[3]_CO[3])
                                                      0.385    10.788 r  u_melody/r_buzzer1_inferred__0/i__carry__2/CO[3]
                         net (fo=1, routed)           0.000    10.788    u_melody/r_buzzer1_inferred__0/i__carry__2_n_0
    SLICE_X3Y20          CARRY4 (Prop_carry4_CI_O[0])
                                                      0.222    11.010 r  u_melody/r_buzzer1_inferred__0/i__carry__3/O[0]
                         net (fo=2, routed)           0.609    11.619    u_melody/r_buzzer1_inferred__0/i__carry__3_n_7
    SLICE_X2Y19          LUT4 (Prop_lut4_I0_O)        0.299    11.918 r  u_melody/r_buzzer0_carry__1_i_6/O
                         net (fo=1, routed)           0.000    11.918    u_melody/r_buzzer0_carry__1_i_6_n_0
    SLICE_X2Y19          CARRY4 (Prop_carry4_S[0]_CO[3])
                                                      0.513    12.431 r  u_melody/r_buzzer0_carry__1/CO[3]
                         net (fo=1, routed)           0.000    12.431    u_melody/r_buzzer0_carry__1_n_0
    SLICE_X2Y20          CARRY4 (Prop_carry4_CI_CO[3])
                                                      0.117    12.548 r  u_melody/r_buzzer0_carry__2/CO[3]
                         net (fo=2, routed)           0.604    13.153    u_melody/r_buzzer0_carry__2_n_0
    SLICE_X0Y20          LUT6 (Prop_lut6_I4_O)        0.124    13.277 r  u_melody/r_freq_cnt[21]_i_1/O
                         net (fo=22, routed)          0.689    13.966    u_melody/r_freq_cnt[21]_i_1_n_0
    SLICE_X1Y16          FDRE                                         r  u_melody/r_freq_cnt_reg[6]/R
  -------------------------------------------------------------------    -------------------

                         (clock sys_clk_pin rise edge)
                                                     10.000    10.000 r  
    W5                                                0.000    10.000 r  clk (IN)
                         net (fo=0)                   0.000    10.000    clk
    W5                   IBUF (Prop_ibuf_I_O)         1.388    11.388 r  clk_IBUF_inst/O
                         net (fo=1, routed)           1.862    13.250    clk_IBUF
    BUFGCTRL_X0Y0        BUFG (Prop_bufg_I_O)         0.091    13.341 r  clk_IBUF_BUFG_inst/O
                         net (fo=333, routed)         1.512    14.853    u_melody/clk_IBUF_BUFG
    SLICE_X1Y16          FDRE                                         r  u_melody/r_freq_cnt_reg[6]/C
                         clock pessimism              0.274    15.127    
                         clock uncertainty           -0.035    15.092    
    SLICE_X1Y16          FDRE (Setup_fdre_C_R)       -0.429    14.663    u_melody/r_freq_cnt_reg[6]
  -------------------------------------------------------------------
                         required time                         14.663    
                         arrival time                         -13.966    
  -------------------------------------------------------------------
                         slack                                  0.697    

Slack (MET) :             0.697ns  (required time - arrival time)
  Source:                 u_melody/r_dur_cnt_reg[16]/C
                            (rising edge-triggered cell FDRE clocked by sys_clk_pin  {rise@0.000ns fall@5.000ns period=10.000ns})
  Destination:            u_melody/r_freq_cnt_reg[7]/R
                            (rising edge-triggered cell FDRE clocked by sys_clk_pin  {rise@0.000ns fall@5.000ns period=10.000ns})
  Path Group:             sys_clk_pin
  Path Type:              Setup (Max at Slow Process Corner)
  Requirement:            10.000ns  (sys_clk_pin rise@10.000ns - sys_clk_pin rise@0.000ns)
  Data Path Delay:        8.812ns  (logic 3.152ns (35.771%)  route 5.660ns (64.229%))
  Logic Levels:           12  (CARRY4=4 LUT2=1 LUT4=2 LUT5=2 LUT6=3)
  Clock Path Skew:        -0.027ns (DCD - SCD + CPR)
    Destination Clock Delay (DCD):    4.853ns = ( 14.853 - 10.000 ) 
    Source Clock Delay      (SCD):    5.154ns
    Clock Pessimism Removal (CPR):    0.274ns
  Clock Uncertainty:      0.035ns  ((TSJ^2 + TIJ^2)^1/2 + DJ) / 2 + PE
    Total System Jitter     (TSJ):    0.071ns
    Total Input Jitter      (TIJ):    0.000ns
    Discrete Jitter          (DJ):    0.000ns
    Phase Error              (PE):    0.000ns

    Location             Delay type                Incr(ns)  Path(ns)    Netlist Resource(s)
  -------------------------------------------------------------------    -------------------
                         (clock sys_clk_pin rise edge)
                                                      0.000     0.000 r  
    W5                                                0.000     0.000 r  clk (IN)
                         net (fo=0)                   0.000     0.000    clk
    W5                   IBUF (Prop_ibuf_I_O)         1.458     1.458 r  clk_IBUF_inst/O
                         net (fo=1, routed)           1.967     3.425    clk_IBUF
    BUFGCTRL_X0Y0        BUFG (Prop_bufg_I_O)         0.096     3.521 r  clk_IBUF_BUFG_inst/O
                         net (fo=333, routed)         1.633     5.154    u_melody/clk_IBUF_BUFG
    SLICE_X2Y13          FDRE                                         r  u_melody/r_dur_cnt_reg[16]/C
  -------------------------------------------------------------------    -------------------
    SLICE_X2Y13          FDRE (Prop_fdre_C_Q)         0.518     5.672 f  u_melody/r_dur_cnt_reg[16]/Q
                         net (fo=5, routed)           0.809     6.482    u_melody/r_dur_cnt_reg_n_0_[16]
    SLICE_X3Y14          LUT2 (Prop_lut2_I1_O)        0.152     6.634 f  u_melody/i__carry_i_19/O
                         net (fo=2, routed)           0.448     7.081    u_melody/i__carry_i_19_n_0
    SLICE_X3Y14          LUT6 (Prop_lut6_I2_O)        0.326     7.407 r  u_melody/i__carry_i_15/O
                         net (fo=1, routed)           0.433     7.841    u_melody/i__carry_i_15_n_0
    SLICE_X3Y14          LUT5 (Prop_lut5_I2_O)        0.124     7.965 r  u_melody/i__carry_i_13/O
                         net (fo=2, routed)           0.603     8.568    u_melody/i__carry_i_13_n_0
    SLICE_X3Y15          LUT5 (Prop_lut5_I4_O)        0.124     8.692 r  u_melody/i__carry__0_i_10/O
                         net (fo=8, routed)           0.287     8.979    u_melody/i__carry__0_i_10_n_0
    SLICE_X3Y15          LUT4 (Prop_lut4_I3_O)        0.124     9.103 r  u_melody/i__carry__0_i_11/O
                         net (fo=8, routed)           0.554     9.656    u_melody/i__carry__0_i_11_n_0
    SLICE_X4Y16          LUT6 (Prop_lut6_I0_O)        0.124     9.780 r  u_melody/i__carry__2_i_1/O
                         net (fo=1, routed)           0.623    10.403    u_melody/i__carry__2_i_1_n_0
    SLICE_X3Y19          CARRY4 (Prop_carry4_DI[3]_CO[3])
                                                      0.385    10.788 r  u_melody/r_buzzer1_inferred__0/i__carry__2/CO[3]
                         net (fo=1, routed)           0.000    10.788    u_melody/r_buzzer1_inferred__0/i__carry__2_n_0
    SLICE_X3Y20          CARRY4 (Prop_carry4_CI_O[0])
                                                      0.222    11.010 r  u_melody/r_buzzer1_inferred__0/i__carry__3/O[0]
                         net (fo=2, routed)           0.609    11.619    u_melody/r_buzzer1_inferred__0/i__carry__3_n_7
    SLICE_X2Y19          LUT4 (Prop_lut4_I0_O)        0.299    11.918 r  u_melody/r_buzzer0_carry__1_i_6/O
                         net (fo=1, routed)           0.000    11.918    u_melody/r_buzzer0_carry__1_i_6_n_0
    SLICE_X2Y19          CARRY4 (Prop_carry4_S[0]_CO[3])
                                                      0.513    12.431 r  u_melody/r_buzzer0_carry__1/CO[3]
                         net (fo=1, routed)           0.000    12.431    u_melody/r_buzzer0_carry__1_n_0
    SLICE_X2Y20          CARRY4 (Prop_carry4_CI_CO[3])
                                                      0.117    12.548 r  u_melody/r_buzzer0_carry__2/CO[3]
                         net (fo=2, routed)           0.604    13.153    u_melody/r_buzzer0_carry__2_n_0
    SLICE_X0Y20          LUT6 (Prop_lut6_I4_O)        0.124    13.277 r  u_melody/r_freq_cnt[21]_i_1/O
                         net (fo=22, routed)          0.689    13.966    u_melody/r_freq_cnt[21]_i_1_n_0
    SLICE_X1Y16          FDRE                                         r  u_melody/r_freq_cnt_reg[7]/R
  -------------------------------------------------------------------    -------------------

                         (clock sys_clk_pin rise edge)
                                                     10.000    10.000 r  
    W5                                                0.000    10.000 r  clk (IN)
                         net (fo=0)                   0.000    10.000    clk
    W5                   IBUF (Prop_ibuf_I_O)         1.388    11.388 r  clk_IBUF_inst/O
                         net (fo=1, routed)           1.862    13.250    clk_IBUF
    BUFGCTRL_X0Y0        BUFG (Prop_bufg_I_O)         0.091    13.341 r  clk_IBUF_BUFG_inst/O
                         net (fo=333, routed)         1.512    14.853    u_melody/clk_IBUF_BUFG
    SLICE_X1Y16          FDRE                                         r  u_melody/r_freq_cnt_reg[7]/C
                         clock pessimism              0.274    15.127    
                         clock uncertainty           -0.035    15.092    
    SLICE_X1Y16          FDRE (Setup_fdre_C_R)       -0.429    14.663    u_melody/r_freq_cnt_reg[7]
  -------------------------------------------------------------------
                         required time                         14.663    
                         arrival time                         -13.966    
  -------------------------------------------------------------------
                         slack                                  0.697    

Slack (MET) :             0.697ns  (required time - arrival time)
  Source:                 u_melody/r_dur_cnt_reg[16]/C
                            (rising edge-triggered cell FDRE clocked by sys_clk_pin  {rise@0.000ns fall@5.000ns period=10.000ns})
  Destination:            u_melody/r_freq_cnt_reg[8]/R
                            (rising edge-triggered cell FDRE clocked by sys_clk_pin  {rise@0.000ns fall@5.000ns period=10.000ns})
  Path Group:             sys_clk_pin
  Path Type:              Setup (Max at Slow Process Corner)
  Requirement:            10.000ns  (sys_clk_pin rise@10.000ns - sys_clk_pin rise@0.000ns)
  Data Path Delay:        8.812ns  (logic 3.152ns (35.771%)  route 5.660ns (64.229%))
  Logic Levels:           12  (CARRY4=4 LUT2=1 LUT4=2 LUT5=2 LUT6=3)
  Clock Path Skew:        -0.027ns (DCD - SCD + CPR)
    Destination Clock Delay (DCD):    4.853ns = ( 14.853 - 10.000 ) 
    Source Clock Delay      (SCD):    5.154ns
    Clock Pessimism Removal (CPR):    0.274ns
  Clock Uncertainty:      0.035ns  ((TSJ^2 + TIJ^2)^1/2 + DJ) / 2 + PE
    Total System Jitter     (TSJ):    0.071ns
    Total Input Jitter      (TIJ):    0.000ns
    Discrete Jitter          (DJ):    0.000ns
    Phase Error              (PE):    0.000ns

    Location             Delay type                Incr(ns)  Path(ns)    Netlist Resource(s)
  -------------------------------------------------------------------    -------------------
                         (clock sys_clk_pin rise edge)
                                                      0.000     0.000 r  
    W5                                                0.000     0.000 r  clk (IN)
                         net (fo=0)                   0.000     0.000    clk
    W5                   IBUF (Prop_ibuf_I_O)         1.458     1.458 r  clk_IBUF_inst/O
                         net (fo=1, routed)           1.967     3.425    clk_IBUF
    BUFGCTRL_X0Y0        BUFG (Prop_bufg_I_O)         0.096     3.521 r  clk_IBUF_BUFG_inst/O
                         net (fo=333, routed)         1.633     5.154    u_melody/clk_IBUF_BUFG
    SLICE_X2Y13          FDRE                                         r  u_melody/r_dur_cnt_reg[16]/C
  -------------------------------------------------------------------    -------------------
    SLICE_X2Y13          FDRE (Prop_fdre_C_Q)         0.518     5.672 f  u_melody/r_dur_cnt_reg[16]/Q
                         net (fo=5, routed)           0.809     6.482    u_melody/r_dur_cnt_reg_n_0_[16]
    SLICE_X3Y14          LUT2 (Prop_lut2_I1_O)        0.152     6.634 f  u_melody/i__carry_i_19/O
                         net (fo=2, routed)           0.448     7.081    u_melody/i__carry_i_19_n_0
    SLICE_X3Y14          LUT6 (Prop_lut6_I2_O)        0.326     7.407 r  u_melody/i__carry_i_15/O
                         net (fo=1, routed)           0.433     7.841    u_melody/i__carry_i_15_n_0
    SLICE_X3Y14          LUT5 (Prop_lut5_I2_O)        0.124     7.965 r  u_melody/i__carry_i_13/O
                         net (fo=2, routed)           0.603     8.568    u_melody/i__carry_i_13_n_0
    SLICE_X3Y15          LUT5 (Prop_lut5_I4_O)        0.124     8.692 r  u_melody/i__carry__0_i_10/O
                         net (fo=8, routed)           0.287     8.979    u_melody/i__carry__0_i_10_n_0
    SLICE_X3Y15          LUT4 (Prop_lut4_I3_O)        0.124     9.103 r  u_melody/i__carry__0_i_11/O
                         net (fo=8, routed)           0.554     9.656    u_melody/i__carry__0_i_11_n_0
    SLICE_X4Y16          LUT6 (Prop_lut6_I0_O)        0.124     9.780 r  u_melody/i__carry__2_i_1/O
                         net (fo=1, routed)           0.623    10.403    u_melody/i__carry__2_i_1_n_0
    SLICE_X3Y19          CARRY4 (Prop_carry4_DI[3]_CO[3])
                                                      0.385    10.788 r  u_melody/r_buzzer1_inferred__0/i__carry__2/CO[3]
                         net (fo=1, routed)           0.000    10.788    u_melody/r_buzzer1_inferred__0/i__carry__2_n_0
    SLICE_X3Y20          CARRY4 (Prop_carry4_CI_O[0])
                                                      0.222    11.010 r  u_melody/r_buzzer1_inferred__0/i__carry__3/O[0]
                         net (fo=2, routed)           0.609    11.619    u_melody/r_buzzer1_inferred__0/i__carry__3_n_7
    SLICE_X2Y19          LUT4 (Prop_lut4_I0_O)        0.299    11.918 r  u_melody/r_buzzer0_carry__1_i_6/O
                         net (fo=1, routed)           0.000    11.918    u_melody/r_buzzer0_carry__1_i_6_n_0
    SLICE_X2Y19          CARRY4 (Prop_carry4_S[0]_CO[3])
                                                      0.513    12.431 r  u_melody/r_buzzer0_carry__1/CO[3]
                         net (fo=1, routed)           0.000    12.431    u_melody/r_buzzer0_carry__1_n_0
    SLICE_X2Y20          CARRY4 (Prop_carry4_CI_CO[3])
                                                      0.117    12.548 r  u_melody/r_buzzer0_carry__2/CO[3]
                         net (fo=2, routed)           0.604    13.153    u_melody/r_buzzer0_carry__2_n_0
    SLICE_X0Y20          LUT6 (Prop_lut6_I4_O)        0.124    13.277 r  u_melody/r_freq_cnt[21]_i_1/O
                         net (fo=22, routed)          0.689    13.966    u_melody/r_freq_cnt[21]_i_1_n_0
    SLICE_X1Y16          FDRE                                         r  u_melody/r_freq_cnt_reg[8]/R
  -------------------------------------------------------------------    -------------------

                         (clock sys_clk_pin rise edge)
                                                     10.000    10.000 r  
    W5                                                0.000    10.000 r  clk (IN)
                         net (fo=0)                   0.000    10.000    clk
    W5                   IBUF (Prop_ibuf_I_O)         1.388    11.388 r  clk_IBUF_inst/O
                         net (fo=1, routed)           1.862    13.250    clk_IBUF
    BUFGCTRL_X0Y0        BUFG (Prop_bufg_I_O)         0.091    13.341 r  clk_IBUF_BUFG_inst/O
                         net (fo=333, routed)         1.512    14.853    u_melody/clk_IBUF_BUFG
    SLICE_X1Y16          FDRE                                         r  u_melody/r_freq_cnt_reg[8]/C
                         clock pessimism              0.274    15.127    
                         clock uncertainty           -0.035    15.092    
    SLICE_X1Y16          FDRE (Setup_fdre_C_R)       -0.429    14.663    u_melody/r_freq_cnt_reg[8]
  -------------------------------------------------------------------
                         required time                         14.663    
                         arrival time                         -13.966    
  -------------------------------------------------------------------
                         slack                                  0.697    

Slack (MET) :             0.721ns  (required time - arrival time)
  Source:                 u_melody/r_dur_cnt_reg[16]/C
                            (rising edge-triggered cell FDRE clocked by sys_clk_pin  {rise@0.000ns fall@5.000ns period=10.000ns})
  Destination:            u_melody/r_freq_cnt_reg[21]/R
                            (rising edge-triggered cell FDRE clocked by sys_clk_pin  {rise@0.000ns fall@5.000ns period=10.000ns})
  Path Group:             sys_clk_pin
  Path Type:              Setup (Max at Slow Process Corner)
  Requirement:            10.000ns  (sys_clk_pin rise@10.000ns - sys_clk_pin rise@0.000ns)
  Data Path Delay:        8.784ns  (logic 3.152ns (35.885%)  route 5.632ns (64.115%))
  Logic Levels:           12  (CARRY4=4 LUT2=1 LUT4=2 LUT5=2 LUT6=3)
  Clock Path Skew:        -0.031ns (DCD - SCD + CPR)
    Destination Clock Delay (DCD):    4.849ns = ( 14.849 - 10.000 ) 
    Source Clock Delay      (SCD):    5.154ns
    Clock Pessimism Removal (CPR):    0.274ns
  Clock Uncertainty:      0.035ns  ((TSJ^2 + TIJ^2)^1/2 + DJ) / 2 + PE
    Total System Jitter     (TSJ):    0.071ns
    Total Input Jitter      (TIJ):    0.000ns
    Discrete Jitter          (DJ):    0.000ns
    Phase Error              (PE):    0.000ns

    Location             Delay type                Incr(ns)  Path(ns)    Netlist Resource(s)
  -------------------------------------------------------------------    -------------------
                         (clock sys_clk_pin rise edge)
                                                      0.000     0.000 r  
    W5                                                0.000     0.000 r  clk (IN)
                         net (fo=0)                   0.000     0.000    clk
    W5                   IBUF (Prop_ibuf_I_O)         1.458     1.458 r  clk_IBUF_inst/O
                         net (fo=1, routed)           1.967     3.425    clk_IBUF
    BUFGCTRL_X0Y0        BUFG (Prop_bufg_I_O)         0.096     3.521 r  clk_IBUF_BUFG_inst/O
                         net (fo=333, routed)         1.633     5.154    u_melody/clk_IBUF_BUFG
    SLICE_X2Y13          FDRE                                         r  u_melody/r_dur_cnt_reg[16]/C
  -------------------------------------------------------------------    -------------------
    SLICE_X2Y13          FDRE (Prop_fdre_C_Q)         0.518     5.672 f  u_melody/r_dur_cnt_reg[16]/Q
                         net (fo=5, routed)           0.809     6.482    u_melody/r_dur_cnt_reg_n_0_[16]
    SLICE_X3Y14          LUT2 (Prop_lut2_I1_O)        0.152     6.634 f  u_melody/i__carry_i_19/O
                         net (fo=2, routed)           0.448     7.081    u_melody/i__carry_i_19_n_0
    SLICE_X3Y14          LUT6 (Prop_lut6_I2_O)        0.326     7.407 r  u_melody/i__carry_i_15/O
                         net (fo=1, routed)           0.433     7.841    u_melody/i__carry_i_15_n_0
    SLICE_X3Y14          LUT5 (Prop_lut5_I2_O)        0.124     7.965 r  u_melody/i__carry_i_13/O
                         net (fo=2, routed)           0.603     8.568    u_melody/i__carry_i_13_n_0
    SLICE_X3Y15          LUT5 (Prop_lut5_I4_O)        0.124     8.692 r  u_melody/i__carry__0_i_10/O
                         net (fo=8, routed)           0.287     8.979    u_melody/i__carry__0_i_10_n_0
    SLICE_X3Y15          LUT4 (Prop_lut4_I3_O)        0.124     9.103 r  u_melody/i__carry__0_i_11/O
                         net (fo=8, routed)           0.554     9.656    u_melody/i__carry__0_i_11_n_0
    SLICE_X4Y16          LUT6 (Prop_lut6_I0_O)        0.124     9.780 r  u_melody/i__carry__2_i_1/O
                         net (fo=1, routed)           0.623    10.403    u_melody/i__carry__2_i_1_n_0
    SLICE_X3Y19          CARRY4 (Prop_carry4_DI[3]_CO[3])
                                                      0.385    10.788 r  u_melody/r_buzzer1_inferred__0/i__carry__2/CO[3]
                         net (fo=1, routed)           0.000    10.788    u_melody/r_buzzer1_inferred__0/i__carry__2_n_0
    SLICE_X3Y20          CARRY4 (Prop_carry4_CI_O[0])
                                                      0.222    11.010 r  u_melody/r_buzzer1_inferred__0/i__carry__3/O[0]
                         net (fo=2, routed)           0.609    11.619    u_melody/r_buzzer1_inferred__0/i__carry__3_n_7
    SLICE_X2Y19          LUT4 (Prop_lut4_I0_O)        0.299    11.918 r  u_melody/r_buzzer0_carry__1_i_6/O
                         net (fo=1, routed)           0.000    11.918    u_melody/r_buzzer0_carry__1_i_6_n_0
    SLICE_X2Y19          CARRY4 (Prop_carry4_S[0]_CO[3])
                                                      0.513    12.431 r  u_melody/r_buzzer0_carry__1/CO[3]
                         net (fo=1, routed)           0.000    12.431    u_melody/r_buzzer0_carry__1_n_0
    SLICE_X2Y20          CARRY4 (Prop_carry4_CI_CO[3])
                                                      0.117    12.548 r  u_melody/r_buzzer0_carry__2/CO[3]
                         net (fo=2, routed)           0.604    13.153    u_melody/r_buzzer0_carry__2_n_0
    SLICE_X0Y20          LUT6 (Prop_lut6_I4_O)        0.124    13.277 r  u_melody/r_freq_cnt[21]_i_1/O
                         net (fo=22, routed)          0.661    13.938    u_melody/r_freq_cnt[21]_i_1_n_0
    SLICE_X1Y20          FDRE                                         r  u_melody/r_freq_cnt_reg[21]/R
  -------------------------------------------------------------------    -------------------

                         (clock sys_clk_pin rise edge)
                                                     10.000    10.000 r  
    W5                                                0.000    10.000 r  clk (IN)
                         net (fo=0)                   0.000    10.000    clk
    W5                   IBUF (Prop_ibuf_I_O)         1.388    11.388 r  clk_IBUF_inst/O
                         net (fo=1, routed)           1.862    13.250    clk_IBUF
    BUFGCTRL_X0Y0        BUFG (Prop_bufg_I_O)         0.091    13.341 r  clk_IBUF_BUFG_inst/O
                         net (fo=333, routed)         1.508    14.849    u_melody/clk_IBUF_BUFG
    SLICE_X1Y20          FDRE                                         r  u_melody/r_freq_cnt_reg[21]/C
                         clock pessimism              0.274    15.123    
                         clock uncertainty           -0.035    15.088    
    SLICE_X1Y20          FDRE (Setup_fdre_C_R)       -0.429    14.659    u_melody/r_freq_cnt_reg[21]
  -------------------------------------------------------------------
                         required time                         14.659    
                         arrival time                         -13.938    
  -------------------------------------------------------------------
                         slack                                  0.721    

Slack (MET) :             0.837ns  (required time - arrival time)
  Source:                 u_melody/r_dur_cnt_reg[16]/C
                            (rising edge-triggered cell FDRE clocked by sys_clk_pin  {rise@0.000ns fall@5.000ns period=10.000ns})
  Destination:            u_melody/r_freq_cnt_reg[10]/R
                            (rising edge-triggered cell FDRE clocked by sys_clk_pin  {rise@0.000ns fall@5.000ns period=10.000ns})
  Path Group:             sys_clk_pin
  Path Type:              Setup (Max at Slow Process Corner)
  Requirement:            10.000ns  (sys_clk_pin rise@10.000ns - sys_clk_pin rise@0.000ns)
  Data Path Delay:        8.671ns  (logic 3.152ns (36.352%)  route 5.519ns (63.648%))
  Logic Levels:           12  (CARRY4=4 LUT2=1 LUT4=2 LUT5=2 LUT6=3)
  Clock Path Skew:        -0.028ns (DCD - SCD + CPR)
    Destination Clock Delay (DCD):    4.852ns = ( 14.852 - 10.000 ) 
    Source Clock Delay      (SCD):    5.154ns
    Clock Pessimism Removal (CPR):    0.274ns
  Clock Uncertainty:      0.035ns  ((TSJ^2 + TIJ^2)^1/2 + DJ) / 2 + PE
    Total System Jitter     (TSJ):    0.071ns
    Total Input Jitter      (TIJ):    0.000ns
    Discrete Jitter          (DJ):    0.000ns
    Phase Error              (PE):    0.000ns

    Location             Delay type                Incr(ns)  Path(ns)    Netlist Resource(s)
  -------------------------------------------------------------------    -------------------
                         (clock sys_clk_pin rise edge)
                                                      0.000     0.000 r  
    W5                                                0.000     0.000 r  clk (IN)
                         net (fo=0)                   0.000     0.000    clk
    W5                   IBUF (Prop_ibuf_I_O)         1.458     1.458 r  clk_IBUF_inst/O
                         net (fo=1, routed)           1.967     3.425    clk_IBUF
    BUFGCTRL_X0Y0        BUFG (Prop_bufg_I_O)         0.096     3.521 r  clk_IBUF_BUFG_inst/O
                         net (fo=333, routed)         1.633     5.154    u_melody/clk_IBUF_BUFG
    SLICE_X2Y13          FDRE                                         r  u_melody/r_dur_cnt_reg[16]/C
  -------------------------------------------------------------------    -------------------
    SLICE_X2Y13          FDRE (Prop_fdre_C_Q)         0.518     5.672 f  u_melody/r_dur_cnt_reg[16]/Q
                         net (fo=5, routed)           0.809     6.482    u_melody/r_dur_cnt_reg_n_0_[16]
    SLICE_X3Y14          LUT2 (Prop_lut2_I1_O)        0.152     6.634 f  u_melody/i__carry_i_19/O
                         net (fo=2, routed)           0.448     7.081    u_melody/i__carry_i_19_n_0
    SLICE_X3Y14          LUT6 (Prop_lut6_I2_O)        0.326     7.407 r  u_melody/i__carry_i_15/O
                         net (fo=1, routed)           0.433     7.841    u_melody/i__carry_i_15_n_0
    SLICE_X3Y14          LUT5 (Prop_lut5_I2_O)        0.124     7.965 r  u_melody/i__carry_i_13/O
                         net (fo=2, routed)           0.603     8.568    u_melody/i__carry_i_13_n_0
    SLICE_X3Y15          LUT5 (Prop_lut5_I4_O)        0.124     8.692 r  u_melody/i__carry__0_i_10/O
                         net (fo=8, routed)           0.287     8.979    u_melody/i__carry__0_i_10_n_0
    SLICE_X3Y15          LUT4 (Prop_lut4_I3_O)        0.124     9.103 r  u_melody/i__carry__0_i_11/O
                         net (fo=8, routed)           0.554     9.656    u_melody/i__carry__0_i_11_n_0
    SLICE_X4Y16          LUT6 (Prop_lut6_I0_O)        0.124     9.780 r  u_melody/i__carry__2_i_1/O
                         net (fo=1, routed)           0.623    10.403    u_melody/i__carry__2_i_1_n_0
    SLICE_X3Y19          CARRY4 (Prop_carry4_DI[3]_CO[3])
                                                      0.385    10.788 r  u_melody/r_buzzer1_inferred__0/i__carry__2/CO[3]
                         net (fo=1, routed)           0.000    10.788    u_melody/r_buzzer1_inferred__0/i__carry__2_n_0
    SLICE_X3Y20          CARRY4 (Prop_carry4_CI_O[0])
                                                      0.222    11.010 r  u_melody/r_buzzer1_inferred__0/i__carry__3/O[0]
                         net (fo=2, routed)           0.609    11.619    u_melody/r_buzzer1_inferred__0/i__carry__3_n_7
    SLICE_X2Y19          LUT4 (Prop_lut4_I0_O)        0.299    11.918 r  u_melody/r_buzzer0_carry__1_i_6/O
                         net (fo=1, routed)           0.000    11.918    u_melody/r_buzzer0_carry__1_i_6_n_0
    SLICE_X2Y19          CARRY4 (Prop_carry4_S[0]_CO[3])
                                                      0.513    12.431 r  u_melody/r_buzzer0_carry__1/CO[3]
                         net (fo=1, routed)           0.000    12.431    u_melody/r_buzzer0_carry__1_n_0
    SLICE_X2Y20          CARRY4 (Prop_carry4_CI_CO[3])
                                                      0.117    12.548 r  u_melody/r_buzzer0_carry__2/CO[3]
                         net (fo=2, routed)           0.604    13.153    u_melody/r_buzzer0_carry__2_n_0
    SLICE_X0Y20          LUT6 (Prop_lut6_I4_O)        0.124    13.277 r  u_melody/r_freq_cnt[21]_i_1/O
                         net (fo=22, routed)          0.549    13.825    u_melody/r_freq_cnt[21]_i_1_n_0
    SLICE_X1Y17          FDRE                                         r  u_melody/r_freq_cnt_reg[10]/R
  -------------------------------------------------------------------    -------------------

                         (clock sys_clk_pin rise edge)
                                                     10.000    10.000 r  
    W5                                                0.000    10.000 r  clk (IN)
                         net (fo=0)                   0.000    10.000    clk
    W5                   IBUF (Prop_ibuf_I_O)         1.388    11.388 r  clk_IBUF_inst/O
                         net (fo=1, routed)           1.862    13.250    clk_IBUF
    BUFGCTRL_X0Y0        BUFG (Prop_bufg_I_O)         0.091    13.341 r  clk_IBUF_BUFG_inst/O
                         net (fo=333, routed)         1.511    14.852    u_melody/clk_IBUF_BUFG
    SLICE_X1Y17          FDRE                                         r  u_melody/r_freq_cnt_reg[10]/C
                         clock pessimism              0.274    15.126    
                         clock uncertainty           -0.035    15.091    
    SLICE_X1Y17          FDRE (Setup_fdre_C_R)       -0.429    14.662    u_melody/r_freq_cnt_reg[10]
  -------------------------------------------------------------------
                         required time                         14.662    
                         arrival time                         -13.825    
  -------------------------------------------------------------------
                         slack                                  0.837    





Min Delay Paths
--------------------------------------------------------------------------------------
Slack (MET) :             0.222ns  (arrival time - required time)
  Source:                 u_motor/r_duty_reg[2]/C
                            (rising edge-triggered cell FDCE clocked by sys_clk_pin  {rise@0.000ns fall@5.000ns period=10.000ns})
  Destination:            u_motor/r_duty_reg[3]/D
                            (rising edge-triggered cell FDPE clocked by sys_clk_pin  {rise@0.000ns fall@5.000ns period=10.000ns})
  Path Group:             sys_clk_pin
  Path Type:              Hold (Min at Fast Process Corner)
  Requirement:            0.000ns  (sys_clk_pin rise@0.000ns - sys_clk_pin rise@0.000ns)
  Data Path Delay:        0.327ns  (logic 0.209ns (64.010%)  route 0.118ns (35.990%))
  Logic Levels:           1  (LUT6=1)
  Clock Path Skew:        0.013ns (DCD - SCD - CPR)
    Destination Clock Delay (DCD):    1.986ns
    Source Clock Delay      (SCD):    1.472ns
    Clock Pessimism Removal (CPR):    0.501ns

    Location             Delay type                Incr(ns)  Path(ns)    Netlist Resource(s)
  -------------------------------------------------------------------    -------------------
                         (clock sys_clk_pin rise edge)
                                                      0.000     0.000 r  
    W5                                                0.000     0.000 r  clk (IN)
                         net (fo=0)                   0.000     0.000    clk
    W5                   IBUF (Prop_ibuf_I_O)         0.226     0.226 r  clk_IBUF_inst/O
                         net (fo=1, routed)           0.631     0.858    clk_IBUF
    BUFGCTRL_X0Y0        BUFG (Prop_bufg_I_O)         0.026     0.884 r  clk_IBUF_BUFG_inst/O
                         net (fo=333, routed)         0.589     1.472    u_motor/clk_IBUF_BUFG
    SLICE_X6Y14          FDCE                                         r  u_motor/r_duty_reg[2]/C
  -------------------------------------------------------------------    -------------------
    SLICE_X6Y14          FDCE (Prop_fdce_C_Q)         0.164     1.636 r  u_motor/r_duty_reg[2]/Q
                         net (fo=6, routed)           0.118     1.754    u_motor/r_duty_reg_n_0_[2]
    SLICE_X7Y14          LUT6 (Prop_lut6_I2_O)        0.045     1.799 r  u_motor/r_duty[3]_i_2/O
                         net (fo=1, routed)           0.000     1.799    u_motor/r_duty[3]_i_2_n_0
    SLICE_X7Y14          FDPE                                         r  u_motor/r_duty_reg[3]/D
  -------------------------------------------------------------------    -------------------

                         (clock sys_clk_pin rise edge)
                                                      0.000     0.000 r  
    W5                                                0.000     0.000 r  clk (IN)
                         net (fo=0)                   0.000     0.000    clk
    W5                   IBUF (Prop_ibuf_I_O)         0.414     0.414 r  clk_IBUF_inst/O
                         net (fo=1, routed)           0.685     1.099    clk_IBUF
    BUFGCTRL_X0Y0        BUFG (Prop_bufg_I_O)         0.029     1.128 r  clk_IBUF_BUFG_inst/O
                         net (fo=333, routed)         0.859     1.986    u_motor/clk_IBUF_BUFG
    SLICE_X7Y14          FDPE                                         r  u_motor/r_duty_reg[3]/C
                         clock pessimism             -0.501     1.485    
    SLICE_X7Y14          FDPE (Hold_fdpe_C_D)         0.092     1.577    u_motor/r_duty_reg[3]
  -------------------------------------------------------------------
                         required time                         -1.577    
                         arrival time                           1.799    
  -------------------------------------------------------------------
                         slack                                  0.222    

Slack (MET) :             0.224ns  (arrival time - required time)
  Source:                 u_motor/r_running_reg/C
                            (rising edge-triggered cell FDCE clocked by sys_clk_pin  {rise@0.000ns fall@5.000ns period=10.000ns})
  Destination:            u_motor/r_duty_reg[0]/D
                            (rising edge-triggered cell FDCE clocked by sys_clk_pin  {rise@0.000ns fall@5.000ns period=10.000ns})
  Path Group:             sys_clk_pin
  Path Type:              Hold (Min at Fast Process Corner)
  Requirement:            0.000ns  (sys_clk_pin rise@0.000ns - sys_clk_pin rise@0.000ns)
  Data Path Delay:        0.358ns  (logic 0.186ns (51.969%)  route 0.172ns (48.031%))
  Logic Levels:           1  (LUT5=1)
  Clock Path Skew:        0.014ns (DCD - SCD - CPR)
    Destination Clock Delay (DCD):    1.985ns
    Source Clock Delay      (SCD):    1.472ns
    Clock Pessimism Removal (CPR):    0.499ns

    Location             Delay type                Incr(ns)  Path(ns)    Netlist Resource(s)
  -------------------------------------------------------------------    -------------------
                         (clock sys_clk_pin rise edge)
                                                      0.000     0.000 r  
    W5                                                0.000     0.000 r  clk (IN)
                         net (fo=0)                   0.000     0.000    clk
    W5                   IBUF (Prop_ibuf_I_O)         0.226     0.226 r  clk_IBUF_inst/O
                         net (fo=1, routed)           0.631     0.858    clk_IBUF
    BUFGCTRL_X0Y0        BUFG (Prop_bufg_I_O)         0.026     0.884 r  clk_IBUF_BUFG_inst/O
                         net (fo=333, routed)         0.589     1.472    u_motor/clk_IBUF_BUFG
    SLICE_X5Y14          FDCE                                         r  u_motor/r_running_reg/C
  -------------------------------------------------------------------    -------------------
    SLICE_X5Y14          FDCE (Prop_fdce_C_Q)         0.141     1.613 r  u_motor/r_running_reg/Q
                         net (fo=5, routed)           0.172     1.785    u_motor/r_running
    SLICE_X6Y15          LUT5 (Prop_lut5_I3_O)        0.045     1.830 r  u_motor/r_duty[0]_i_1/O
                         net (fo=1, routed)           0.000     1.830    u_motor/r_duty[0]_i_1_n_0
    SLICE_X6Y15          FDCE                                         r  u_motor/r_duty_reg[0]/D
  -------------------------------------------------------------------    -------------------

                         (clock sys_clk_pin rise edge)
                                                      0.000     0.000 r  
    W5                                                0.000     0.000 r  clk (IN)
                         net (fo=0)                   0.000     0.000    clk
    W5                   IBUF (Prop_ibuf_I_O)         0.414     0.414 r  clk_IBUF_inst/O
                         net (fo=1, routed)           0.685     1.099    clk_IBUF
    BUFGCTRL_X0Y0        BUFG (Prop_bufg_I_O)         0.029     1.128 r  clk_IBUF_BUFG_inst/O
                         net (fo=333, routed)         0.858     1.985    u_motor/clk_IBUF_BUFG
    SLICE_X6Y15          FDCE                                         r  u_motor/r_duty_reg[0]/C
                         clock pessimism             -0.499     1.486    
    SLICE_X6Y15          FDCE (Hold_fdce_C_D)         0.120     1.606    u_motor/r_duty_reg[0]
  -------------------------------------------------------------------
                         required time                         -1.606    
                         arrival time                           1.830    
  -------------------------------------------------------------------
                         slack                                  0.224    

Slack (MET) :             0.231ns  (arrival time - required time)
  Source:                 u_btn2_debouncer/r_clean_btn_reg/C
                            (rising edge-triggered cell FDCE clocked by sys_clk_pin  {rise@0.000ns fall@5.000ns period=10.000ns})
  Destination:            u_btn2_debouncer/r_counter_reg[17]/D
                            (rising edge-triggered cell FDCE clocked by sys_clk_pin  {rise@0.000ns fall@5.000ns period=10.000ns})
  Path Group:             sys_clk_pin
  Path Type:              Hold (Min at Fast Process Corner)
  Requirement:            0.000ns  (sys_clk_pin rise@0.000ns - sys_clk_pin rise@0.000ns)
  Data Path Delay:        0.354ns  (logic 0.189ns (53.439%)  route 0.165ns (46.561%))
  Logic Levels:           1  (LUT4=1)
  Clock Path Skew:        0.016ns (DCD - SCD - CPR)
    Destination Clock Delay (DCD):    1.989ns
    Source Clock Delay      (SCD):    1.474ns
    Clock Pessimism Removal (CPR):    0.499ns

    Location             Delay type                Incr(ns)  Path(ns)    Netlist Resource(s)
  -------------------------------------------------------------------    -------------------
                         (clock sys_clk_pin rise edge)
                                                      0.000     0.000 r  
    W5                                                0.000     0.000 r  clk (IN)
                         net (fo=0)                   0.000     0.000    clk
    W5                   IBUF (Prop_ibuf_I_O)         0.226     0.226 r  clk_IBUF_inst/O
                         net (fo=1, routed)           0.631     0.858    clk_IBUF
    BUFGCTRL_X0Y0        BUFG (Prop_bufg_I_O)         0.026     0.884 r  clk_IBUF_BUFG_inst/O
                         net (fo=333, routed)         0.591     1.474    u_btn2_debouncer/clk_IBUF_BUFG
    SLICE_X3Y14          FDCE                                         r  u_btn2_debouncer/r_clean_btn_reg/C
  -------------------------------------------------------------------    -------------------
    SLICE_X3Y14          FDCE (Prop_fdce_C_Q)         0.141     1.615 r  u_btn2_debouncer/r_clean_btn_reg/Q
                         net (fo=27, routed)          0.165     1.780    u_btn2_debouncer/r_clean_btn_reg_0
    SLICE_X3Y12          LUT4 (Prop_lut4_I1_O)        0.048     1.828 r  u_btn2_debouncer/r_counter[17]_i_1__1/O
                         net (fo=1, routed)           0.000     1.828    u_btn2_debouncer/p_0_in[17]
    SLICE_X3Y12          FDCE                                         r  u_btn2_debouncer/r_counter_reg[17]/D
  -------------------------------------------------------------------    -------------------

                         (clock sys_clk_pin rise edge)
                                                      0.000     0.000 r  
    W5                                                0.000     0.000 r  clk (IN)
                         net (fo=0)                   0.000     0.000    clk
    W5                   IBUF (Prop_ibuf_I_O)         0.414     0.414 r  clk_IBUF_inst/O
                         net (fo=1, routed)           0.685     1.099    clk_IBUF
    BUFGCTRL_X0Y0        BUFG (Prop_bufg_I_O)         0.029     1.128 r  clk_IBUF_BUFG_inst/O
                         net (fo=333, routed)         0.862     1.989    u_btn2_debouncer/clk_IBUF_BUFG
    SLICE_X3Y12          FDCE                                         r  u_btn2_debouncer/r_counter_reg[17]/C
                         clock pessimism             -0.499     1.490    
    SLICE_X3Y12          FDCE (Hold_fdce_C_D)         0.107     1.597    u_btn2_debouncer/r_counter_reg[17]
  -------------------------------------------------------------------
                         required time                         -1.597    
                         arrival time                           1.828    
  -------------------------------------------------------------------
                         slack                                  0.231    

Slack (MET) :             0.244ns  (arrival time - required time)
  Source:                 u_btn2_debouncer/r_clean_btn_reg/C
                            (rising edge-triggered cell FDCE clocked by sys_clk_pin  {rise@0.000ns fall@5.000ns period=10.000ns})
  Destination:            u_btn2_debouncer/r_counter_reg[14]/D
                            (rising edge-triggered cell FDCE clocked by sys_clk_pin  {rise@0.000ns fall@5.000ns period=10.000ns})
  Path Group:             sys_clk_pin
  Path Type:              Hold (Min at Fast Process Corner)
  Requirement:            0.000ns  (sys_clk_pin rise@0.000ns - sys_clk_pin rise@0.000ns)
  Data Path Delay:        0.351ns  (logic 0.186ns (53.041%)  route 0.165ns (46.959%))
  Logic Levels:           1  (LUT4=1)
  Clock Path Skew:        0.016ns (DCD - SCD - CPR)
    Destination Clock Delay (DCD):    1.989ns
    Source Clock Delay      (SCD):    1.474ns
    Clock Pessimism Removal (CPR):    0.499ns

    Location             Delay type                Incr(ns)  Path(ns)    Netlist Resource(s)
  -------------------------------------------------------------------    -------------------
                         (clock sys_clk_pin rise edge)
                                                      0.000     0.000 r  
    W5                                                0.000     0.000 r  clk (IN)
                         net (fo=0)                   0.000     0.000    clk
    W5                   IBUF (Prop_ibuf_I_O)         0.226     0.226 r  clk_IBUF_inst/O
                         net (fo=1, routed)           0.631     0.858    clk_IBUF
    BUFGCTRL_X0Y0        BUFG (Prop_bufg_I_O)         0.026     0.884 r  clk_IBUF_BUFG_inst/O
                         net (fo=333, routed)         0.591     1.474    u_btn2_debouncer/clk_IBUF_BUFG
    SLICE_X3Y14          FDCE                                         r  u_btn2_debouncer/r_clean_btn_reg/C
  -------------------------------------------------------------------    -------------------
    SLICE_X3Y14          FDCE (Prop_fdce_C_Q)         0.141     1.615 r  u_btn2_debouncer/r_clean_btn_reg/Q
                         net (fo=27, routed)          0.165     1.780    u_btn2_debouncer/r_clean_btn_reg_0
    SLICE_X3Y12          LUT4 (Prop_lut4_I1_O)        0.045     1.825 r  u_btn2_debouncer/r_counter[14]_i_1__1/O
                         net (fo=1, routed)           0.000     1.825    u_btn2_debouncer/p_0_in[14]
    SLICE_X3Y12          FDCE                                         r  u_btn2_debouncer/r_counter_reg[14]/D
  -------------------------------------------------------------------    -------------------

                         (clock sys_clk_pin rise edge)
                                                      0.000     0.000 r  
    W5                                                0.000     0.000 r  clk (IN)
                         net (fo=0)                   0.000     0.000    clk
    W5                   IBUF (Prop_ibuf_I_O)         0.414     0.414 r  clk_IBUF_inst/O
                         net (fo=1, routed)           0.685     1.099    clk_IBUF
    BUFGCTRL_X0Y0        BUFG (Prop_bufg_I_O)         0.029     1.128 r  clk_IBUF_BUFG_inst/O
                         net (fo=333, routed)         0.862     1.989    u_btn2_debouncer/clk_IBUF_BUFG
    SLICE_X3Y12          FDCE                                         r  u_btn2_debouncer/r_counter_reg[14]/C
                         clock pessimism             -0.499     1.490    
    SLICE_X3Y12          FDCE (Hold_fdce_C_D)         0.091     1.581    u_btn2_debouncer/r_counter_reg[14]
  -------------------------------------------------------------------
                         required time                         -1.581    
                         arrival time                           1.825    
  -------------------------------------------------------------------
                         slack                                  0.244    

Slack (MET) :             0.250ns  (arrival time - required time)
  Source:                 u_motor/r_cnt_pwm_reg[0]/C
                            (rising edge-triggered cell FDCE clocked by sys_clk_pin  {rise@0.000ns fall@5.000ns period=10.000ns})
  Destination:            u_motor/r_cnt_pwm_reg[3]/D
                            (rising edge-triggered cell FDCE clocked by sys_clk_pin  {rise@0.000ns fall@5.000ns period=10.000ns})
  Path Group:             sys_clk_pin
  Path Type:              Hold (Min at Fast Process Corner)
  Requirement:            0.000ns  (sys_clk_pin rise@0.000ns - sys_clk_pin rise@0.000ns)
  Data Path Delay:        0.381ns  (logic 0.207ns (54.330%)  route 0.174ns (45.670%))
  Logic Levels:           1  (LUT4=1)
  Clock Path Skew:        0.000ns (DCD - SCD - CPR)
    Destination Clock Delay (DCD):    1.984ns
    Source Clock Delay      (SCD):    1.471ns
    Clock Pessimism Removal (CPR):    0.513ns

    Location             Delay type                Incr(ns)  Path(ns)    Netlist Resource(s)
  -------------------------------------------------------------------    -------------------
                         (clock sys_clk_pin rise edge)
                                                      0.000     0.000 r  
    W5                                                0.000     0.000 r  clk (IN)
                         net (fo=0)                   0.000     0.000    clk
    W5                   IBUF (Prop_ibuf_I_O)         0.226     0.226 r  clk_IBUF_inst/O
                         net (fo=1, routed)           0.631     0.858    clk_IBUF
    BUFGCTRL_X0Y0        BUFG (Prop_bufg_I_O)         0.026     0.884 r  clk_IBUF_BUFG_inst/O
                         net (fo=333, routed)         0.588     1.471    u_motor/clk_IBUF_BUFG
    SLICE_X6Y16          FDCE                                         r  u_motor/r_cnt_pwm_reg[0]/C
  -------------------------------------------------------------------    -------------------
    SLICE_X6Y16          FDCE (Prop_fdce_C_Q)         0.164     1.635 r  u_motor/r_cnt_pwm_reg[0]/Q
                         net (fo=5, routed)           0.174     1.809    u_motor/r_cnt_pwm_reg[0]
    SLICE_X6Y16          LUT4 (Prop_lut4_I0_O)        0.043     1.852 r  u_motor/r_cnt_pwm[3]_i_1/O
                         net (fo=1, routed)           0.000     1.852    u_motor/p_0_in[3]
    SLICE_X6Y16          FDCE                                         r  u_motor/r_cnt_pwm_reg[3]/D
  -------------------------------------------------------------------    -------------------

                         (clock sys_clk_pin rise edge)
                                                      0.000     0.000 r  
    W5                                                0.000     0.000 r  clk (IN)
                         net (fo=0)                   0.000     0.000    clk
    W5                   IBUF (Prop_ibuf_I_O)         0.414     0.414 r  clk_IBUF_inst/O
                         net (fo=1, routed)           0.685     1.099    clk_IBUF
    BUFGCTRL_X0Y0        BUFG (Prop_bufg_I_O)         0.029     1.128 r  clk_IBUF_BUFG_inst/O
                         net (fo=333, routed)         0.857     1.984    u_motor/clk_IBUF_BUFG
    SLICE_X6Y16          FDCE                                         r  u_motor/r_cnt_pwm_reg[3]/C
                         clock pessimism             -0.513     1.471    
    SLICE_X6Y16          FDCE (Hold_fdce_C_D)         0.131     1.602    u_motor/r_cnt_pwm_reg[3]
  -------------------------------------------------------------------
                         required time                         -1.602    
                         arrival time                           1.852    
  -------------------------------------------------------------------
                         slack                                  0.250    

Slack (MET) :             0.251ns  (arrival time - required time)
  Source:                 u_melody/FSM_sequential_r_state_reg[2]/C
                            (rising edge-triggered cell FDCE clocked by sys_clk_pin  {rise@0.000ns fall@5.000ns period=10.000ns})
  Destination:            u_melody/r_dur_cnt_reg[0]/D
                            (rising edge-triggered cell FDRE clocked by sys_clk_pin  {rise@0.000ns fall@5.000ns period=10.000ns})
  Path Group:             sys_clk_pin
  Path Type:              Hold (Min at Fast Process Corner)
  Requirement:            0.000ns  (sys_clk_pin rise@0.000ns - sys_clk_pin rise@0.000ns)
  Data Path Delay:        0.357ns  (logic 0.186ns (52.098%)  route 0.171ns (47.902%))
  Logic Levels:           1  (LUT6=1)
  Clock Path Skew:        0.015ns (DCD - SCD - CPR)
    Destination Clock Delay (DCD):    1.986ns
    Source Clock Delay      (SCD):    1.472ns
    Clock Pessimism Removal (CPR):    0.499ns

    Location             Delay type                Incr(ns)  Path(ns)    Netlist Resource(s)
  -------------------------------------------------------------------    -------------------
                         (clock sys_clk_pin rise edge)
                                                      0.000     0.000 r  
    W5                                                0.000     0.000 r  clk (IN)
                         net (fo=0)                   0.000     0.000    clk
    W5                   IBUF (Prop_ibuf_I_O)         0.226     0.226 r  clk_IBUF_inst/O
                         net (fo=1, routed)           0.631     0.858    clk_IBUF
    BUFGCTRL_X0Y0        BUFG (Prop_bufg_I_O)         0.026     0.884 r  clk_IBUF_BUFG_inst/O
                         net (fo=333, routed)         0.589     1.472    u_melody/clk_IBUF_BUFG
    SLICE_X5Y15          FDCE                                         r  u_melody/FSM_sequential_r_state_reg[2]/C
  -------------------------------------------------------------------    -------------------
    SLICE_X5Y15          FDCE (Prop_fdce_C_Q)         0.141     1.613 r  u_melody/FSM_sequential_r_state_reg[2]/Q
                         net (fo=40, routed)          0.171     1.784    u_melody/r_state__0[2]
    SLICE_X4Y14          LUT6 (Prop_lut6_I0_O)        0.045     1.829 r  u_melody/r_dur_cnt[0]_i_1/O
                         net (fo=1, routed)           0.000     1.829    u_melody/r_dur_cnt[0]_i_1_n_0
    SLICE_X4Y14          FDRE                                         r  u_melody/r_dur_cnt_reg[0]/D
  -------------------------------------------------------------------    -------------------

                         (clock sys_clk_pin rise edge)
                                                      0.000     0.000 r  
    W5                                                0.000     0.000 r  clk (IN)
                         net (fo=0)                   0.000     0.000    clk
    W5                   IBUF (Prop_ibuf_I_O)         0.414     0.414 r  clk_IBUF_inst/O
                         net (fo=1, routed)           0.685     1.099    clk_IBUF
    BUFGCTRL_X0Y0        BUFG (Prop_bufg_I_O)         0.029     1.128 r  clk_IBUF_BUFG_inst/O
                         net (fo=333, routed)         0.859     1.986    u_melody/clk_IBUF_BUFG
    SLICE_X4Y14          FDRE                                         r  u_melody/r_dur_cnt_reg[0]/C
                         clock pessimism             -0.499     1.487    
    SLICE_X4Y14          FDRE (Hold_fdre_C_D)         0.091     1.578    u_melody/r_dur_cnt_reg[0]
  -------------------------------------------------------------------
                         required time                         -1.578    
                         arrival time                           1.829    
  -------------------------------------------------------------------
                         slack                                  0.251    

Slack (MET) :             0.261ns  (arrival time - required time)
  Source:                 u_fnd/u_fnd_digit_select/r_blink_counter_reg[28]/C
                            (rising edge-triggered cell FDRE clocked by sys_clk_pin  {rise@0.000ns fall@5.000ns period=10.000ns})
  Destination:            u_fnd/u_fnd_digit_select/r_blink_counter_reg[28]/D
                            (rising edge-triggered cell FDRE clocked by sys_clk_pin  {rise@0.000ns fall@5.000ns period=10.000ns})
  Path Group:             sys_clk_pin
  Path Type:              Hold (Min at Fast Process Corner)
  Requirement:            0.000ns  (sys_clk_pin rise@0.000ns - sys_clk_pin rise@0.000ns)
  Data Path Delay:        0.366ns  (logic 0.249ns (67.994%)  route 0.117ns (32.006%))
  Logic Levels:           1  (CARRY4=1)
  Clock Path Skew:        0.000ns (DCD - SCD - CPR)
    Destination Clock Delay (DCD):    1.957ns
    Source Clock Delay      (SCD):    1.445ns
    Clock Pessimism Removal (CPR):    0.512ns

    Location             Delay type                Incr(ns)  Path(ns)    Netlist Resource(s)
  -------------------------------------------------------------------    -------------------
                         (clock sys_clk_pin rise edge)
                                                      0.000     0.000 r  
    W5                                                0.000     0.000 r  clk (IN)
                         net (fo=0)                   0.000     0.000    clk
    W5                   IBUF (Prop_ibuf_I_O)         0.226     0.226 r  clk_IBUF_inst/O
                         net (fo=1, routed)           0.631     0.858    clk_IBUF
    BUFGCTRL_X0Y0        BUFG (Prop_bufg_I_O)         0.026     0.884 r  clk_IBUF_BUFG_inst/O
                         net (fo=333, routed)         0.562     1.445    u_fnd/u_fnd_digit_select/clk_IBUF_BUFG
    SLICE_X13Y15         FDRE                                         r  u_fnd/u_fnd_digit_select/r_blink_counter_reg[28]/C
  -------------------------------------------------------------------    -------------------
    SLICE_X13Y15         FDRE (Prop_fdre_C_Q)         0.141     1.586 r  u_fnd/u_fnd_digit_select/r_blink_counter_reg[28]/Q
                         net (fo=2, routed)           0.117     1.703    u_fnd/u_fnd_digit_select/r_blink_counter[28]
    SLICE_X13Y15         CARRY4 (Prop_carry4_S[3]_O[3])
                                                      0.108     1.811 r  u_fnd/u_fnd_digit_select/r_blink_counter0_carry__5/O[3]
                         net (fo=1, routed)           0.000     1.811    u_fnd/u_fnd_digit_select/r_blink_counter0[28]
    SLICE_X13Y15         FDRE                                         r  u_fnd/u_fnd_digit_select/r_blink_counter_reg[28]/D
  -------------------------------------------------------------------    -------------------

                         (clock sys_clk_pin rise edge)
                                                      0.000     0.000 r  
    W5                                                0.000     0.000 r  clk (IN)
                         net (fo=0)                   0.000     0.000    clk
    W5                   IBUF (Prop_ibuf_I_O)         0.414     0.414 r  clk_IBUF_inst/O
                         net (fo=1, routed)           0.685     1.099    clk_IBUF
    BUFGCTRL_X0Y0        BUFG (Prop_bufg_I_O)         0.029     1.128 r  clk_IBUF_BUFG_inst/O
                         net (fo=333, routed)         0.830     1.957    u_fnd/u_fnd_digit_select/clk_IBUF_BUFG
    SLICE_X13Y15         FDRE                                         r  u_fnd/u_fnd_digit_select/r_blink_counter_reg[28]/C
                         clock pessimism             -0.512     1.445    
    SLICE_X13Y15         FDRE (Hold_fdre_C_D)         0.105     1.550    u_fnd/u_fnd_digit_select/r_blink_counter_reg[28]
  -------------------------------------------------------------------
                         required time                         -1.550    
                         arrival time                           1.811    
  -------------------------------------------------------------------
                         slack                                  0.261    

Slack (MET) :             0.262ns  (arrival time - required time)
  Source:                 u_motor/r_cnt_pwm_reg[0]/C
                            (rising edge-triggered cell FDCE clocked by sys_clk_pin  {rise@0.000ns fall@5.000ns period=10.000ns})
  Destination:            u_motor/r_cnt_pwm_reg[1]/D
                            (rising edge-triggered cell FDCE clocked by sys_clk_pin  {rise@0.000ns fall@5.000ns period=10.000ns})
  Path Group:             sys_clk_pin
  Path Type:              Hold (Min at Fast Process Corner)
  Requirement:            0.000ns  (sys_clk_pin rise@0.000ns - sys_clk_pin rise@0.000ns)
  Data Path Delay:        0.383ns  (logic 0.209ns (54.569%)  route 0.174ns (45.431%))
  Logic Levels:           1  (LUT3=1)
  Clock Path Skew:        0.000ns (DCD - SCD - CPR)
    Destination Clock Delay (DCD):    1.984ns
    Source Clock Delay      (SCD):    1.471ns
    Clock Pessimism Removal (CPR):    0.513ns

    Location             Delay type                Incr(ns)  Path(ns)    Netlist Resource(s)
  -------------------------------------------------------------------    -------------------
                         (clock sys_clk_pin rise edge)
                                                      0.000     0.000 r  
    W5                                                0.000     0.000 r  clk (IN)
                         net (fo=0)                   0.000     0.000    clk
    W5                   IBUF (Prop_ibuf_I_O)         0.226     0.226 r  clk_IBUF_inst/O
                         net (fo=1, routed)           0.631     0.858    clk_IBUF
    BUFGCTRL_X0Y0        BUFG (Prop_bufg_I_O)         0.026     0.884 r  clk_IBUF_BUFG_inst/O
                         net (fo=333, routed)         0.588     1.471    u_motor/clk_IBUF_BUFG
    SLICE_X6Y16          FDCE                                         r  u_motor/r_cnt_pwm_reg[0]/C
  -------------------------------------------------------------------    -------------------
    SLICE_X6Y16          FDCE (Prop_fdce_C_Q)         0.164     1.635 r  u_motor/r_cnt_pwm_reg[0]/Q
                         net (fo=5, routed)           0.174     1.809    u_motor/r_cnt_pwm_reg[0]
    SLICE_X6Y16          LUT3 (Prop_lut3_I0_O)        0.045     1.854 r  u_motor/r_cnt_pwm[1]_i_1/O
                         net (fo=1, routed)           0.000     1.854    u_motor/p_0_in[1]
    SLICE_X6Y16          FDCE                                         r  u_motor/r_cnt_pwm_reg[1]/D
  -------------------------------------------------------------------    -------------------

                         (clock sys_clk_pin rise edge)
                                                      0.000     0.000 r  
    W5                                                0.000     0.000 r  clk (IN)
                         net (fo=0)                   0.000     0.000    clk
    W5                   IBUF (Prop_ibuf_I_O)         0.414     0.414 r  clk_IBUF_inst/O
                         net (fo=1, routed)           0.685     1.099    clk_IBUF
    BUFGCTRL_X0Y0        BUFG (Prop_bufg_I_O)         0.029     1.128 r  clk_IBUF_BUFG_inst/O
                         net (fo=333, routed)         0.857     1.984    u_motor/clk_IBUF_BUFG
    SLICE_X6Y16          FDCE                                         r  u_motor/r_cnt_pwm_reg[1]/C
                         clock pessimism             -0.513     1.471    
    SLICE_X6Y16          FDCE (Hold_fdce_C_D)         0.121     1.592    u_motor/r_cnt_pwm_reg[1]
  -------------------------------------------------------------------
                         required time                         -1.592    
                         arrival time                           1.854    
  -------------------------------------------------------------------
                         slack                                  0.262    

Slack (MET) :             0.263ns  (arrival time - required time)
  Source:                 u_fnd/u_fnd_digit_select/r_blink_counter_reg[16]/C
                            (rising edge-triggered cell FDRE clocked by sys_clk_pin  {rise@0.000ns fall@5.000ns period=10.000ns})
  Destination:            u_fnd/u_fnd_digit_select/r_blink_counter_reg[16]/D
                            (rising edge-triggered cell FDRE clocked by sys_clk_pin  {rise@0.000ns fall@5.000ns period=10.000ns})
  Path Group:             sys_clk_pin
  Path Type:              Hold (Min at Fast Process Corner)
  Requirement:            0.000ns  (sys_clk_pin rise@0.000ns - sys_clk_pin rise@0.000ns)
  Data Path Delay:        0.368ns  (logic 0.249ns (67.612%)  route 0.119ns (32.388%))
  Logic Levels:           1  (CARRY4=1)
  Clock Path Skew:        0.000ns (DCD - SCD - CPR)
    Destination Clock Delay (DCD):    1.959ns
    Source Clock Delay      (SCD):    1.446ns
    Clock Pessimism Removal (CPR):    0.513ns

    Location             Delay type                Incr(ns)  Path(ns)    Netlist Resource(s)
  -------------------------------------------------------------------    -------------------
                         (clock sys_clk_pin rise edge)
                                                      0.000     0.000 r  
    W5                                                0.000     0.000 r  clk (IN)
                         net (fo=0)                   0.000     0.000    clk
    W5                   IBUF (Prop_ibuf_I_O)         0.226     0.226 r  clk_IBUF_inst/O
                         net (fo=1, routed)           0.631     0.858    clk_IBUF
    BUFGCTRL_X0Y0        BUFG (Prop_bufg_I_O)         0.026     0.884 r  clk_IBUF_BUFG_inst/O
                         net (fo=333, routed)         0.563     1.446    u_fnd/u_fnd_digit_select/clk_IBUF_BUFG
    SLICE_X13Y12         FDRE                                         r  u_fnd/u_fnd_digit_select/r_blink_counter_reg[16]/C
  -------------------------------------------------------------------    -------------------
    SLICE_X13Y12         FDRE (Prop_fdre_C_Q)         0.141     1.587 r  u_fnd/u_fnd_digit_select/r_blink_counter_reg[16]/Q
                         net (fo=2, routed)           0.119     1.706    u_fnd/u_fnd_digit_select/r_blink_counter[16]
    SLICE_X13Y12         CARRY4 (Prop_carry4_S[3]_O[3])
                                                      0.108     1.814 r  u_fnd/u_fnd_digit_select/r_blink_counter0_carry__2/O[3]
                         net (fo=1, routed)           0.000     1.814    u_fnd/u_fnd_digit_select/r_blink_counter0[16]
    SLICE_X13Y12         FDRE                                         r  u_fnd/u_fnd_digit_select/r_blink_counter_reg[16]/D
  -------------------------------------------------------------------    -------------------

                         (clock sys_clk_pin rise edge)
                                                      0.000     0.000 r  
    W5                                                0.000     0.000 r  clk (IN)
                         net (fo=0)                   0.000     0.000    clk
    W5                   IBUF (Prop_ibuf_I_O)         0.414     0.414 r  clk_IBUF_inst/O
                         net (fo=1, routed)           0.685     1.099    clk_IBUF
    BUFGCTRL_X0Y0        BUFG (Prop_bufg_I_O)         0.029     1.128 r  clk_IBUF_BUFG_inst/O
                         net (fo=333, routed)         0.832     1.959    u_fnd/u_fnd_digit_select/clk_IBUF_BUFG
    SLICE_X13Y12         FDRE                                         r  u_fnd/u_fnd_digit_select/r_blink_counter_reg[16]/C
                         clock pessimism             -0.513     1.446    
    SLICE_X13Y12         FDRE (Hold_fdre_C_D)         0.105     1.551    u_fnd/u_fnd_digit_select/r_blink_counter_reg[16]
  -------------------------------------------------------------------
                         required time                         -1.551    
                         arrival time                           1.814    
  -------------------------------------------------------------------
                         slack                                  0.263    

Slack (MET) :             0.263ns  (arrival time - required time)
  Source:                 u_fnd/u_fnd_digit_select/r_blink_counter_reg[8]/C
                            (rising edge-triggered cell FDRE clocked by sys_clk_pin  {rise@0.000ns fall@5.000ns period=10.000ns})
  Destination:            u_fnd/u_fnd_digit_select/r_blink_counter_reg[8]/D
                            (rising edge-triggered cell FDRE clocked by sys_clk_pin  {rise@0.000ns fall@5.000ns period=10.000ns})
  Path Group:             sys_clk_pin
  Path Type:              Hold (Min at Fast Process Corner)
  Requirement:            0.000ns  (sys_clk_pin rise@0.000ns - sys_clk_pin rise@0.000ns)
  Data Path Delay:        0.368ns  (logic 0.249ns (67.612%)  route 0.119ns (32.388%))
  Logic Levels:           1  (CARRY4=1)
  Clock Path Skew:        0.000ns (DCD - SCD - CPR)
    Destination Clock Delay (DCD):    1.961ns
    Source Clock Delay      (SCD):    1.447ns
    Clock Pessimism Removal (CPR):    0.514ns

    Location             Delay type                Incr(ns)  Path(ns)    Netlist Resource(s)
  -------------------------------------------------------------------    -------------------
                         (clock sys_clk_pin rise edge)
                                                      0.000     0.000 r  
    W5                                                0.000     0.000 r  clk (IN)
                         net (fo=0)                   0.000     0.000    clk
    W5                   IBUF (Prop_ibuf_I_O)         0.226     0.226 r  clk_IBUF_inst/O
                         net (fo=1, routed)           0.631     0.858    clk_IBUF
    BUFGCTRL_X0Y0        BUFG (Prop_bufg_I_O)         0.026     0.884 r  clk_IBUF_BUFG_inst/O
                         net (fo=333, routed)         0.564     1.447    u_fnd/u_fnd_digit_select/clk_IBUF_BUFG
    SLICE_X13Y10         FDRE                                         r  u_fnd/u_fnd_digit_select/r_blink_counter_reg[8]/C
  -------------------------------------------------------------------    -------------------
    SLICE_X13Y10         FDRE (Prop_fdre_C_Q)         0.141     1.588 r  u_fnd/u_fnd_digit_select/r_blink_counter_reg[8]/Q
                         net (fo=2, routed)           0.119     1.707    u_fnd/u_fnd_digit_select/r_blink_counter[8]
    SLICE_X13Y10         CARRY4 (Prop_carry4_S[3]_O[3])
                                                      0.108     1.815 r  u_fnd/u_fnd_digit_select/r_blink_counter0_carry__0/O[3]
                         net (fo=1, routed)           0.000     1.815    u_fnd/u_fnd_digit_select/r_blink_counter0[8]
    SLICE_X13Y10         FDRE                                         r  u_fnd/u_fnd_digit_select/r_blink_counter_reg[8]/D
  -------------------------------------------------------------------    -------------------

                         (clock sys_clk_pin rise edge)
                                                      0.000     0.000 r  
    W5                                                0.000     0.000 r  clk (IN)
                         net (fo=0)                   0.000     0.000    clk
    W5                   IBUF (Prop_ibuf_I_O)         0.414     0.414 r  clk_IBUF_inst/O
                         net (fo=1, routed)           0.685     1.099    clk_IBUF
    BUFGCTRL_X0Y0        BUFG (Prop_bufg_I_O)         0.029     1.128 r  clk_IBUF_BUFG_inst/O
                         net (fo=333, routed)         0.834     1.961    u_fnd/u_fnd_digit_select/clk_IBUF_BUFG
    SLICE_X13Y10         FDRE                                         r  u_fnd/u_fnd_digit_select/r_blink_counter_reg[8]/C
                         clock pessimism             -0.514     1.447    
    SLICE_X13Y10         FDRE (Hold_fdre_C_D)         0.105     1.552    u_fnd/u_fnd_digit_select/r_blink_counter_reg[8]
  -------------------------------------------------------------------
                         required time                         -1.552    
                         arrival time                           1.815    
  -------------------------------------------------------------------
                         slack                                  0.263    





Pulse Width Checks
--------------------------------------------------------------------------------------
Clock Name:         sys_clk_pin
Waveform(ns):       { 0.000 5.000 }
Period(ns):         10.000
Sources:            { clk }

Check Type        Corner  Lib Pin  Reference Pin  Required(ns)  Actual(ns)  Slack(ns)  Location       Pin
Min Period        n/a     BUFG/I   n/a            2.155         10.000      7.845      BUFGCTRL_X0Y0  clk_IBUF_BUFG_inst/I
Min Period        n/a     FDCE/C   n/a            1.000         10.000      9.000      SLICE_X14Y13   u_btn0_debouncer/r_clean_btn_reg/C
Min Period        n/a     FDCE/C   n/a            1.000         10.000      9.000      SLICE_X15Y6    u_btn0_debouncer/r_counter_reg[0]/C
Min Period        n/a     FDCE/C   n/a            1.000         10.000      9.000      SLICE_X15Y9    u_btn0_debouncer/r_counter_reg[10]/C
Min Period        n/a     FDCE/C   n/a            1.000         10.000      9.000      SLICE_X15Y8    u_btn0_debouncer/r_counter_reg[11]/C
Min Period        n/a     FDCE/C   n/a            1.000         10.000      9.000      SLICE_X15Y8    u_btn0_debouncer/r_counter_reg[12]/C
Min Period        n/a     FDCE/C   n/a            1.000         10.000      9.000      SLICE_X15Y9    u_btn0_debouncer/r_counter_reg[13]/C
Min Period        n/a     FDCE/C   n/a            1.000         10.000      9.000      SLICE_X15Y10   u_btn0_debouncer/r_counter_reg[14]/C
Min Period        n/a     FDCE/C   n/a            1.000         10.000      9.000      SLICE_X15Y9    u_btn0_debouncer/r_counter_reg[15]/C
Min Period        n/a     FDCE/C   n/a            1.000         10.000      9.000      SLICE_X15Y9    u_btn0_debouncer/r_counter_reg[16]/C
Low Pulse Width   Slow    FDCE/C   n/a            0.500         5.000       4.500      SLICE_X14Y13   u_btn0_debouncer/r_clean_btn_reg/C
Low Pulse Width   Fast    FDCE/C   n/a            0.500         5.000       4.500      SLICE_X14Y13   u_btn0_debouncer/r_clean_btn_reg/C
Low Pulse Width   Slow    FDCE/C   n/a            0.500         5.000       4.500      SLICE_X15Y6    u_btn0_debouncer/r_counter_reg[0]/C
Low Pulse Width   Fast    FDCE/C   n/a            0.500         5.000       4.500      SLICE_X15Y6    u_btn0_debouncer/r_counter_reg[0]/C
Low Pulse Width   Slow    FDCE/C   n/a            0.500         5.000       4.500      SLICE_X15Y9    u_btn0_debouncer/r_counter_reg[10]/C
Low Pulse Width   Fast    FDCE/C   n/a            0.500         5.000       4.500      SLICE_X15Y9    u_btn0_debouncer/r_counter_reg[10]/C
Low Pulse Width   Slow    FDCE/C   n/a            0.500         5.000       4.500      SLICE_X15Y8    u_btn0_debouncer/r_counter_reg[11]/C
Low Pulse Width   Fast    FDCE/C   n/a            0.500         5.000       4.500      SLICE_X15Y8    u_btn0_debouncer/r_counter_reg[11]/C
Low Pulse Width   Slow    FDCE/C   n/a            0.500         5.000       4.500      SLICE_X15Y8    u_btn0_debouncer/r_counter_reg[12]/C
Low Pulse Width   Fast    FDCE/C   n/a            0.500         5.000       4.500      SLICE_X15Y8    u_btn0_debouncer/r_counter_reg[12]/C
High Pulse Width  Slow    FDCE/C   n/a            0.500         5.000       4.500      SLICE_X14Y13   u_btn0_debouncer/r_clean_btn_reg/C
High Pulse Width  Fast    FDCE/C   n/a            0.500         5.000       4.500      SLICE_X14Y13   u_btn0_debouncer/r_clean_btn_reg/C
High Pulse Width  Slow    FDCE/C   n/a            0.500         5.000       4.500      SLICE_X15Y6    u_btn0_debouncer/r_counter_reg[0]/C
High Pulse Width  Fast    FDCE/C   n/a            0.500         5.000       4.500      SLICE_X15Y6    u_btn0_debouncer/r_counter_reg[0]/C
High Pulse Width  Slow    FDCE/C   n/a            0.500         5.000       4.500      SLICE_X15Y9    u_btn0_debouncer/r_counter_reg[10]/C
High Pulse Width  Fast    FDCE/C   n/a            0.500         5.000       4.500      SLICE_X15Y9    u_btn0_debouncer/r_counter_reg[10]/C
High Pulse Width  Slow    FDCE/C   n/a            0.500         5.000       4.500      SLICE_X15Y8    u_btn0_debouncer/r_counter_reg[11]/C
High Pulse Width  Fast    FDCE/C   n/a            0.500         5.000       4.500      SLICE_X15Y8    u_btn0_debouncer/r_counter_reg[11]/C
High Pulse Width  Slow    FDCE/C   n/a            0.500         5.000       4.500      SLICE_X15Y8    u_btn0_debouncer/r_counter_reg[12]/C
High Pulse Width  Fast    FDCE/C   n/a            0.500         5.000       4.500      SLICE_X15Y8    u_btn0_debouncer/r_counter_reg[12]/C



